GeoID,County,State,Year,D_Etab,D_Emp,D_Pay,G_Etab,G_Emp,G_Pay,Pop_2008,D_Cap,G_Cap,FD_num_2008,FD_pct_2008
1001,Autauga County,Alabama,2008,7,80,1100,6,218,4457,53277,7611,8879,17178,32.24
1003,Baldwin County,Alabama,2008,34,268,4205,25,1184,21442,175827,5171,7033,38819,22.08
1009,Blount County,Alabama,2008,9,63,783,8,129,1968,57055,6339,7131,14062,24.65
1015,Calhoun County,Alabama,2008,28,226,2979,29,816,13125,117274,4188,4043,30562,26.06
1017,Chambers County,Alabama,2008,9,60,832,7,214,3491,34563,3840,4937,6972,20.17
1019,Cherokee County,Alabama,2008,8,43,554,4,99,1611,25636,3204,6409,5655,22.06
1025,Clarke County,Alabama,2008,15,126,1739,6,126,2055,26283,1752,4380,9014,34.3
1027,Clay County,Alabama,2008,6,34,447,3,135,1494,14161,2360,4720,1537,10.85
1031,Coffee County,Alabama,2008,11,87,1138,7,179,3007,48516,4410,6930,12919,26.63
1039,Covington County,Alabama,2008,11,80,1045,8,265,4621,37545,3413,4693,8812,23.47
1043,Cullman County,Alabama,2008,21,159,2141,10,324,4375,80273,3822,8027,25312,31.53
1045,Dale County,Alabama,2008,10,78,853,6,162,2250,49871,4987,8311,16311,32.71
1047,Dallas County,Alabama,2008,12,99,1117,10,290,4923,44265,3688,4426,12210,27.58
1051,Elmore County,Alabama,2008,14,105,1237,11,450,7872,77698,5549,7063,21158,27.23
1053,Escambia County,Alabama,2008,14,103,1538,8,425,4937,37929,2709,4741,13175,34.74
1061,Geneva County,Alabama,2008,6,44,622,11,222,2935,26646,4441,2422,2256,8.47
1063,Greene County,Alabama,2008,4,32,405,3,64,859,9359,2339,3119,-2914,-31.14
1073,Jefferson County,Alabama,2008,97,964,14147,117,5524,103937,656510,6768,5611,125747,19.15
1075,Lamar County,Alabama,2008,6,43,478,4,114,1490,14799,2466,3699,1105,7.47
1077,Lauderdale County,Alabama,2008,25,181,2439,15,420,7006,92202,3688,6146,25890,28.08
1083,Limestone County,Alabama,2008,15,130,1626,10,355,7424,78835,5255,7883,20950,26.57
1089,Madison County,Alabama,2008,55,471,6469,36,2233,42401,323526,5882,8986,76278,23.58
1091,Marengo County,Alabama,2008,5,37,474,4,112,3129,21331,4266,5332,2904,13.61
1095,Marshall County,Alabama,2008,23,174,2323,20,565,7660,91072,3959,4553,25085,27.54
1097,Mobile County,Alabama,2008,89,764,10799,61,2372,40407,409196,4597,6708,106660,26.07
1099,Monroe County,Alabama,2008,7,67,760,7,219,3540,23393,3341,3341,4693,20.06
1101,Montgomery County,Alabama,2008,36,384,4711,36,1945,36899,227461,6318,6318,58722,25.82
1103,Morgan County,Alabama,2008,25,205,2628,23,714,12613,117694,4707,5117,29361,24.95
1107,Pickens County,Alabama,2008,10,63,970,4,155,1933,19951,1995,4987,4135,20.73
1109,Pike County,Alabama,2008,7,62,693,8,186,3279,32149,4592,4018,6754,21.01
1113,Russell County,Alabama,2008,13,123,1773,11,396,6033,51434,3956,4675,13324,25.91
1115,St. Clair County,Alabama,2008,15,122,1549,13,387,6780,81223,5414,6247,19715,24.27
1117,Shelby County,Alabama,2008,22,192,2815,25,1495,30378,188534,8569,7541,36110,19.15
1119,Sumter County,Alabama,2008,5,51,484,3,82,1047,13882,2776,4627,2977,21.45
1121,Talladega County,Alabama,2008,22,162,2121,8,402,7377,82735,3760,10341,28600,34.57
1125,Tuscaloosa County,Alabama,2008,33,293,3626,32,1523,28372,188093,5699,5877,47629,25.32
1127,Walker County,Alabama,2008,19,154,2080,15,449,6921,67835,3570,4522,18952,27.94
1131,Wilcox County,Alabama,2008,5,32,492,10,95,1276,12148,2429,1214,-6077,-50.02
2050,Bethel Census Area,Alaska,2008,15,259,3646,24,419,5820,16762,1117,698,8202,48.93
2110,Juneau City and Borough,Alaska,2008,3,36,934,8,367,9564,31110,10370,3888,7175,23.06
2122,Kenai Peninsula Borough,Alaska,2008,8,49,1212,20,647,18488,53655,6706,2682,-2337,-4.36
2188,Northwest Arctic Borough,Alaska,2008,4,26,363,6,107,2107,7466,1866,1244,-7232,-96.87
4001,Apache County,Arizona,2008,10,74,1280,10,329,6513,69883,6988,6988,13669,19.56
4003,Cochise County,Arizona,2008,29,211,2838,18,1114,22074,129023,4449,7167,35812,27.76
4005,Coconino County,Arizona,2008,16,160,1976,19,1379,26789,131853,8240,6939,34452,26.13
4009,Graham County,Arizona,2008,3,27,310,6,335,5918,36639,12213,6106,20524,56.02
4012,La Paz County,Arizona,2008,5,26,408,9,216,3713,20555,4111,2283,-782,-3.8
4013,Maricopa County,Arizona,2008,222,2465,38826,519,40111,726492,3771061,16986,7266,476129,12.63
4015,Mohave County,Arizona,2008,26,236,3295,20,1531,35442,200078,7695,10003,40150,20.07
4017,Navajo County,Arizona,2008,20,146,2136,19,819,16933,107626,5381,5664,21593,20.06
4019,Pima County,Arizona,2008,69,642,10399,128,9942,185663,967778,14025,7560,135410,13.99
4021,Pinal County,Arizona,2008,30,237,3435,35,1974,40609,335311,11177,9580,51548,15.37
4023,Santa Cruz County,Arizona,2008,15,96,1420,9,297,6424,46144,3076,5127,9780,21.19
4025,Yavapai County,Arizona,2008,22,202,2931,40,2455,48644,211211,9600,5280,40181,19.02
4027,Yuma County,Arizona,2008,20,166,2547,35,1435,26317,191202,9560,5462,32342,16.92
5005,Baxter County,Arkansas,2008,9,45,578,7,267,4126,41519,4613,5931,10119,24.37
5015,Carroll County,Arkansas,2008,6,45,484,5,179,2440,26822,4470,5364,7593,28.31
5027,Columbia County,Arkansas,2008,5,65,795,5,112,2155,24666,4933,4933,6278,25.45
5031,Craighead County,Arkansas,2008,19,151,2073,21,575,8465,93316,4911,4443,21385,22.92
5033,Crawford County,Arkansas,2008,9,89,1153,10,188,3252,60933,6770,6093,14623,24.0
5035,Crittenden County,Arkansas,2008,10,109,1132,11,329,5234,50699,5069,4609,15572,30.71
5051,Garland County,Arkansas,2008,21,157,2385,17,501,9233,95636,4554,5625,19907,20.82
5057,Hempstead County,Arkansas,2008,5,35,434,9,117,2015,22624,4524,2513,550,2.43
5061,Howard County,Arkansas,2008,5,41,559,4,68,981,13804,2760,3451,-1134,-8.22
5063,Independence County,Arkansas,2008,10,74,865,6,137,2512,35859,3585,5976,9467,26.4
5065,Izard County,Arkansas,2008,6,39,465,4,96,1289,13681,2280,3420,-374,-2.73
5069,Jefferson County,Arkansas,2008,17,179,2177,13,470,8586,78354,4609,6027,23647,30.18
5085,Lonoke County,Arkansas,2008,11,83,960,11,430,6782,66086,6007,6007,18070,27.34
5093,Mississippi County,Arkansas,2008,12,107,1466,12,335,5086,47037,3919,3919,10864,23.1
5113,Polk County,Arkansas,2008,6,60,706,6,55,826,20388,3398,3398,1960,9.61
5115,Pope County,Arkansas,2008,12,120,1138,8,395,6327,60528,5044,7566,23301,38.5
5119,Pulaski County,Arkansas,2008,51,481,6539,68,2968,56172,376567,7383,5537,71265,18.92
5123,St. Francis County,Arkansas,2008,5,41,461,7,113,1663,28110,5622,4015,5771,20.53
5125,Saline County,Arkansas,2008,19,113,1527,13,327,5760,102599,5399,7892,22591,22.02
5131,Sebastian County,Arkansas,2008,20,248,3176,19,565,10418,123762,6188,6513,31183,25.2
5139,Union County,Arkansas,2008,9,74,889,9,222,3203,42222,4691,4691,10197,24.15
5143,Washington County,Arkansas,2008,25,171,2329,23,1332,21970,197223,7888,8574,43590,22.1
6001,Alameda County,California,2008,55,744,12390,366,12446,344087,1477208,26858,4036,-8679,-0.59
6007,Butte County,California,2008,11,217,2894,50,1785,51311,219034,19912,4380,30639,13.99
6013,Contra Costa County,California,2008,44,647,9701,185,8871,256407,1023344,23257,5531,24454,2.39
6019,Fresno County,California,2008,56,774,9511,211,5249,138022,909630,16243,4311,54990,6.05
6023,Humboldt County,California,2008,20,143,1953,45,1496,37533,132657,6632,2947,13293,10.02
6025,Imperial County,California,2008,25,211,3270,40,1042,21499,167917,6716,4197,23119,13.77
6029,Kern County,California,2008,55,668,8771,186,5308,133096,818327,14878,4399,53900,6.59
6031,Kings County,California,2008,8,67,1034,26,764,18967,152027,19003,5847,31078,20.44
6033,Lake County,California,2008,4,51,494,25,602,16911,64392,16098,2575,19016,29.53
6037,Los Angeles County,California,2008,612,7482,138195,2058,75662,1796016,9735147,15907,4730,192828,1.98
6039,Madera County,California,2008,7,81,1139,36,1029,30128,148359,21194,4121,27646,18.63
6041,Marin County,California,2008,14,118,2451,63,3065,102101,248398,17742,3942,-3814,-1.54
6045,Mendocino County,California,2008,11,74,999,48,1415,37344,87468,7951,1822,2128,2.43
6047,Merced County,California,2008,7,168,2155,58,1370,35749,250538,35791,4319,59983,23.94
6053,Monterey County,California,2008,25,253,3854,103,3166,89195,406022,16240,3941,16479,4.06
6057,Nevada County,California,2008,4,38,550,27,1211,32614,98200,24550,3637,34541,35.17
6059,Orange County,California,2008,125,1682,27825,532,25581,624426,2957593,23660,5559,87543,2.96
6061,Placer County,California,2008,17,162,3117,55,3418,100331,337568,19856,6137,19665,5.83
6065,Riverside County,California,2008,85,1200,18791,340,15644,380449,2109712,24820,6205,87555,4.15
6067,Sacramento County,California,2008,61,1199,18228,263,10911,303847,1394438,22859,5302,38037,2.73
6071,San Bernardino County,California,2008,107,1575,24456,320,14341,329072,2003735,18726,6261,125143,6.25
6073,San Diego County,California,2008,130,1908,31512,603,23522,571098,3022116,23247,5011,73060,2.42
6075,San Francisco County,California,2008,35,299,6056,332,6985,190457,791152,22604,2382,-35773,-4.52
6077,San Joaquin County,California,2008,24,513,7238,157,4360,124433,671692,27987,4278,34603,5.15
6081,San Mateo County,California,2008,28,593,11743,166,6682,193893,703830,25136,4239,-4495,-0.64
6083,Santa Barbara County,California,2008,19,265,4265,105,3592,95786,415859,21887,3960,25730,6.19
6085,Santa Clara County,California,2008,68,814,12892,346,14548,404920,1740964,25602,5031,8308,0.48
6087,Santa Cruz County,California,2008,10,143,2123,68,2980,80262,256520,25652,3772,33979,13.25
6089,Shasta County,California,2008,12,153,2230,41,1499,41748,177247,14770,4323,20736,11.7
6095,Solano County,California,2008,15,312,4611,69,3005,83303,408972,27264,5927,46154,11.29
6097,Sonoma County,California,2008,30,326,4309,125,5675,154737,473091,15769,3784,23614,4.99
6099,Stanislaus County,California,2008,25,411,5367,130,4120,105719,509032,20361,3915,39200,7.7
6101,Sutter County,California,2008,3,53,647,25,636,17881,93855,31285,3754,48683,51.87
6107,Tulare County,California,2008,28,374,4321,121,2494,62725,429283,15331,3547,35928,8.37
6111,Ventura County,California,2008,57,720,12496,154,6281,163349,806353,14146,5236,34432,4.27
6113,Yolo County,California,2008,9,155,1819,40,1690,43273,197154,21906,4928,41179,20.89
8013,Boulder County,Colorado,2008,11,110,1850,44,3069,78550,290859,26441,6610,46693,16.05
8029,Delta County,Colorado,2008,5,49,554,9,252,6063,30712,6142,3412,5512,17.95
8031,Denver County,Colorado,2008,41,302,5237,107,4527,112182,575721,14041,5380,34446,5.98
8043,Fremont County,Colorado,2008,8,49,602,6,188,4876,47166,5895,7861,11653,24.71
8069,Larimer County,Colorado,2008,11,77,1222,31,2060,51715,291650,26513,9408,52892,18.14
8087,Morgan County,Colorado,2008,6,39,448,6,167,3692,27701,4616,4616,4629,16.71
8099,Prowers County,Colorado,2008,4,78,2624,4,74,2161,12663,3165,3165,-14895,-117.63
8123,Weld County,Colorado,2008,15,121,1677,27,1191,29508,243442,16229,9016,38053,15.63
9001,Fairfield County,Connecticut,2008,43,271,3434,214,9877,263924,903824,21019,4223,24177,2.67
9003,Hartford County,Connecticut,2008,71,806,11869,198,10430,222673,887891,12505,4484,102244,11.52
9005,Litchfield County,Connecticut,2008,10,87,1436,41,2238,48152,190175,19017,4638,37776,19.86
9009,New Haven County,Connecticut,2008,60,686,8947,174,8148,180830,856622,14277,4923,90681,10.59
9011,New London County,Connecticut,2008,25,291,5303,49,2629,52685,272634,10905,5563,37035,13.58
10001,Kent County,Delaware,2008,19,210,2752,21,916,18997,157925,8311,7520,33561,21.25
10003,New Castle County,Delaware,2008,39,456,5372,78,4170,94971,533958,13691,6845,73118,13.69
10005,Sussex County,Delaware,2008,39,383,4954,51,1589,29946,191991,4922,3764,46736,24.34
11001,District of Columbia,District of Columbia,2008,28,279,4058,183,3940,98601,580236,20722,3170,19699,3.39
11001,District of Columbia,District of Columbia,2008,28,279,4058,183,3940,98601,580236,20722,3170,19699,3.39
12001,Alachua County,Florida,2008,22,228,3131,44,2974,53839,244888,11131,5565,53772,21.96
12003,Baker County,Florida,2008,5,55,432,6,183,3000,26725,5345,4454,9046,33.85
12009,Brevard County,Florida,2008,48,427,5661,78,5124,103173,542378,11299,6953,85695,15.8
12017,Citrus County,Florida,2008,15,152,1879,19,1264,24850,142122,9474,7480,35061,24.67
12019,Clay County,Florida,2008,17,148,2064,27,1471,28523,187289,11017,6936,36640,19.56
12021,Collier County,Florida,2008,18,163,2409,63,3394,74981,316641,17591,5026,43922,13.87
12023,Columbia County,Florida,2008,10,111,1528,7,293,8169,67318,6731,9616,17826,26.48
12027,DeSoto County,Florida,2008,4,24,325,7,168,3161,34374,8593,4910,10227,29.75
12033,Escambia County,Florida,2008,39,361,5055,47,1512,32371,296854,7611,6316,46687,15.73
12055,Highlands County,Florida,2008,13,112,1545,19,841,16282,99568,7659,5240,21170,21.26
12057,Hillsborough County,Florida,2008,99,883,12963,264,10928,220236,1196773,12088,4533,124681,10.42
12063,Jackson County,Florida,2008,15,118,1505,9,264,3871,50272,3351,5585,15315,30.46
12071,Lee County,Florida,2008,47,405,6872,115,6523,150119,610984,12999,5312,53123,8.69
12075,Levy County,Florida,2008,11,77,919,9,301,4911,40809,3709,4534,10300,25.24
12079,Madison County,Florida,2008,6,49,535,3,169,2610,19347,3224,6449,6479,33.49
12086,Miami-Dade County,Florida,2008,250,1347,20326,598,21078,414223,2436062,9744,4073,239882,9.85
12091,Okaloosa County,Florida,2008,22,168,2804,31,1424,28292,181752,8261,5862,28527,15.7
12095,Orange County,Florida,2008,90,785,12222,236,9026,197032,1115525,12394,4726,88200,7.91
12101,Pasco County,Florida,2008,47,388,5299,73,3791,71365,461313,9815,6319,75276,16.32
12103,Pinellas County,Florida,2008,78,712,9778,202,9078,186700,916458,11749,4536,108007,11.79
12107,Putnam County,Florida,2008,14,105,1483,13,530,9661,74999,5357,5769,17105,22.81
12115,Sarasota County,Florida,2008,21,236,2993,75,4388,88410,377178,17960,5029,64030,16.98
12119,Sumter County,Florida,2008,7,50,588,15,488,10505,86433,12347,5762,22039,25.5
12121,Suwannee County,Florida,2008,6,51,688,6,285,5751,40774,6795,6795,12113,29.71
13009,Baldwin County,Georgia,2008,8,77,1028,10,307,4930,47855,5981,4785,11630,24.3
13021,Bibb County,Georgia,2008,29,302,4185,31,1248,25064,154384,5323,4980,35435,22.95
13023,Bleckley County,Georgia,2008,3,23,296,4,121,1771,12985,4328,3246,261,2.01
13045,Carroll County,Georgia,2008,26,203,2594,23,758,16193,110242,4240,4793,26474,24.01
13047,Catoosa County,Georgia,2008,11,101,1659,7,272,4250,63271,5751,9038,16598,26.23
13051,Chatham County,Georgia,2008,36,320,3976,47,2609,39940,255269,7090,5431,67395,26.4
13057,Cherokee County,Georgia,2008,18,143,1826,36,1947,36261,208271,11570,5785,41419,19.89
13059,Clarke County,Georgia,2008,13,111,1607,23,1060,18959,115768,8905,5033,24904,21.51
13063,Clayton County,Georgia,2008,32,300,3620,40,1270,22543,262099,8190,6552,50578,19.3
13071,Colquitt County,Georgia,2008,9,96,1029,12,203,3528,44872,4985,3739,10567,23.55
13081,Crisp County,Georgia,2008,4,44,443,9,240,2927,23243,5810,2582,6217,26.75
13087,Decatur County,Georgia,2008,7,50,644,8,180,3031,28010,4001,3501,3602,12.86
13089,DeKalb County,Georgia,2008,72,687,11790,138,6495,129675,685646,9522,4968,81338,11.86
13095,Dougherty County,Georgia,2008,21,238,2720,19,809,12495,94363,4493,4966,33998,36.03
13099,Early County,Georgia,2008,5,37,481,5,118,1855,11262,2252,2252,-3097,-27.5
13107,Emanuel County,Georgia,2008,7,58,582,6,99,1327,22421,3203,3736,4168,18.59
13119,Franklin County,Georgia,2008,8,52,726,4,161,2672,22254,2781,5563,4513,20.28
13127,Glynn County,Georgia,2008,13,124,1655,17,766,14112,78013,6001,4589,18870,24.19
13129,Gordon County,Georgia,2008,16,102,1346,10,308,6008,54567,3410,5456,13667,25.05
13131,Grady County,Georgia,2008,6,46,558,3,112,1775,24728,4121,8242,8660,35.02
13133,Greene County,Georgia,2008,5,42,451,4,179,3501,15869,3173,3967,1822,11.48
13135,Gwinnett County,Georgia,2008,52,468,6192,130,7050,141833,780721,15013,6005,96819,12.4
13137,Habersham County,Georgia,2008,12,89,1202,8,382,6305,42550,3545,5318,12035,28.28
13139,Hall County,Georgia,2008,19,169,2150,32,1430,29748,177277,9330,5539,32472,18.32
13143,Haralson County,Georgia,2008,7,21,309,8,133,1755,28645,4092,3580,2100,7.33
13147,Hart County,Georgia,2008,5,41,380,4,204,2937,25138,5027,6284,9560,38.03
13147,Wasco County,Oregon,2008,5,41,380,4,204,2937,24617,4923,6154,9222,37.46
13151,Henry County,Georgia,2008,21,198,2246,25,1616,33939,194658,9269,7786,42785,21.98
13153,Houston County,Georgia,2008,19,155,1956,22,1058,19081,134922,7101,6132,31326,23.22
13157,Jackson County,Georgia,2008,8,51,666,8,266,7680,59420,7427,7427,12807,21.55
13163,Jefferson County,Georgia,2008,10,68,795,7,219,3189,16925,1692,2417,3033,17.92
13175,Laurens County,Georgia,2008,14,119,1564,9,613,7650,48192,3442,5354,19757,41.0
13179,Liberty County,Georgia,2008,10,98,1232,6,169,2992,62635,6263,10439,20327,32.45
13185,Lowndes County,Georgia,2008,19,191,2456,12,641,12065,104918,5522,8743,30636,29.2
13199,Meriwether County,Georgia,2008,6,55,703,8,212,2930,22632,3772,2829,2944,13.01
13215,Muscogee County,Georgia,2008,33,333,5005,36,1281,26561,184763,5598,5132,35084,18.99
13217,Newton County,Georgia,2008,12,115,1342,15,823,14093,98240,8186,6549,27835,28.33
13227,Pickens County,Georgia,2008,5,35,516,7,421,5834,29531,5906,4218,9202,31.16
13245,Richmond County,Georgia,2008,37,338,4060,38,1115,19544,198423,5362,5221,49182,24.79
13247,Rockdale County,Georgia,2008,8,96,1208,18,674,14613,83558,10444,4642,20026,23.97
13251,Screven County,Georgia,2008,4,40,423,3,107,1601,14843,3710,4947,3233,21.78
13255,Spalding County,Georgia,2008,9,144,1716,15,495,8167,63651,7072,4243,19429,30.52
13257,Stephens County,Georgia,2008,4,30,455,3,175,2590,26004,6501,8668,11445,44.01
13261,Sumter County,Georgia,2008,10,76,853,9,247,3613,33012,3301,3668,8100,24.54
13275,Thomas County,Georgia,2008,12,126,1426,10,366,7251,44627,3718,4462,13704,30.71
13279,Toombs County,Georgia,2008,10,60,813,7,165,2346,27345,2734,3906,4509,16.49
13285,Troup County,Georgia,2008,15,117,1302,17,506,10207,65860,4390,3874,15414,23.4
13293,Upson County,Georgia,2008,4,34,408,10,161,2384,27321,6830,2732,5216,19.09
13297,Walton County,Georgia,2008,12,84,1182,7,365,6651,82602,6883,11800,24009,29.07
13303,Washington County,Georgia,2008,4,36,350,3,98,1433,21202,5300,7067,8455,39.88
13313,Whitfield County,Georgia,2008,20,152,2075,27,576,10191,100546,5027,3723,18536,18.44
15001,Hawaii County,Hawaii,2008,10,112,1525,39,2032,49518,181506,18150,4654,32986,18.17
15003,Honolulu County,Hawaii,2008,27,1256,31777,187,5842,132679,933680,34580,4992,-23604,-2.53
16005,Bannock County,Idaho,2008,7,51,867,9,380,8253,80609,11515,8956,22155,27.48
16017,Bonner County,Idaho,2008,4,43,668,9,314,6587,40966,10241,4551,13196,32.21
16055,Kootenai County,Idaho,2008,8,78,959,16,870,19809,135627,16953,8476,36777,27.12
16069,Nez Perce County,Idaho,2008,3,70,1352,11,410,9831,38810,12936,3528,13891,35.79
16083,Twin Falls County,Idaho,2008,8,140,1782,20,569,11010,75143,9392,3757,19367,25.77
17015,Carroll County,Illinois,2008,3,41,608,6,123,1434,15638,5212,2606,1410,9.02
17019,Champaign County,Illinois,2008,16,239,3626,31,1268,19850,197570,12348,6373,41037,20.77
17021,Christian County,Illinois,2008,5,47,643,8,209,3587,34974,6994,4371,8625,24.66
17025,Clay County,Illinois,2008,4,25,286,4,59,798,13971,3492,3492,-659,-4.72
17029,Coles County,Illinois,2008,10,166,2320,5,284,3818,53454,5345,10690,22715,42.49
17031,Cook County,Illinois,2008,449,3077,45947,1397,40931,861294,5161831,11496,3694,330907,6.41
17037,DeKalb County,Illinois,2008,9,165,2495,12,575,10155,104601,11622,8716,30426,29.09
17043,DuPage County,Illinois,2008,38,397,5389,177,8136,180898,909798,23942,5140,76061,8.36
17049,Effingham County,Illinois,2008,7,98,1466,9,345,5966,34173,4881,3797,7434,21.75
17053,Ford County,Illinois,2008,5,70,1145,3,154,2056,14095,2819,4698,1255,8.9
17073,Henry County,Illinois,2008,8,124,2056,13,262,4697,50492,6311,3884,8112,16.07
17077,Jackson County,Illinois,2008,7,106,1395,13,502,9534,59605,8515,4585,17056,28.62
17083,Jersey County,Illinois,2008,4,20,434,4,122,1429,23084,5771,5771,5091,22.05
17089,Kane County,Illinois,2008,31,465,6614,79,3508,68710,504437,16272,6385,69952,13.87
17097,Lake County,Illinois,2008,44,307,4604,122,5751,120958,697369,15849,5716,67563,9.69
17099,LaSalle County,Illinois,2008,13,245,3931,23,1012,17150,114171,8782,4963,26295,23.03
17103,Lee County,Illinois,2008,5,35,398,7,253,3723,36272,7254,5181,11498,31.7
17107,Logan County,Illinois,2008,6,50,803,6,161,3005,30513,5085,5085,5181,16.98
17109,McDonough County,Illinois,2008,5,109,1436,5,321,5442,32615,6523,6523,14895,45.67
17111,McHenry County,Illinois,2008,18,288,4053,43,1988,40809,307246,17069,7145,52356,17.04
17115,Macon County,Illinois,2008,16,241,3669,12,529,10700,110588,6911,9215,27199,24.59
17119,Madison County,Illinois,2008,33,345,4673,45,1881,35084,268232,8128,5960,51223,19.1
17121,Marion County,Illinois,2008,7,71,1192,5,150,2230,39794,5684,7958,10747,27.01
17125,Mason County,Illinois,2008,5,51,712,5,159,1901,14962,2992,2992,415,2.77
17137,Morgan County,Illinois,2008,5,65,883,5,248,2950,35761,7152,7152,15020,42.0
17141,Ogle County,Illinois,2008,4,33,350,8,339,4863,53802,13450,6725,25665,47.7
17143,Peoria County,Illinois,2008,21,243,3827,35,1084,21192,184803,8800,5280,28260,15.29
17161,Rock Island County,Illinois,2008,21,254,3902,21,1479,26022,147501,7023,7023,37148,25.18
17163,St. Clair County,Illinois,2008,26,207,2923,46,1512,29914,266518,10250,5793,37712,14.15
17173,Shelby County,Illinois,2008,4,26,254,7,101,1178,22398,5599,3199,3671,16.39
17183,Vermilion County,Illinois,2008,17,276,4582,13,527,8345,81930,4819,6302,20482,25.0
17189,Washington County,Illinois,2008,6,69,1158,8,74,1254,14855,2475,1856,-4458,-30.01
17197,Will County,Illinois,2008,31,293,4469,87,4473,88194,671392,21657,7717,77422,11.53
17201,Winnebago County,Illinois,2008,33,456,7102,53,2315,47948,295726,8961,5579,45688,15.45
18001,Adams County,Indiana,2008,7,66,888,7,303,3544,34214,4887,4887,10278,30.04
18003,Allen County,Indiana,2008,37,304,4662,55,3208,41322,351264,9493,6386,77792,22.15
18011,Boone County,Indiana,2008,3,39,489,9,339,5643,54648,18216,6072,32450,59.38
18017,Cass County,Indiana,2008,8,85,1248,7,228,4004,39070,4883,5581,9161,23.45
18019,Clark County,Indiana,2008,15,132,1813,21,616,11673,107406,7160,5114,20510,19.1
18023,Clinton County,Indiana,2008,4,35,506,6,123,1855,33352,8338,5558,10908,32.71
18029,Dearborn County,Indiana,2008,6,50,658,7,188,4413,49643,8273,7091,13923,28.05
18039,Elkhart County,Indiana,2008,24,220,2552,38,1584,25844,197762,8240,5204,45155,22.83
18045,Fountain County,Indiana,2008,5,58,778,4,212,2847,17356,3471,4339,4032,23.23
18047,Franklin County,Indiana,2008,4,53,633,13,158,1963,23330,5832,1794,2934,12.58
18051,Gibson County,Indiana,2008,8,87,1029,6,239,2940,33331,4166,5555,11629,34.89
18053,Grant County,Indiana,2008,12,94,1225,9,297,6225,70250,5854,7805,17277,24.59
18057,Hamilton County,Indiana,2008,10,70,1303,33,2265,40222,261974,26197,7938,64615,24.66
18059,Hancock County,Indiana,2008,5,55,683,4,183,3597,68107,13621,17026,35846,52.63
18061,Harrison County,Indiana,2008,5,30,420,4,177,2262,38628,7725,9657,16100,41.68
18065,Henry County,Indiana,2008,7,81,1056,8,226,3997,49420,7060,6177,14079,28.49
18067,Howard County,Indiana,2008,15,165,2166,12,396,9195,83472,5564,6956,20360,24.39
18071,Jackson County,Indiana,2008,8,65,864,10,276,3512,41705,5213,4170,9556,22.91
18073,Jasper County,Indiana,2008,6,60,600,7,290,3829,33155,5525,4736,11582,34.93
18077,Jefferson County,Indiana,2008,7,61,761,7,167,3048,32586,4655,4655,6724,20.63
18081,Johnson County,Indiana,2008,13,107,1239,11,588,11052,136933,10533,12448,36582,26.72
18083,Knox County,Indiana,2008,7,119,1497,6,216,2530,38497,5499,6416,15226,39.55
18085,Kosciusko County,Indiana,2008,13,106,1294,11,445,7232,77091,5930,7008,21235,27.55
18087,LaGrange County,Indiana,2008,7,67,1149,5,158,2675,37181,5311,7436,8977,24.14
18089,Lake County,Indiana,2008,57,543,6807,76,3999,73226,495479,8692,6519,96060,19.39
18091,LaPorte County,Indiana,2008,13,107,1144,21,772,12052,111267,8559,5298,27647,24.85
18095,Madison County,Indiana,2008,19,182,2172,22,876,15518,131537,6923,5978,31976,24.31
18097,Marion County,Indiana,2008,107,923,13152,164,6061,113115,889504,8313,5423,131528,14.79
18099,Marshall County,Indiana,2008,10,66,694,11,313,4598,47012,4701,4273,11551,24.57
18103,Boone County,Arkansas,2008,6,50,574,6,178,3272,36974,6162,6162,10665,28.84
18103,Miami County,Indiana,2008,6,50,574,6,178,3272,37281,6213,6213,10818,29.02
18105,Monroe County,Indiana,2008,10,89,1212,22,1203,21424,134401,13440,6109,34276,25.5
18107,Montgomery County,Indiana,2008,6,64,854,7,275,4950,38204,6367,5457,10835,28.36
18109,Morgan County,Indiana,2008,9,104,1324,9,367,6543,68964,7662,7662,20720,30.04
18113,Noble County,Indiana,2008,10,119,1344,9,321,3455,47561,4756,5284,17458,36.71
18127,Porter County,Indiana,2008,11,84,992,14,947,15105,162538,14776,11609,45925,28.25
18137,Ripley County,Indiana,2008,6,40,549,9,360,5674,28605,4767,3178,5180,18.11
18145,Shelby County,Indiana,2008,5,46,580,9,273,4525,44345,8869,4927,13857,31.25
18151,Steuben County,Indiana,2008,8,102,1271,7,270,3060,34055,4256,4865,11867,34.85
18157,Tippecanoe County,Indiana,2008,12,151,1997,20,963,15155,169039,14086,8451,42970,25.42
18163,Vanderburgh County,Indiana,2008,28,333,4428,32,1391,22852,178053,6359,5564,46039,25.86
18167,Vigo County,Indiana,2008,20,276,3890,18,839,13174,106972,5348,5942,32034,29.95
18169,Wabash County,Indiana,2008,5,43,492,5,237,3328,33238,6647,6647,12719,38.27
18173,Warrick County,Indiana,2008,6,45,472,10,326,5137,58435,9739,5843,18660,31.93
18177,Wayne County,Indiana,2008,10,98,1120,11,320,5375,69093,6909,6281,18833,27.26
18183,Whitley County,Indiana,2008,6,34,405,7,244,3159,33047,5507,4721,8424,25.49
19001,Adair County,Iowa,2008,3,32,581,3,61,789,7747,2582,2582,-5347,-69.02
19013,Black Hawk County,Iowa,2008,13,190,2681,24,1454,23495,129203,9938,5383,36525,28.27
19029,Cass County,Iowa,2008,4,49,694,7,234,3766,13935,3483,1990,-932,-6.69
19037,Chickasaw County,Iowa,2008,3,51,910,4,119,1592,12471,4157,3117,-991,-7.95
19045,Clinton County,Iowa,2008,10,157,2841,8,474,8072,49303,4930,6162,11261,22.84
19049,Dallas County,Iowa,2008,9,80,1217,9,874,15515,62144,6904,6904,20166,32.45
19061,Dubuque County,Iowa,2008,10,172,2685,12,1276,19752,92519,9251,7709,34239,37.01
19141,O'Brien County,Iowa,2008,4,62,926,7,219,2962,14332,3583,2047,-219,-1.53
19153,Polk County,Iowa,2008,28,252,3693,67,5493,97371,419495,14981,6261,84155,20.06
19161,Sac County,Iowa,2008,4,22,316,5,76,681,10475,2618,2095,-4259,-40.66
19183,Washington County,Iowa,2008,5,28,591,4,250,4259,21686,4337,5421,3193,14.72
19185,Wayne County,Iowa,2008,3,19,258,4,52,623,6373,2124,1593,-6833,-107.22
19187,Webster County,Iowa,2008,4,65,597,6,363,6623,38273,9568,6378,20031,52.34
19189,Winnebago County,Iowa,2008,4,58,934,3,155,1971,10927,2731,3642,-733,-6.71
19189,Lake County,Minnesota,2008,4,58,934,3,155,1971,10872,2718,3624,-777,-7.15
19193,Woodbury County,Iowa,2008,14,161,2070,23,1224,18944,100910,7207,4387,30175,29.9
19197,Wright County,Iowa,2008,4,44,551,6,158,2067,13375,3343,2229,-598,-4.47
20005,Atchison County,Kansas,2008,3,33,458,4,99,1099,16820,5606,4205,4046,24.05
20045,Douglas County,Kansas,2008,7,65,806,17,1391,22172,109010,15572,6412,41834,38.38
20061,Geary County,Kansas,2008,4,37,368,5,132,2157,30276,7569,6055,11646,38.47
20091,Johnson County,Kansas,2008,27,203,3004,71,5520,111388,532175,19710,7495,77824,14.62
20131,Nemaha County,Kansas,2008,5,62,909,8,149,1666,10259,2051,1282,-3968,-38.68
20159,Rice County,Kansas,2008,3,32,678,3,76,1055,10175,3391,3391,-3654,-35.91
20177,Shawnee County,Kansas,2008,14,135,1693,37,1498,26897,175449,12532,4741,36003,20.52
20209,Wyandotte County,Kansas,2008,17,114,1461,22,698,14654,155092,9123,7049,27110,17.48
21003,Allen County,Kentucky,2008,5,73,808,4,91,1300,19838,3967,4959,6129,30.9
21017,Bourbon County,Kentucky,2008,3,13,187,5,145,1805,20046,6682,4009,5411,26.99
21019,Boyd County,Kentucky,2008,9,89,1080,10,605,7018,49244,5471,4924,19006,38.6
21021,Boyle County,Kentucky,2008,11,93,1353,6,187,3791,28288,2571,4714,5778,20.43
21025,Breathitt County,Kentucky,2008,3,15,191,5,119,1624,14249,4749,2849,158,1.11
21025,Osage County,Missouri,2008,3,15,191,5,119,1624,13753,4584,2750,-271,-1.97
21043,Carter County,Kentucky,2008,7,53,628,10,228,3331,27752,3964,2775,3905,14.07
21045,Casey County,Kentucky,2008,3,33,602,7,85,1059,15970,5323,2281,-876,-5.49
21049,Clark County,Kentucky,2008,6,59,808,7,198,3734,35256,5876,5036,8158,23.14
21051,Clay County,Kentucky,2008,5,42,447,4,155,1860,22289,4457,5572,7024,31.51
21061,Edmonson County,Kentucky,2008,3,15,234,3,40,446,12127,4042,4042,-873,-7.2
21061,Lewis County,Tennessee,2008,3,15,234,3,40,446,11986,3995,3995,-1014,-8.46
21067,Fayette County,Kentucky,2008,25,201,2793,48,2113,43743,287683,11507,5993,41685,14.49
21071,Floyd County,Kentucky,2008,13,96,1221,20,393,5612,39964,3074,1998,7342,18.37
21095,Harlan County,Kentucky,2008,10,58,927,9,317,5102,29591,2959,3287,3800,12.84
21107,Hopkins County,Kentucky,2008,12,139,1708,9,239,4889,47051,3920,5227,13679,29.07
21111,Jefferson County,Kentucky,2008,72,733,11712,131,5974,127824,730194,10141,5574,81120,11.11
21123,Larue County,Kentucky,2008,4,48,839,4,70,1010,14100,3525,3525,-1657,-11.75
21125,Laurel County,Kentucky,2008,13,101,1612,14,476,8439,58142,4472,4153,10609,18.25
21127,Lawrence County,Kentucky,2008,6,48,525,4,157,2106,15867,2644,3966,2675,16.86
21131,Leslie County,Kentucky,2008,4,14,278,5,71,857,11465,2866,2293,-4854,-42.34
21133,Letcher County,Kentucky,2008,7,36,505,7,207,2948,24363,3480,3480,2558,10.5
21141,Logan County,Kentucky,2008,6,54,738,5,92,1282,26802,4467,5360,5591,20.86
21161,Mason County,Kentucky,2008,5,46,635,7,169,4074,17454,3490,2493,-1655,-9.48
21173,Montgomery County,Kentucky,2008,6,50,713,6,149,3313,25981,4330,4330,3094,11.91
21175,Morgan County,Kentucky,2008,5,32,370,5,93,1349,14055,2811,2811,-1415,-10.07
21199,Pulaski County,Kentucky,2008,16,171,2698,19,277,4566,62270,3891,3277,9878,15.86
21203,Rockcastle County,Kentucky,2008,7,38,384,4,69,900,17216,2459,4304,1879,10.91
21207,Russell County,Kentucky,2008,5,50,511,5,178,2673,17529,3505,3505,3339,19.05
22001,Acadia Parish,Louisiana,2008,16,87,1203,22,476,7190,61115,3819,2777,10780,17.64
22005,Ascension Parish,Louisiana,2008,14,145,1645,21,723,11509,102891,7349,4899,26596,25.85
22009,Avoyelles Parish,Louisiana,2008,18,121,1545,14,223,2986,42040,2335,3002,11644,27.7
22015,Bossier Parish,Louisiana,2008,23,170,2295,16,713,17374,113824,4948,7114,24562,21.58
22017,Caddo Parish,Louisiana,2008,35,295,4578,33,1573,38632,251953,7198,7634,36544,14.5
22033,East Baton Rouge Parish,Louisiana,2008,59,484,7097,110,3272,60157,433723,7351,3942,64426,14.85
22041,Franklin Parish,Louisiana,2008,6,41,469,5,128,1883,20758,3459,4151,3013,14.51
22045,Iberia Parish,Louisiana,2008,16,109,1381,22,603,10873,73522,4595,3341,14670,19.95
22047,Iberville Parish,Louisiana,2008,5,37,610,14,223,3182,33685,6737,2406,3980,11.82
22051,Jefferson Parish,Louisiana,2008,48,559,9167,100,3900,74530,431759,8994,4317,58418,13.53
22055,Lafayette Parish,Louisiana,2008,37,263,4145,53,1866,30932,215139,5814,4059,40683,18.91
22063,Livingston Parish,Louisiana,2008,18,149,2003,18,531,8118,123962,6886,6886,27248,21.98
22067,Morehouse Parish,Louisiana,2008,6,47,529,3,159,2668,28311,4718,9437,11851,41.86
22073,Ouachita Parish,Louisiana,2008,31,289,3513,21,903,18610,151727,4894,7225,42098,27.75
22079,Rapides Parish,Louisiana,2008,30,258,3096,16,689,12665,130785,4359,8174,41325,31.6
22085,Sabine Parish,Louisiana,2008,5,43,614,6,235,4426,24124,4824,4020,3930,16.29
22087,St. Bernard Parish,Louisiana,2008,9,79,1510,11,317,5036,28879,3208,2625,601,2.08
22093,St. James Parish,Louisiana,2008,5,39,505,9,243,3802,22095,4419,2455,1918,8.68
22095,St. John the Baptist Parish,Louisiana,2008,9,101,1307,12,287,4653,46811,5201,3900,10626,22.7
22097,St. Landry Parish,Louisiana,2008,23,149,2088,33,706,11496,84427,3670,2558,17015,20.15
22099,St. Martin Parish,Louisiana,2008,8,63,701,16,367,7282,51914,6489,3244,9410,18.13
22101,St. Mary Parish,Louisiana,2008,11,79,1040,17,523,8486,54352,4941,3197,10959,20.16
22103,St. Tammany Parish,Louisiana,2008,36,309,4626,40,1877,33048,229252,6368,5731,47576,20.75
22105,Tangipahoa Parish,Louisiana,2008,29,372,5609,22,1038,16448,118621,4090,5391,37454,31.57
22109,Terrebonne Parish,Louisiana,2008,24,174,2402,19,865,15184,111453,4643,5865,28683,25.74
22111,Union Parish,Louisiana,2008,8,53,581,7,95,2149,22698,2837,3242,1717,7.56
22117,Washington Parish,Louisiana,2008,12,94,1401,12,347,5570,47000,3916,3916,9135,19.44
22119,Webster Parish,Louisiana,2008,10,81,876,7,288,3731,41240,4124,5891,14108,34.21
23001,Androscoggin County,Maine,2008,15,225,3465,20,993,18837,108284,7218,5414,24684,22.8
23007,Franklin County,Maine,2008,6,28,264,9,366,6484,30652,5108,3405,6026,19.66
23009,Hancock County,Maine,2008,15,183,2744,28,763,15219,54371,3624,1941,8862,16.3
23011,Kennebec County,Maine,2008,16,273,4384,25,1416,26368,122147,7634,4885,27983,22.91
23013,Knox County,Maine,2008,5,77,1298,16,578,11150,40225,8045,2514,8197,20.38
23015,Lincoln County,Maine,2008,4,31,655,13,476,8983,34768,8692,2674,7272,20.92
23019,Penobscot County,Maine,2008,22,309,4162,29,1696,31185,153372,6971,5288,41399,26.99
23021,Piscataquis County,Maine,2008,6,57,928,8,254,4297,17534,2922,2191,-1322,-7.54
23023,Sagadahoc County,Maine,2008,3,50,629,8,390,6961,35860,11953,4482,19214,53.58
23025,Somerset County,Maine,2008,8,79,969,14,396,6734,52316,6539,3736,12093,23.12
23027,Waldo County,Maine,2008,7,87,1445,10,346,5998,38680,5525,3868,6896,17.83
24001,Allegany County,Maryland,2008,12,140,1753,20,706,7742,74638,6219,3731,23371,31.31
24003,Anne Arundel County,Maryland,2008,33,335,4610,85,4195,82178,525304,15918,6180,70684,13.46
24005,Baltimore County,Maryland,2008,74,862,11941,126,7864,146382,798651,10792,6338,137786,17.25
24013,Carroll County,Maryland,2008,7,75,1070,23,1724,31208,167433,23919,7279,57028,34.06
24015,Cecil County,Maryland,2008,10,101,1475,19,649,12114,100232,10023,5275,21371,21.32
24017,Charles County,Maryland,2008,7,95,1425,22,1118,24793,143783,20540,6535,39950,27.78
24021,Frederick County,Maryland,2008,17,104,1626,35,2136,39874,229286,13487,6551,42353,18.47
24023,Garrett County,Maryland,2008,5,41,516,5,140,2312,30222,6044,6044,8761,28.99
24025,Harford County,Maryland,2008,15,279,3340,34,2071,39193,242779,16185,7140,59405,24.47
24031,Montgomery County,Maryland,2008,37,327,4818,205,9328,183098,942748,25479,4598,93931,9.96
24033,Prince George's County,Maryland,2008,68,938,11834,151,6284,106644,850167,12502,5630,139707,16.43
24035,Queen Anne's County,Maryland,2008,5,20,376,10,400,8883,47063,9412,4706,11073,23.53
24047,Worcester County,Maryland,2008,12,123,1806,17,414,10444,51196,4266,3011,5675,11.08
24510,Baltimore city,Maryland,2008,74,663,9350,202,3358,69648,620184,8380,3070,55034,8.87
25001,Barnstable County,Massachusetts,2008,23,335,8308,68,3450,79763,217066,9437,3192,404,0.19
25007,Dukes County,Massachusetts,2008,5,15,619,11,265,9343,16132,3226,1466,-11922,-73.9
25011,Franklin County,Massachusetts,2008,5,49,615,26,671,13752,71571,14314,2752,19749,27.59
25015,Hampshire County,Massachusetts,2008,11,113,1601,34,2256,47731,157615,14328,4635,34756,22.05
25025,Suffolk County,Massachusetts,2008,46,502,7254,191,6457,129636,702201,15265,3676,66284,9.44
26005,Allegan County,Michigan,2008,16,104,1412,21,737,12335,111589,6974,5313,22718,20.36
26007,Alpena County,Michigan,2008,7,50,704,9,305,5022,30119,4302,3346,4627,15.36
26009,Antrim County,Michigan,2008,5,21,269,8,191,3960,24047,4809,3005,1106,4.6
26017,Bay County,Michigan,2008,17,169,2419,21,568,11502,108320,6371,5158,20076,18.53
26021,Berrien County,Michigan,2008,26,249,3715,44,1168,20593,157380,6053,3576,27468,17.45
26023,Branch County,Michigan,2008,9,83,1011,3,68,1448,46305,5145,15435,21429,46.28
26025,Calhoun County,Michigan,2008,21,160,2105,23,603,9916,137313,6538,5970,27710,20.18
26027,Cass County,Michigan,2008,9,76,1023,12,234,4185,52684,5853,4390,9888,18.77
26031,Cheboygan County,Michigan,2008,4,22,332,6,183,3750,26738,6684,4456,5644,21.11
26033,Chippewa County,Michigan,2008,5,60,652,14,349,6082,39247,7849,2803,10520,26.8
26035,Clare County,Michigan,2008,9,52,888,11,202,3443,31064,3451,2824,917,2.95
26045,Eaton County,Michigan,2008,11,85,1118,13,380,7309,108021,9820,8309,24497,22.68
26049,Genesee County,Michigan,2008,66,398,5772,101,3300,59497,433082,6561,4287,70245,16.22
26051,Gladwin County,Michigan,2008,8,79,1178,4,91,1438,25956,3244,6489,6096,23.49
26053,Gogebic County,Michigan,2008,3,24,338,4,117,2171,16499,5499,4124,2760,16.73
26055,Grand Traverse County,Michigan,2008,9,52,574,22,818,14458,86209,9578,3918,19782,22.95
26057,Gratiot County,Michigan,2008,7,40,543,8,221,3520,42774,6110,5346,9542,22.31
26059,Hillsdale County,Michigan,2008,4,24,262,9,229,3138,46951,11737,5216,18526,39.46
26063,Huron County,Michigan,2008,10,55,674,10,226,3124,33504,3350,3350,5682,16.96
26065,Ingham County,Michigan,2008,26,199,2782,50,1464,25628,281315,10819,5626,40558,14.42
26067,Ionia County,Michigan,2008,10,54,757,11,389,5228,65167,6516,5924,15707,24.1
26069,Iosco County,Michigan,2008,8,38,712,8,293,3979,26542,3317,3317,2348,8.85
26075,Jackson County,Michigan,2008,18,170,2114,25,820,13040,160825,8934,6433,34376,21.37
26077,Kalamazoo County,Michigan,2008,21,205,2982,43,1368,22687,246862,11755,5740,40010,16.21
26081,Kent County,Michigan,2008,62,576,8216,125,3264,60536,599234,9665,4793,72790,12.15
26087,Lapeer County,Michigan,2008,9,102,1291,15,384,7223,89914,9990,5994,21858,24.31
26091,Lenawee County,Michigan,2008,11,121,1839,20,683,9657,101169,9197,5058,23422,23.15
26093,Livingston County,Michigan,2008,7,43,711,20,1194,21838,181171,25881,9058,56540,31.21
26099,Macomb County,Michigan,2008,77,645,8351,150,4624,99702,837857,10881,5585,88893,10.61
26103,Marquette County,Michigan,2008,8,87,1216,13,443,7304,66539,8317,5118,17093,25.69
26105,Mason County,Michigan,2008,7,59,505,9,125,1537,28668,4095,3185,5953,20.77
26107,Mecosta County,Michigan,2008,5,47,632,9,120,1547,42683,8536,4742,11550,27.06
26115,Monroe County,Michigan,2008,7,67,899,23,702,13736,152806,21829,6643,42309,27.69
26117,Montcalm County,Michigan,2008,18,106,1503,14,420,6409,63635,3535,4545,15386,24.18
26121,Muskegon County,Michigan,2008,21,186,2816,24,619,9896,173846,8278,7243,30540,17.57
26123,Newaygo County,Michigan,2008,12,87,1289,7,260,4092,49153,4096,7021,12912,26.27
26125,Oakland County,Michigan,2008,99,797,11090,277,9522,200429,1199545,12116,4330,105588,8.8
26127,Oceana County,Michigan,2008,6,50,785,9,195,3075,27120,4520,3013,2191,8.08
26133,Osceola County,Michigan,2008,11,46,697,9,144,2475,23662,2151,2629,359,1.52
26137,Otsego County,Michigan,2008,5,50,676,6,149,2786,24378,4875,4063,3990,16.37
26139,Ottawa County,Michigan,2008,17,116,1233,36,1072,19256,261906,15406,7275,44056,16.82
26143,Roscommon County,Michigan,2008,5,24,408,6,136,2264,24856,4971,4142,2554,10.28
26145,Saginaw County,Michigan,2008,32,183,2619,42,977,18865,201966,6311,4808,30015,14.86
26147,St. Clair County,Michigan,2008,20,161,1938,30,560,11734,165959,8297,5531,26829,16.17
26149,St. Joseph County,Michigan,2008,13,94,1393,17,288,5137,62083,4775,3651,8957,14.43
26151,Sanilac County,Michigan,2008,11,68,867,10,324,5227,44177,4016,4417,9819,22.23
26155,Shiawassee County,Michigan,2008,15,82,1132,11,444,8203,71523,4768,6502,16479,23.04
26159,Van Buren County,Michigan,2008,15,79,1119,18,451,7672,76501,5100,4250,13371,17.48
26161,Washtenaw County,Michigan,2008,20,201,2574,58,2466,56343,341595,17079,5889,45032,13.18
26163,Wayne County,Michigan,2008,232,1546,20402,509,9197,180879,1865058,8039,3664,190279,10.2
27003,Anoka County,Minnesota,2008,15,160,4310,36,1616,34975,327427,21828,9095,35682,10.9
27007,Beltrami County,Minnesota,2008,6,97,1717,7,411,5881,43815,7302,6259,13926,31.78
27015,Brown County,Minnesota,2008,8,47,437,6,483,7628,25992,3249,4332,9200,35.4
27017,Carlton County,Minnesota,2008,3,21,271,5,207,3456,34986,11662,6997,18946,54.15
27033,Cottonwood County,Minnesota,2008,6,73,997,6,172,1831,11701,1950,1950,-704,-6.02
27035,Crow Wing County,Minnesota,2008,6,211,4151,13,549,11829,62178,10363,4782,11657,18.75
27039,Dodge County,Minnesota,2008,4,30,146,4,166,2250,19876,4969,4969,7294,36.7
27041,Douglas County,Minnesota,2008,6,200,3449,7,334,4451,36108,6018,5158,11015,30.51
27043,Faribault County,Minnesota,2008,4,22,242,5,202,1755,14790,3697,2958,1756,11.87
27045,Fillmore County,Minnesota,2008,7,47,625,7,177,2376,20991,2998,2998,1609,7.67
27053,Hennepin County,Minnesota,2008,64,725,12422,217,8597,203903,1135173,17737,5231,53829,4.74
27057,Hubbard County,Minnesota,2008,5,75,1312,4,226,3586,20346,4069,5086,3613,17.76
27059,Isanti County,Minnesota,2008,3,24,161,3,64,944,37851,12617,12617,27144,71.71
27067,Kandiyohi County,Minnesota,2008,6,78,790,10,407,6060,41840,6973,4184,15316,36.61
27095,Mille Lacs County,Minnesota,2008,3,8,205,8,384,6273,26171,8723,3271,8955,34.22
27103,Nicollet County,Minnesota,2008,3,23,208,4,180,2311,32261,10753,8065,19775,61.3
27103,Mecklenburg County,Virginia,2008,3,23,208,4,180,2311,32920,10973,8230,20380,61.91
27105,Nobles County,Minnesota,2008,3,41,492,5,175,2623,21126,7042,4225,8214,38.88
27109,Olmsted County,Minnesota,2008,9,259,4699,22,1240,20470,141527,15725,6433,37003,26.15
27111,Otter Tail County,Minnesota,2008,14,266,4770,11,516,7365,57691,4120,5244,13538,23.47
27115,Pine County,Minnesota,2008,9,70,988,4,196,2659,29614,3290,7403,9728,32.85
27119,Polk County,Minnesota,2008,6,70,933,8,309,5135,31175,5195,3896,7676,24.62
27123,Ramsey County,Minnesota,2008,33,243,3323,97,3947,82573,502890,15239,5184,54450,10.83
27135,Roseau County,Minnesota,2008,5,76,1062,7,232,3318,15935,3187,2276,1086,6.82
27137,St. Louis County,Minnesota,2008,20,288,4240,39,1717,33262,199745,9987,5121,37353,18.7
27163,Washington County,Minnesota,2008,12,301,5270,24,1735,36539,233306,19442,9721,48641,20.85
27171,Wright County,Minnesota,2008,6,46,591,11,923,14786,121553,20258,11050,50203,41.3
28011,Bolivar County,Mississippi,2008,8,68,714,11,192,3663,35032,4379,3184,6062,17.3
28023,Clarke County,Mississippi,2008,8,50,730,4,105,1711,16772,2096,4193,856,5.1
28025,Clay County,Mississippi,2008,6,39,551,6,150,1871,20878,3479,3479,1653,7.92
28029,Copiah County,Mississippi,2008,8,71,845,7,184,2329,29584,3698,4226,7240,24.47
28031,Covington County,Mississippi,2008,9,73,1023,5,118,1467,19594,2177,3918,3017,15.4
28033,DeSoto County,Mississippi,2008,24,259,3394,18,960,18639,156214,6508,8678,39699,25.41
28035,Forrest County,Mississippi,2008,24,255,3756,13,362,5326,74196,3091,5707,24473,32.98
28039,George County,Mississippi,2008,5,52,635,3,91,1431,22193,4438,7397,7736,34.86
28047,Harrison County,Mississippi,2008,35,406,5824,23,885,16188,182735,5221,7945,46530,25.46
28049,Hinds County,Mississippi,2008,46,556,6303,36,1630,28915,244695,5319,6797,78604,32.12
28051,Holmes County,Mississippi,2008,7,60,740,4,98,1373,19755,2822,4938,3975,20.12
28051,Winston County,Mississippi,2008,7,60,740,4,98,1373,19342,2763,4835,3754,19.41
28059,Jackson County,Mississippi,2008,30,269,3898,24,749,12117,137791,4593,5741,33997,24.67
28061,Jasper County,Mississippi,2008,7,56,589,4,93,1141,17550,2507,4387,3590,20.46
28067,Jones County,Mississippi,2008,20,223,2706,11,369,5715,67318,3365,6119,26787,39.79
28073,Lamar County,Mississippi,2008,12,93,1092,8,250,4664,52772,4397,6596,14744,27.94
28075,Lauderdale County,Mississippi,2008,17,196,2975,13,465,8077,79665,4686,6128,19899,24.98
28087,Lowndes County,Mississippi,2008,17,149,1862,14,414,6264,59160,3480,4225,18016,30.45
28089,Madison County,Mississippi,2008,15,152,1884,11,646,11927,92274,6151,8388,27643,29.96
28091,Marion County,Mississippi,2008,9,75,868,5,137,2101,26825,2980,5365,7674,28.61
28095,Monroe County,Mississippi,2008,13,105,1313,10,166,2224,37453,2881,3745,9279,24.78
28101,Newton County,Mississippi,2008,7,51,707,5,207,1981,21851,3121,4370,4886,22.36
28101,Jefferson County,Oregon,2008,7,51,707,5,207,1981,21885,3126,4377,4903,22.4
28101,Lincoln County,West Virginia,2008,7,51,707,5,207,1981,21881,3125,4376,4900,22.39
28107,Panola County,Mississippi,2008,7,67,854,5,203,3831,34923,4989,6984,10595,30.34
28109,Pearl River County,Mississippi,2008,14,150,2200,10,319,5328,56538,4038,5653,14757,26.1
28113,Pike County,Mississippi,2008,10,97,1134,9,266,4960,40290,4029,4476,10466,25.98
28121,Rankin County,Mississippi,2008,24,264,3114,11,841,14884,139136,5797,12648,47996,34.5
28127,Simpson County,Mississippi,2008,6,63,716,5,83,1306,27682,4613,5536,7475,27.0
28131,Stone County,Mississippi,2008,5,36,455,4,45,797,17084,3416,4271,672,3.93
28133,Sunflower County,Mississippi,2008,7,62,677,8,130,2264,30614,4373,3826,5771,18.85
28139,Tippah County,Mississippi,2008,7,50,663,5,124,1832,21982,3140,4396,3089,14.05
28149,Warren County,Mississippi,2008,11,114,1316,5,196,4213,48457,4405,9691,18308,37.78
28151,Washington County,Mississippi,2008,18,120,1485,15,365,6214,52236,2902,3482,13973,26.75
28153,Wayne County,Mississippi,2008,8,54,825,5,182,2319,20963,2620,4192,2913,13.9
28163,Yazoo County,Mississippi,2008,9,86,1058,5,163,2760,28441,3160,5688,8505,29.9
29019,Boone County,Missouri,2008,13,113,1391,23,1395,22057,158089,12160,6873,41475,26.24
29021,Buchanan County,Missouri,2008,11,100,1207,16,702,13013,88317,8028,5519,21989,24.9
29027,Callaway County,Missouri,2008,7,51,621,5,193,3098,43855,6265,8771,14854,33.87
29037,Cass County,Missouri,2008,11,240,3794,12,694,12618,98095,8917,8174,27482,28.02
29047,Clay County,Missouri,2008,18,145,1847,31,1960,36693,215142,11952,6940,44728,20.79
29051,Cole County,Missouri,2008,7,66,783,12,874,14348,74760,10680,6230,27435,36.7
29069,Dunklin County,Missouri,2008,9,60,665,14,244,3351,32158,3573,2297,4389,13.65
29073,Gasconade County,Missouri,2008,4,28,442,6,120,1435,15309,3827,2551,-1361,-8.89
29077,Greene County,Missouri,2008,32,252,3603,34,1600,27439,270901,8465,7967,50386,18.6
29089,Howard County,Missouri,2008,3,30,303,3,56,722,10138,3379,3379,-852,-8.4
29091,Howell County,Missouri,2008,10,88,1052,9,231,3399,39910,3991,4434,10217,25.6
29095,Jackson County,Missouri,2008,76,1023,18165,95,5593,104184,665427,8755,7004,95628,14.37
29099,Jefferson County,Missouri,2008,15,132,1644,24,854,18406,216409,14427,9017,39363,18.19
29113,Lincoln County,Missouri,2008,4,38,334,5,132,2754,51847,12961,10369,26618,51.34
29127,Marion County,Missouri,2008,9,91,1289,6,211,3739,28550,3172,4758,6396,22.4
29143,New Madrid County,Missouri,2008,5,48,565,7,89,1266,18805,3761,2686,688,3.66
29155,Pemiscot County,Missouri,2008,3,25,320,8,144,1919,18552,6184,2319,2569,13.85
29165,Platte County,Missouri,2008,6,32,403,14,841,16497,87003,14500,6214,28510,32.77
29167,Polk County,Missouri,2008,6,55,943,6,130,1893,30790,5131,5131,5159,16.76
29169,Pulaski County,Missouri,2008,6,48,542,6,203,2904,48300,8050,8050,17330,35.88
29175,Randolph County,Missouri,2008,5,36,453,3,77,1364,25597,5119,8532,8920,34.85
29183,St. Charles County,Missouri,2008,17,240,3244,37,2265,47681,351179,20657,9491,62655,17.84
29189,St. Louis County,Missouri,2008,81,819,10306,176,9100,202966,998331,12325,5672,116803,11.7
29213,Taney County,Missouri,2008,10,70,1541,12,558,9288,49711,4971,4142,6656,13.39
30029,Flathead County,Montana,2008,6,87,1211,14,857,19596,90260,15043,6447,28965,32.09
30031,Gallatin County,Montana,2008,3,39,641,21,1012,22621,88932,29644,4234,50101,56.34
30049,Lewis and Clark County,Montana,2008,3,24,259,9,402,8347,61747,20582,6860,36562,59.21
30063,Missoula County,Montana,2008,6,57,563,21,936,21082,107747,17957,5130,33143,30.76
31001,Adams County,Nebraska,2008,5,64,672,7,313,5108,31160,6232,4451,11278,36.19
31017,Brown County,Nebraska,2008,4,58,861,3,59,627,3149,787,1049,-7805,-247.86
31025,Cass County,Nebraska,2008,4,72,1266,7,102,1403,25322,6330,3617,3835,15.14
31039,Cuming County,Nebraska,2008,4,63,1224,3,81,1299,9215,2303,3071,-5271,-57.2
31047,Dawson County,Nebraska,2008,7,66,1004,5,142,1815,24160,3451,4832,4221,17.47
31053,Dodge County,Nebraska,2008,5,47,615,7,376,5857,36548,7309,5221,12862,35.19
31055,Douglas County,Nebraska,2008,34,375,5028,84,6802,113833,504547,14839,6006,110977,22.0
31059,Fillmore County,Nebraska,2008,3,24,212,5,55,562,5940,1980,1188,-6411,-107.93
31067,Gage County,Nebraska,2008,6,60,837,4,109,1388,22574,3762,5643,5182,22.96
31089,Holt County,Nebraska,2008,5,103,1586,9,187,2094,10399,2079,1155,-3035,-29.19
31109,Lancaster County,Nebraska,2008,14,146,1581,42,3075,45980,279605,19971,6657,77786,27.82
31111,Lincoln County,Nebraska,2008,7,109,1545,7,132,1998,36301,5185,5185,9283,25.57
31119,Madison County,Nebraska,2008,5,66,980,8,492,8021,34319,6863,4289,11590,33.77
31131,Otoe County,Nebraska,2008,5,63,1057,4,115,940,15728,3145,3932,575,3.66
31137,Phelps County,Nebraska,2008,3,46,664,4,83,1326,9195,3065,2298,-3311,-36.01
31141,Platte County,Nebraska,2008,5,72,847,6,447,6869,31527,6305,5254,14095,44.71
31155,Saunders County,Nebraska,2008,5,62,822,7,115,1679,20446,4089,2920,1864,9.12
31161,Sheridan County,Nebraska,2008,4,41,452,5,74,997,5500,1375,1100,-6199,-112.71
31185,York County,Nebraska,2008,4,52,774,3,156,1769,13881,3470,4627,2409,17.35
32003,Clark County,Nevada,2008,98,1243,19432,263,13835,351986,1912349,19513,7271,89666,4.69
32031,Washoe County,Nevada,2008,23,206,3664,64,3517,92980,414793,18034,6481,31054,7.49
33003,Carroll County,New Hampshire,2008,11,80,1255,22,737,15181,48013,4364,2182,4773,9.94
33005,Cheshire County,New Hampshire,2008,4,51,764,22,1341,22924,77472,19368,3521,38810,50.1
33007,Coos County,New Hampshire,2008,7,59,724,14,485,6972,33488,4784,2392,7522,22.46
33009,Grafton County,New Hampshire,2008,13,123,1818,32,1419,30022,88745,6826,2773,14803,16.68
34001,Atlantic County,New Jersey,2008,31,206,3225,77,2217,59375,273014,8806,3545,14956,5.48
34003,Bergen County,New Jersey,2008,57,421,6307,249,10142,260298,895328,15707,3595,24307,2.71
34005,Burlington County,New Jersey,2008,31,255,2901,78,4325,98908,446831,14413,5728,56471,12.64
34007,Camden County,New Jersey,2008,45,421,5385,158,4634,100295,513853,11418,3252,49733,9.68
34011,Cumberland County,New Jersey,2008,13,98,1272,40,1119,27020,155738,11979,3893,19792,12.71
34013,Essex County,New Jersey,2008,68,548,9781,323,5951,158331,778165,11443,2409,-17935,-2.3
34015,Gloucester County,New Jersey,2008,24,215,2685,48,2677,59238,286072,11919,5959,44703,15.63
34017,Hudson County,New Jersey,2008,70,435,6407,249,3938,97698,619533,8850,2488,16219,2.62
34019,Hunterdon County,New Jersey,2008,4,24,256,24,1318,33783,128449,32112,5352,54234,42.22
34021,Mercer County,New Jersey,2008,34,244,3437,109,3911,91989,364119,10709,3340,29892,8.21
34023,Middlesex County,New Jersey,2008,65,434,6348,221,6384,148716,799191,12295,3616,43140,5.4
34025,Monmouth County,New Jersey,2008,40,277,3727,171,7881,181644,627348,15683,3668,48768,7.77
34027,Morris County,New Jersey,2008,24,154,2080,108,5493,150122,489743,20405,4534,24818,5.07
34029,Ocean County,New Jersey,2008,36,334,4743,102,5115,122384,569485,15819,5583,51000,8.96
34031,Passaic County,New Jersey,2008,48,353,8253,225,4086,95912,494904,10310,2199,-16442,-3.32
34033,Salem County,New Jersey,2008,7,47,474,14,426,9426,65974,9424,4712,15345,23.26
34035,Somerset County,New Jersey,2008,16,79,1246,65,3706,88240,318856,19928,4905,38141,11.96
34037,Sussex County,New Jersey,2008,7,73,813,26,1703,37883,150145,21449,5774,44526,29.66
34039,Union County,New Jersey,2008,47,473,7674,150,4368,105959,527528,11224,3516,28444,5.39
34041,Warren County,New Jersey,2008,6,84,902,32,1427,34490,109264,18210,3414,30260,27.69
35001,Bernalillo County,New Mexico,2008,55,553,8412,75,4214,90378,646879,11761,8625,78854,12.19
35005,Chaves County,New Mexico,2008,9,69,975,8,355,6835,64378,7153,8047,17103,26.57
35006,Cibola County,New Mexico,2008,6,41,441,3,126,2362,27259,4543,9086,10367,38.03
35009,Curry County,New Mexico,2008,8,72,981,4,189,3301,45512,5689,11378,17276,37.96
35013,Doa Ana County,New Mexico,2008,21,148,1941,22,727,13904,200855,9564,9129,36043,17.94
35025,Lea County,New Mexico,2008,10,108,1403,6,379,8360,62737,6273,10456,20777,33.12
35031,McKinley County,New Mexico,2008,13,146,2478,14,439,9758,70449,5419,5032,10695,15.18
35035,Otero County,New Mexico,2008,7,59,804,7,168,3357,62498,8928,8928,18544,29.67
35047,San Miguel County,New Mexico,2008,4,52,565,5,87,1091,29234,7308,5846,11468,39.23
35057,Torrance County,New Mexico,2008,4,40,491,5,63,1080,16257,4064,3251,434,2.67
35061,Valencia County,New Mexico,2008,8,76,946,12,321,6415,74879,9359,6239,18774,25.07
36005,Bronx County,New York,2008,188,1080,15638,893,5262,100367,1363488,7252,1526,-9952,-0.73
36007,Broome County,New York,2008,26,283,3120,34,2145,35032,201029,7731,5912,58725,29.21
36009,Cattaraugus County,New York,2008,15,133,1410,22,783,11278,80761,5384,3670,23944,29.65
36013,Chautauqua County,New York,2008,24,235,2679,35,1264,21851,135229,5634,3863,36085,26.68
36015,Chemung County,New York,2008,16,165,1863,13,773,13565,88503,5531,6807,29202,33.0
36017,Chenango County,New York,2008,11,85,952,10,343,6369,51326,4666,5132,13245,25.81
36021,Columbia County,New York,2008,8,94,1122,22,660,13447,63253,7906,2875,13351,21.11
36027,Dutchess County,New York,2008,21,234,2685,106,3240,70262,296267,14107,2794,35437,11.96
36029,Erie County,New York,2008,110,1198,13656,236,10971,183748,920571,8368,3900,216100,23.47
36037,Genesee County,New York,2008,6,57,572,8,375,6606,59895,9982,7486,22255,37.16
36039,Greene County,New York,2008,7,75,709,11,487,8279,49467,7066,4497,16511,33.38
36043,Herkimer County,New York,2008,8,84,988,14,309,5283,64404,8050,4600,15735,24.43
36045,Jefferson County,New York,2008,18,159,1716,27,749,15039,115033,6390,4260,24434,21.24
36047,Kings County,New York,2008,299,1929,28011,1564,10423,213675,2460361,8228,1573,-44315,-1.8
36053,Madison County,New York,2008,10,92,1216,15,513,9413,73075,7307,4871,16474,22.54
36055,Monroe County,New York,2008,64,773,8366,166,10618,192279,741018,11578,4463,164924,22.26
36059,Nassau County,New York,2008,89,1234,28137,562,12515,305014,1325129,14889,2357,-79611,-6.01
36061,New York County,New York,2008,142,1166,26470,1127,16366,399476,1587022,11176,1408,-183267,-11.55
36063,Niagara County,New York,2008,27,311,3307,31,1750,29445,215793,7992,6961,59740,27.68
36065,Oneida County,New York,2008,34,342,3451,46,1819,32464,234482,6896,5097,59866,25.53
36067,Onondaga County,New York,2008,45,474,5022,113,6832,112270,463472,10299,4101,119697,25.83
36069,Ontario County,New York,2008,13,129,1655,17,1389,24049,106302,8177,6253,32595,30.66
36073,Orleans County,New York,2008,5,41,505,10,215,3892,43254,8650,4325,11468,26.51
36075,Oswego County,New York,2008,14,124,1406,24,990,17139,122366,8740,5098,29044,23.74
36079,Putnam County,New York,2008,4,38,394,34,794,20234,99537,24884,2927,35162,35.33
36081,Queens County,New York,2008,235,1613,30697,1166,11206,228809,2193623,9334,1881,-56602,-2.58
36085,Richmond County,New York,2008,29,271,3463,194,3708,84975,463701,15989,2390,18711,4.04
36087,Rockland County,New York,2008,20,210,2481,94,2126,54257,305413,15270,3249,24426,8.0
36089,St. Lawrence County,New York,2008,21,201,2125,29,889,15398,111684,5318,3851,30380,27.2
36093,Schenectady County,New York,2008,16,137,2049,31,1728,31134,153360,9585,4947,32584,21.25
36101,Steuben County,New York,2008,15,120,1202,22,991,17549,98726,6581,4487,26227,26.57
36103,Suffolk County,New York,2008,79,822,10527,513,14147,341036,1480218,18736,2885,32327,2.18
36105,Sullivan County,New York,2008,15,97,1307,29,749,13049,77755,5183,2681,12989,16.71
36107,Tioga County,New York,2008,9,193,2530,11,336,5895,51498,5722,4681,16969,32.95
36109,Tompkins County,New York,2008,5,54,643,17,1338,23950,100383,20076,5904,45203,45.03
36111,Ulster County,New York,2008,14,163,1886,52,1863,37045,183174,13083,3522,34486,18.83
36117,Wayne County,New York,2008,18,131,1379,17,876,15052,93739,5207,5514,27811,29.67
36119,Westchester County,New York,2008,56,411,5411,426,9372,225184,937449,16740,2200,-2153,-0.23
36121,Wyoming County,New York,2008,10,91,1349,10,384,6664,42281,4228,4228,8907,21.07
37001,Alamance County,North Carolina,2008,23,225,2565,19,766,12509,147704,6421,7773,40310,27.29
37003,Alexander County,North Carolina,2008,5,42,446,5,152,2234,36840,7368,7368,13930,37.81
37005,Alleghany County,North Carolina,2008,4,23,191,3,96,1340,11131,2782,3710,-613,-5.51
37007,Anson County,North Carolina,2008,5,44,386,7,137,1992,26837,5367,3833,6568,24.47
37009,Ashe County,North Carolina,2008,5,51,575,4,173,2885,26858,5371,6714,9788,36.44
37011,Avery County,North Carolina,2008,5,36,485,5,252,3765,18024,3604,3604,2466,13.68
37013,Beaufort County,North Carolina,2008,9,77,851,10,393,6175,47297,5255,4729,13579,28.71
37015,Bertie County,North Carolina,2008,3,21,237,5,71,1045,21121,7040,4224,5974,28.28
37017,Bladen County,North Carolina,2008,10,73,911,7,189,2803,34665,3466,4952,8473,24.44
37019,Brunswick County,North Carolina,2008,19,156,1691,18,733,12175,103257,5434,5736,29341,28.42
37021,Buncombe County,North Carolina,2008,27,278,3792,53,3043,52580,233772,8658,4410,54635,23.37
37023,Burke County,North Carolina,2008,15,143,1788,19,652,10352,90788,6052,4778,22823,25.14
37025,Cabarrus County,North Carolina,2008,22,181,2166,29,1057,18319,171915,7814,5928,36182,21.05
37027,Caldwell County,North Carolina,2008,14,136,1590,15,625,8738,82527,5894,5501,25019,30.32
37035,Catawba County,North Carolina,2008,29,300,3450,26,1033,15776,153848,5305,5917,47434,30.83
37037,Chatham County,North Carolina,2008,12,63,896,14,509,8195,61783,5148,4413,12743,20.63
37039,Cherokee County,North Carolina,2008,8,64,626,6,227,3492,27545,3443,4590,8174,29.68
37045,Cleveland County,North Carolina,2008,24,156,2035,18,588,9748,98155,4089,5453,25719,26.2
37047,Columbus County,North Carolina,2008,18,128,1737,14,426,6152,56503,3139,4035,16027,28.36
37049,Craven County,North Carolina,2008,18,134,1720,18,599,9867,99423,5523,5523,23318,23.45
37051,Cumberland County,North Carolina,2008,48,535,6434,45,1525,24787,311800,6495,6928,76916,24.67
37053,Currituck County,North Carolina,2008,4,33,329,9,207,6041,23378,5844,2597,1506,6.44
37055,Dare County,North Carolina,2008,13,91,1486,18,523,13257,33553,2581,1864,-591,-1.76
37057,Davidson County,North Carolina,2008,26,265,2974,29,795,14049,161520,6212,5569,39551,24.49
37061,Duplin County,North Carolina,2008,17,122,1429,14,375,6806,56810,3341,4057,15417,27.14
37063,Durham County,North Carolina,2008,29,353,4803,47,1957,38007,259356,8943,5518,48010,18.51
37065,Edgecombe County,North Carolina,2008,11,106,1129,10,271,4388,56420,5129,5642,16590,29.4
37067,Forsyth County,North Carolina,2008,45,505,6488,65,2675,43063,344330,7651,5297,77254,22.44
37069,Franklin County,North Carolina,2008,10,71,884,9,323,5634,58925,5892,6547,15088,25.61
37071,Gaston County,North Carolina,2008,38,299,3855,35,1309,22609,204454,5380,5841,49006,23.97
37081,Guilford County,North Carolina,2008,56,558,6662,95,3435,58199,477809,8532,5029,91988,19.25
37083,Halifax County,North Carolina,2008,19,180,1933,22,420,5921,55568,2924,2525,19631,35.33
37089,Henderson County,North Carolina,2008,11,145,1750,23,1116,19319,104289,9480,4534,29456,28.24
37091,Hertford County,North Carolina,2008,10,82,1047,7,255,3705,24473,2447,3496,6120,25.01
37093,Hoke County,North Carolina,2008,5,32,448,7,155,2512,43912,8782,6273,13266,30.21
37097,Iredell County,North Carolina,2008,23,214,2901,30,1047,20137,156204,6791,5206,30677,19.64
37101,Johnston County,North Carolina,2008,23,215,2504,33,1046,17315,161746,7032,4901,36589,22.62
37105,Lee County,North Carolina,2008,11,97,1288,16,490,7136,55822,5074,3488,12979,23.25
37107,Lenoir County,North Carolina,2008,18,124,1661,15,509,8633,59398,3299,3959,15789,26.58
37109,Lincoln County,North Carolina,2008,14,133,1724,14,619,10357,76143,5438,5438,20828,27.35
37111,McDowell County,North Carolina,2008,9,92,961,10,344,5606,44768,4974,4476,13495,30.14
37119,Mecklenburg County,North Carolina,2008,72,683,9409,186,9006,155048,887991,12333,4774,137191,15.45
37127,Nash County,North Carolina,2008,20,193,2284,22,733,11588,94718,4735,4305,27590,29.13
37129,New Hanover County,North Carolina,2008,25,324,4612,41,1946,31750,197709,7908,4822,46586,23.56
37135,Orange County,North Carolina,2008,10,99,1079,20,1441,26907,129764,12976,6488,38049,29.32
37145,Person County,North Carolina,2008,7,81,886,6,201,3067,39016,5573,6502,13747,35.23
37147,Pitt County,North Carolina,2008,33,265,3052,27,1101,18595,162116,4912,6004,46441,28.65
37151,Randolph County,North Carolina,2008,21,159,2197,21,668,10140,140297,6680,6680,29774,21.22
37153,Richmond County,North Carolina,2008,11,97,1198,11,276,3670,46538,4230,4230,11861,25.49
37155,Robeson County,North Carolina,2008,29,305,3256,26,815,12207,131734,4542,5066,45311,34.4
37157,Rockingham County,North Carolina,2008,20,194,2258,16,435,6326,93299,4664,5831,28185,30.21
37159,Rowan County,North Carolina,2008,23,206,2895,20,773,13363,137721,5987,6886,31519,22.89
37163,Sampson County,North Carolina,2008,15,172,2352,13,382,6507,62837,4189,4833,17012,27.07
37165,Scotland County,North Carolina,2008,12,112,1147,6,189,3045,36463,3038,6077,14651,40.18
37169,Stokes County,North Carolina,2008,9,65,626,10,284,4389,47363,5262,4736,12488,26.37
37171,Surry County,North Carolina,2008,17,209,2765,16,530,8274,73404,4317,4587,22415,30.54
37173,Swain County,North Carolina,2008,6,33,453,3,137,3335,13872,2312,4624,-661,-4.76
37179,Union County,North Carolina,2008,19,202,2329,25,1245,20732,193678,10193,7747,46123,23.81
37183,Wake County,North Carolina,2008,59,651,8515,171,8215,145266,856492,14516,5008,126741,14.8
37185,Warren County,North Carolina,2008,3,21,229,3,116,1421,20923,6974,6974,10035,47.96
37189,Watauga County,North Carolina,2008,11,198,2982,11,549,8226,50266,4569,4569,16302,32.43
37191,Wayne County,North Carolina,2008,23,216,2780,18,558,10055,119910,5213,6661,30466,25.41
37193,Wilkes County,North Carolina,2008,10,92,1226,16,447,5900,69317,6931,4332,16558,23.89
37195,Wilson County,North Carolina,2008,18,156,1753,20,440,6511,79790,4432,3989,21466,26.9
38015,Burleigh County,North Dakota,2008,7,96,1412,7,742,10465,78678,11239,11239,34500,43.85
38099,Walsh County,North Dakota,2008,4,50,605,6,142,1363,11296,2824,1882,-1207,-10.69
39001,Adams County,Ohio,2008,9,64,896,5,114,1605,28686,3187,5737,6268,21.85
39005,Ashland County,Ohio,2008,8,45,625,9,431,6310,53499,6687,5944,14782,27.63
39007,Ashtabula County,Ohio,2008,22,158,2058,20,503,9433,101826,4628,5091,22472,22.07
39009,Athens County,Ohio,2008,12,94,1396,13,371,8586,64546,5378,4965,10519,16.3
39015,Brown County,Ohio,2008,12,102,1450,7,323,5943,44668,3722,6381,12400,27.76
39017,Butler County,Ohio,2008,33,279,3875,53,2776,51449,364179,11035,6871,59912,16.45
39019,Carroll County,Ohio,2008,6,82,1099,4,127,1540,28999,4833,7249,10536,36.33
39021,Champaign County,Ohio,2008,6,50,582,8,209,3730,40263,6710,5032,10406,25.85
39023,Clark County,Ohio,2008,17,157,2154,23,899,17000,139404,8200,6061,27949,20.05
39027,Clinton County,Ohio,2008,10,79,1075,9,457,8408,42656,4265,4739,10471,24.55
39029,Columbiana County,Ohio,2008,18,146,1799,19,619,9175,108469,6026,5708,26744,24.66
39031,Coshocton County,Ohio,2008,5,44,598,6,267,3940,36953,7390,6158,12859,34.8
39035,Cuyahoga County,Ohio,2008,126,1066,14556,319,9314,190753,1291479,10249,4048,128900,9.98
39037,Darke County,Ohio,2008,6,47,637,8,347,5980,52909,8818,6613,16689,31.54
39043,Erie County,Ohio,2008,10,106,1463,11,299,5688,77573,7757,7052,18653,24.05
39047,Fayette County,Ohio,2008,4,27,364,11,185,4223,28896,7224,2626,3682,12.74
39049,Franklin County,Ohio,2008,104,1439,22621,239,9352,195827,1141183,10972,4774,119950,10.51
39051,Fulton County,Ohio,2008,7,58,870,6,262,4744,42780,6111,7130,11770,27.51
39053,Gallia County,Ohio,2008,8,62,938,6,154,1905,30997,3874,5166,6090,19.65
39057,Greene County,Ohio,2008,19,157,1923,26,1202,23746,160115,8427,6158,32790,20.48
39059,Guernsey County,Ohio,2008,9,75,1007,10,225,3554,40347,4483,4034,7691,19.06
39061,Hamilton County,Ohio,2008,82,747,10454,156,6664,139179,799840,9754,5127,102026,12.76
39063,Hancock County,Ohio,2008,7,64,768,11,380,7251,74781,10683,6798,21839,29.2
39071,Highland County,Ohio,2008,7,56,719,6,236,4512,43700,6242,7283,12744,29.16
39075,Holmes County,Ohio,2008,6,30,312,11,274,3267,42029,7004,3820,10332,24.58
39077,Huron County,Ohio,2008,14,132,1609,17,354,5114,60121,4294,3536,14798,24.61
39081,Jefferson County,Ohio,2008,14,119,1763,21,573,10242,69989,4999,3332,12194,17.42
39083,Knox County,Ohio,2008,10,87,1066,12,369,6627,60348,6034,5029,14307,23.71
39085,Lake County,Ohio,2008,22,241,2948,37,1757,36632,229904,10450,6213,43060,18.73
39087,Lawrence County,Ohio,2008,9,63,857,12,395,5452,62640,6960,5220,15361,24.52
39089,Licking County,Ohio,2008,19,160,2363,25,1161,24310,163916,8627,6556,28718,17.52
39091,Logan County,Ohio,2008,8,85,1176,14,304,4989,46115,5764,3293,8488,18.41
39093,Lorain County,Ohio,2008,38,350,4082,53,1949,36746,299814,7889,5656,58566,19.53
39097,Madison County,Ohio,2008,5,23,443,5,179,3379,43163,8632,8632,14198,32.89
39099,Mahoning County,Ohio,2008,38,331,4070,58,2008,33398,241572,6357,4165,54595,22.6
39103,Medina County,Ohio,2008,12,122,1508,25,1717,29697,170330,14194,6813,45650,26.8
39107,Mercer County,Ohio,2008,5,50,610,7,208,3309,41022,8204,5860,13843,33.75
39113,Montgomery County,Ohio,2008,67,616,9057,79,3721,76436,537664,8024,6805,83161,15.47
39119,Muskingum County,Ohio,2008,13,113,1431,15,564,9735,85874,6605,5724,20869,24.3
39127,Perry County,Ohio,2008,5,49,514,8,165,3362,36150,7230,4518,9772,27.03
39129,Pickaway County,Ohio,2008,8,68,908,9,301,6141,55376,6922,6152,13367,24.14
39133,Portage County,Ohio,2008,16,126,1503,19,923,17853,160184,10011,8430,34756,21.7
39137,Putnam County,Ohio,2008,6,34,459,8,177,1780,34655,5775,4331,7388,21.32
39139,Richland County,Ohio,2008,19,182,2501,22,854,15742,126128,6638,5733,27382,21.71
39141,Ross County,Ohio,2008,13,113,1611,15,535,9091,77675,5975,5178,17304,22.28
39143,Sandusky County,Ohio,2008,10,94,1199,12,480,7890,61184,6118,5098,16236,26.54
39145,Scioto County,Ohio,2008,16,128,1923,14,496,9888,79133,4945,5652,16162,20.42
39149,Shelby County,Ohio,2008,6,57,730,9,328,6717,49454,8242,5494,13715,27.73
39151,Stark County,Ohio,2008,46,398,5550,64,3061,60121,377141,8198,5892,64147,17.01
39153,Summit County,Ohio,2008,60,581,8118,87,5116,98338,543116,9051,6242,95454,17.58
39155,Trumbull County,Ohio,2008,39,352,4736,46,1677,28468,212191,5440,4612,50651,23.87
39157,Tuscarawas County,Ohio,2008,17,156,2043,15,822,14656,92634,5449,6175,25788,27.84
39159,Union County,Ohio,2008,6,50,632,6,199,4578,50856,8476,8476,16346,32.14
39165,Warren County,Ohio,2008,17,122,1996,24,1727,32030,208640,12272,8693,41432,19.86
39167,Washington County,Ohio,2008,12,90,1470,15,579,9927,62040,5170,4136,11691,18.84
39173,Wood County,Ohio,2008,20,382,4781,18,760,15063,125275,6263,6959,40330,32.19
40013,Bryan County,Oklahoma,2008,9,81,955,5,166,1617,41453,4605,8290,15323,36.96
40017,Canadian County,Oklahoma,2008,12,95,1214,15,244,4320,109969,9164,7331,22565,20.52
40019,Carter County,Oklahoma,2008,16,138,1765,7,173,3116,46910,2931,6701,16168,34.47
40027,Cleveland County,Oklahoma,2008,22,209,2723,46,1237,25176,246790,11217,5365,35513,14.39
40031,Comanche County,Oklahoma,2008,22,193,2432,11,312,5058,118001,5363,10727,33599,28.47
40051,Grady County,Oklahoma,2008,6,73,895,8,189,2806,51621,8603,6452,16974,32.88
40071,Kay County,Oklahoma,2008,10,96,1382,14,403,4932,46410,4641,3315,10529,22.69
40079,Le Flore County,Oklahoma,2008,17,165,1887,6,202,3012,49802,2929,8300,23060,46.3
40089,McCurtain County,Oklahoma,2008,6,42,507,9,148,3127,33112,5518,3679,4714,14.24
40091,McIntosh County,Oklahoma,2008,4,29,389,5,212,3962,19952,4988,3990,3265,16.36
40101,Muskogee County,Oklahoma,2008,16,141,1652,12,366,5851,70050,4378,5837,20856,29.77
40109,Oklahoma County,Oklahoma,2008,102,800,11048,173,4034,84810,701484,6877,4054,93175,13.28
40123,Pontotoc County,Oklahoma,2008,7,59,674,4,91,1281,36687,5241,9171,13378,36.47
40125,Pottawatomie County,Oklahoma,2008,14,149,2105,7,141,2135,68752,4910,9821,20544,29.88
40137,Stephens County,Oklahoma,2008,10,96,1215,9,196,2746,44508,4450,4945,11207,25.18
40139,Texas County,Oklahoma,2008,4,23,344,5,108,1354,19539,4884,3907,2189,11.2
40143,Tulsa County,Oklahoma,2008,76,644,9560,73,4172,74155,588510,7743,8061,107085,18.2
41001,Baker County,Oregon,2008,4,49,592,8,176,4355,16195,4048,2024,-1271,-7.85
41003,Benton County,Oregon,2008,4,38,497,13,813,16606,84150,21037,6473,39814,47.31
41011,Coos County,Oregon,2008,4,95,1203,20,600,14817,63226,15806,3161,23267,36.8
41019,Douglas County,Oregon,2008,4,68,873,28,786,18511,107316,26829,3832,43699,40.72
41029,Jackson County,Oregon,2008,14,233,3502,33,1626,42671,201162,14368,6095,29664,14.75
41035,Klamath County,Oregon,2008,6,97,1651,13,417,11355,66732,11122,5133,14126,21.17
41039,Lane County,Oregon,2008,18,270,3829,59,2797,68329,348176,19343,5901,44773,12.86
41041,Lincoln County,Oregon,2008,5,35,464,17,587,12756,45915,9183,2700,9606,20.92
41043,Linn County,Oregon,2008,9,100,2230,18,636,14834,114967,12774,6387,17433,15.16
41051,Multnomah County,Oregon,2008,24,365,5394,130,5835,154429,712989,29707,5484,48436,6.79
41061,Union County,Oregon,2008,3,39,623,8,232,4838,25473,8491,3184,7088,27.83
41067,Washington County,Oregon,2008,23,328,3823,79,4545,120922,515815,22426,6529,54409,10.55
42001,Adams County,Pennsylvania,2008,10,69,783,15,736,11743,101056,10105,6737,27729,27.44
42003,Allegheny County,Pennsylvania,2008,131,1127,14930,205,13135,249832,1221071,9321,5956,213998,17.53
42007,Beaver County,Pennsylvania,2008,23,215,2697,30,1389,18083,171336,7449,5711,45787,26.72
42009,Bedford County,Pennsylvania,2008,8,62,763,12,390,5996,50052,6256,4171,12119,24.21
42011,Berks County,Pennsylvania,2008,31,252,3548,72,3477,53369,407737,13152,5663,71805,17.61
42013,Blair County,Pennsylvania,2008,25,275,3913,19,1051,16069,127112,5084,6690,38380,30.19
42017,Bucks County,Pennsylvania,2008,46,1053,14483,100,8492,158550,623297,13549,6232,141499,22.7
42021,Cambria County,Pennsylvania,2008,35,302,3962,32,1176,17686,144646,4132,4520,44490,30.76
42025,Carbon County,Pennsylvania,2008,8,58,856,12,482,7802,64947,8118,5412,16265,25.04
42029,Chester County,Pennsylvania,2008,28,298,3917,72,5552,105673,491473,17552,6826,87397,17.78
42031,Clarion County,Pennsylvania,2008,9,122,1711,15,263,4900,40355,4483,2690,6116,15.16
42033,Clearfield County,Pennsylvania,2008,23,164,2240,18,677,10291,82130,3570,4562,24338,29.63
42037,Columbia County,Pennsylvania,2008,11,112,1363,12,734,9553,66645,6058,5553,24047,36.08
42041,Cumberland County,Pennsylvania,2008,19,193,2429,39,3436,55215,231357,12176,5932,66839,28.89
42043,Dauphin County,Pennsylvania,2008,28,253,3681,51,2641,41235,265395,9478,5203,55752,21.01
42045,Delaware County,Pennsylvania,2008,47,416,5331,97,5157,115965,556246,11835,5734,68961,12.4
42047,Elk County,Pennsylvania,2008,6,38,386,8,236,3094,32504,5417,4063,8000,24.61
42049,Erie County,Pennsylvania,2008,36,315,4308,40,2434,43535,278686,7741,6967,59962,21.52
42051,Fayette County,Pennsylvania,2008,24,210,2839,29,1105,17867,138813,5783,4786,33028,23.79
42059,Greene County,Pennsylvania,2008,9,76,933,11,484,9986,39074,4341,3552,8051,20.6
42061,Huntingdon County,Pennsylvania,2008,10,49,727,7,307,5160,45853,4585,6550,10834,23.63
42063,Indiana County,Pennsylvania,2008,12,134,1940,10,546,7817,88807,7400,8880,26474,29.81
42065,Jefferson County,Pennsylvania,2008,12,67,834,10,360,5779,45260,3771,4526,10777,23.81
42069,Lackawanna County,Pennsylvania,2008,28,271,3252,40,3026,49714,214044,7644,5351,63905,29.86
42071,Lancaster County,Pennsylvania,2008,43,686,12818,105,7203,109092,511957,11905,4875,102248,19.97
42073,Lawrence County,Pennsylvania,2008,17,170,2419,13,589,10794,91798,5399,7061,23603,25.71
42075,Lebanon County,Pennsylvania,2008,9,107,1438,33,1361,20490,131574,14619,3987,36935,28.07
42077,Lehigh County,Pennsylvania,2008,24,242,3428,65,3953,62807,344743,14364,5303,73066,21.19
42079,Luzerne County,Pennsylvania,2008,41,420,5744,68,3537,55870,319210,7785,4694,76111,23.84
42085,Mercer County,Pennsylvania,2008,20,179,2546,20,829,14259,117189,5859,5859,27177,23.19
42087,Mifflin County,Pennsylvania,2008,7,68,785,15,347,5406,46600,6657,3106,10492,22.52
42089,Monroe County,Pennsylvania,2008,18,166,2370,27,1370,26927,168576,9365,6243,32515,19.29
42091,Montgomery County,Pennsylvania,2008,46,345,4872,138,9432,193824,789250,17157,5719,97879,12.4
42095,Northampton County,Pennsylvania,2008,21,192,2096,55,3715,54909,295096,14052,5365,78013,26.44
42097,Northumberland County,Pennsylvania,2008,15,106,1416,18,731,7521,94150,6276,5230,26196,27.82
42101,Philadelphia County,Pennsylvania,2008,193,1462,19639,462,9481,210376,1499731,7770,3246,142310,9.49
42107,Schuylkill County,Pennsylvania,2008,19,145,2240,32,1428,18917,148463,7813,4639,34545,23.27
42109,Snyder County,Pennsylvania,2008,9,108,1085,14,468,7009,39481,4386,2820,13068,33.1
42115,Susquehanna County,Pennsylvania,2008,9,58,734,12,328,5168,43405,4822,3617,8239,18.98
42117,Tioga County,Pennsylvania,2008,9,98,1346,9,290,4079,41609,4623,4623,10800,25.96
42121,Venango County,Pennsylvania,2008,9,78,1089,13,362,5399,55315,6146,4255,12051,21.79
42125,Washington County,Pennsylvania,2008,24,232,2334,36,1456,23900,207240,8635,5756,49459,23.87
42127,Wayne County,Pennsylvania,2008,9,60,535,15,625,10218,51692,5743,3446,14202,27.47
42129,Westmoreland County,Pennsylvania,2008,50,459,5907,51,2694,49096,366058,7321,7177,78252,21.38
42133,York County,Pennsylvania,2008,43,360,4732,62,4351,64426,429399,9986,6925,98544,22.95
44005,Newport County,Rhode Island,2008,8,80,1353,9,530,11003,82505,10313,9167,22460,27.22
44007,Providence County,Rhode Island,2008,50,724,10721,124,5295,105394,627889,12557,5063,81520,12.98
45003,Aiken County,South Carolina,2008,33,309,3547,28,1312,22520,156896,4754,5603,50035,31.89
45005,Allendale County,South Carolina,2008,3,29,228,4,87,990,10803,3601,2700,-274,-2.54
45007,Anderson County,South Carolina,2008,35,284,3691,26,1560,27420,184520,5272,7096,51045,27.66
45009,Bamberg County,South Carolina,2008,8,59,794,3,78,1085,16104,2013,5368,2937,18.24
45013,Beaufort County,South Carolina,2008,15,162,2407,37,1737,36316,156399,10426,4227,27127,17.34
45015,Berkeley County,South Carolina,2008,25,233,3134,17,883,16278,171099,6843,10064,41140,24.04
45019,Charleston County,South Carolina,2008,52,419,5627,92,4323,79198,341921,6575,3716,73768,21.57
45025,Chesterfield County,South Carolina,2008,11,72,1051,11,358,4645,46319,4210,4210,10238,22.1
45027,Clarendon County,South Carolina,2008,11,70,882,6,330,3810,34875,3170,5812,12360,35.44
45029,Colleton County,South Carolina,2008,9,86,906,11,375,5480,39014,4334,3546,11487,29.44
45033,Dillon County,South Carolina,2008,11,70,814,9,233,3508,31585,2871,3509,6956,22.02
45035,Dorchester County,South Carolina,2008,16,159,2054,17,1019,19403,130593,8162,7681,32369,24.79
45041,Florence County,South Carolina,2008,32,344,4170,41,1173,18231,135032,4219,3293,43114,31.93
45045,Greenville County,South Carolina,2008,70,600,8013,86,4193,78043,438742,6267,5101,96335,21.96
45047,Greenwood County,South Carolina,2008,16,147,1763,16,523,8667,68862,4303,4303,19522,28.35
45049,Hampton County,South Carolina,2008,8,66,781,7,186,2980,21212,2651,3030,3104,14.63
45051,Horry County,South Carolina,2008,65,544,7174,55,2464,46453,260609,4009,4738,78985,30.31
45055,Kershaw County,South Carolina,2008,13,109,1447,9,397,5432,60395,4645,6710,18521,30.67
45057,Lancaster County,South Carolina,2008,8,79,889,16,424,6756,72733,9091,4545,18928,26.02
45063,Lexington County,South Carolina,2008,49,446,5166,42,1975,33571,252747,5158,6017,75009,29.68
45067,Marion County,South Carolina,2008,11,62,803,12,313,3868,33724,3065,2810,6426,19.05
45069,Marlboro County,South Carolina,2008,7,60,644,9,236,3197,29079,4154,3231,6368,21.9
45075,Orangeburg County,South Carolina,2008,34,294,3667,22,761,10835,92886,2731,4222,40244,43.33
45079,Richland County,South Carolina,2008,51,495,6205,59,2863,50864,373789,7329,6335,82138,21.97
45081,Saluda County,South Carolina,2008,4,35,360,3,125,1601,19503,4875,6501,7345,37.66
45083,Spartanburg County,South Carolina,2008,61,451,6039,45,2241,40822,279673,4584,6214,75603,27.03
45085,Sumter County,South Carolina,2008,24,199,2468,17,872,9977,106463,4435,6262,38123,35.81
45087,Union County,South Carolina,2008,9,64,646,8,217,3138,29172,3241,3646,6985,23.94
45089,Williamsburg County,South Carolina,2008,10,72,947,8,302,3851,35090,3509,4386,9241,26.34
45091,York County,South Carolina,2008,34,313,4097,35,1536,28071,217463,6395,6213,49059,22.56
46023,Charles Mix County,South Dakota,2008,4,37,455,5,108,1257,9009,2252,1801,-3773,-41.88
46099,Minnehaha County,South Dakota,2008,16,177,2744,22,2265,32702,166320,10395,7560,52487,31.56
46103,Pennington County,South Dakota,2008,8,30,964,19,916,25447,98128,12266,5164,10932,11.14
46109,Roberts County,South Dakota,2008,4,56,1013,7,77,1135,9997,2499,1428,-6786,-67.88
47003,Itasca County,Minnesota,2008,5,54,711,13,258,4116,44852,8970,3450,11663,26.0
47003,Bedford County,Tennessee,2008,5,54,711,13,258,4116,44395,8879,3415,11446,25.78
47005,Benton County,Tennessee,2008,5,34,478,4,63,833,16431,3286,4107,161,0.98
47009,Blount County,Tennessee,2008,13,118,1521,17,905,13992,121716,9362,7159,32251,26.5
47011,Bradley County,Tennessee,2008,14,116,1582,14,563,9281,97547,6967,6967,23452,24.04
47013,Campbell County,Tennessee,2008,7,62,624,9,251,3332,40672,5810,4519,11748,28.88
47023,Chester County,Tennessee,2008,5,37,477,5,99,1230,16840,3368,3368,399,2.37
47025,Claiborne County,Tennessee,2008,4,29,343,6,217,2952,32006,8001,5334,11928,37.27
47031,Coffee County,Tennessee,2008,12,93,1157,10,272,4660,52460,4371,5246,12823,24.44
47037,Davidson County,Tennessee,2008,79,944,14236,121,5168,110491,612649,7755,5063,91676,14.96
47045,Dyer County,Tennessee,2008,11,79,916,8,177,2868,38149,3468,4768,9370,24.56
47051,Franklin County,Tennessee,2008,7,59,674,10,171,2950,41093,5870,4109,8469,20.61
47055,Giles County,Tennessee,2008,9,75,904,7,146,2142,29705,3300,4243,6538,22.01
47059,Greene County,Tennessee,2008,9,102,1338,11,516,7565,68328,7592,6211,21142,30.94
47065,Hamilton County,Tennessee,2008,53,379,5824,66,2345,43948,328711,6202,4980,55460,16.87
47081,Hickman County,Tennessee,2008,4,42,610,7,87,1233,24623,6155,3517,4104,16.67
47093,Knox County,Tennessee,2008,42,425,6273,70,4431,73169,425276,10125,6075,85330,20.06
47097,Lauderdale County,Tennessee,2008,6,48,512,8,118,1414,27840,4640,3480,4873,17.5
47103,Lincoln County,Tennessee,2008,5,44,579,7,122,1415,32975,6595,4710,8336,25.28
47115,Marion County,Tennessee,2008,7,49,663,4,127,2088,28138,4019,7034,7411,26.34
47117,Marshall County,Tennessee,2008,8,66,914,8,213,3060,30108,3763,3763,5247,17.43
47119,Maury County,Tennessee,2008,18,154,1840,15,653,11061,79666,4425,5311,24192,30.37
47123,Monroe County,Tennessee,2008,11,78,1029,7,295,5412,44437,4039,6348,11818,26.59
47125,Montgomery County,Tennessee,2008,21,234,3119,13,518,10189,162144,7721,12472,39754,24.52
47133,Overton County,Tennessee,2008,5,53,693,7,124,1913,21756,4351,3108,2261,10.39
47141,Putnam County,Tennessee,2008,15,137,1810,14,371,6719,70746,4716,5053,16614,23.48
47143,Rhea County,Tennessee,2008,7,49,653,6,193,3116,31308,4472,5218,6813,21.76
47145,Roane County,Tennessee,2008,10,71,852,7,429,6937,54374,5437,7767,17777,32.69
47147,Robertson County,Tennessee,2008,7,59,823,12,343,6663,64780,9254,5398,15584,24.06
47149,Rutherford County,Tennessee,2008,25,301,3812,31,1805,36115,252565,10102,8147,52192,20.66
47155,Sevier County,Tennessee,2008,14,134,1751,22,1228,21068,87983,6284,3999,24607,27.97
47157,Shelby County,Tennessee,2008,108,1063,15246,172,6765,133514,920685,8524,5352,133401,14.49
47161,Stewart County,Tennessee,2008,4,28,346,4,65,1185,13199,3299,3299,-1508,-11.43
47163,Sullivan County,Tennessee,2008,22,197,2515,19,1136,17085,156028,7092,8212,42548,27.27
47165,Sumner County,Tennessee,2008,19,238,2937,28,1056,22123,155999,8210,5571,33157,21.25
47177,Warren County,Tennessee,2008,10,96,1627,11,215,4101,39534,3953,3594,3780,9.56
47179,Washington County,Tennessee,2008,14,122,1733,20,1156,18160,120056,8575,6002,30870,25.71
47185,White County,Tennessee,2008,5,33,456,3,90,2037,25548,5109,8516,8040,31.47
48035,Bosque County,Texas,2008,4,27,419,4,110,1908,17939,4484,4484,1717,9.57
48039,Brazoria County,Texas,2008,32,280,3861,30,1575,26466,301336,9416,10044,58025,19.26
48041,Brazos County,Texas,2008,13,117,1644,19,1386,24727,185098,14238,9742,45034,24.33
48043,Brewster County,Texas,2008,4,49,573,6,98,1204,8868,2217,1478,-3731,-42.07
48049,Brown County,Texas,2008,10,105,1491,7,155,2672,38135,3813,5447,8935,23.43
48061,Cameron County,Texas,2008,63,452,5777,45,2429,48136,393000,6238,8733,83289,21.19
48071,Chambers County,Texas,2008,5,41,849,6,218,2865,31619,6323,5269,6834,21.61
48085,Collin County,Texas,2008,45,391,5709,79,6325,117135,741264,16472,9383,107937,14.56
48091,Comal County,Texas,2008,13,108,1208,7,850,16611,103272,7944,14753,36732,35.57
48113,Dallas County,Texas,2008,249,2022,31992,366,17507,342790,2314018,9293,6322,283551,12.25
48121,Denton County,Texas,2008,42,436,6233,52,3523,59919,630104,15002,12117,96823,15.37
48135,Ector County,Texas,2008,18,157,2057,17,801,16773,133064,7392,7827,28936,21.75
48139,Ellis County,Texas,2008,18,130,1698,16,776,13691,144394,8021,9024,32840,22.74
48141,El Paso County,Texas,2008,123,967,12520,117,3672,64911,769930,6259,6580,150320,19.52
48149,Fayette County,Texas,2008,6,29,384,9,198,4262,24347,4057,2705,-5,-0.02
48157,Fort Bend County,Texas,2008,28,247,3854,68,3306,62312,542957,19391,7984,68168,12.55
48167,Galveston County,Texas,2008,26,222,2882,47,2220,40423,288643,11101,6141,50947,17.65
48171,Gillespie County,Texas,2008,6,41,655,4,286,6149,24206,4034,6051,4655,19.23
48183,Gregg County,Texas,2008,33,220,3443,17,870,17927,119157,3610,7009,30989,26.01
48199,Hardin County,Texas,2008,8,48,596,10,290,5090,53206,6650,5320,11987,22.53
48201,Harris County,Texas,2008,335,2764,40540,711,29722,575217,3938580,11756,5539,406482,10.32
48203,Harrison County,Texas,2008,16,113,1300,9,285,5822,64107,4006,7123,18586,28.99
48209,Hays County,Texas,2008,11,76,958,12,1071,23543,147674,13424,12306,38346,25.97
48213,Henderson County,Texas,2008,16,112,1416,12,370,6664,78033,4877,6502,19153,24.54
48215,Hidalgo County,Texas,2008,110,782,10296,66,4665,88275,736694,6697,11162,152051,20.64
48221,Hood County,Texas,2008,7,60,760,14,451,8401,50112,7158,3579,10951,21.85
48233,Hutchinson County,Texas,2008,5,32,376,4,249,3511,21851,4370,5462,6616,30.28
48245,Jefferson County,Texas,2008,36,262,3722,44,1914,34057,249430,6928,5668,47940,19.22
48249,Jim Wells County,Texas,2008,8,63,721,12,326,5751,40554,5069,3379,8013,19.76
48251,Johnson County,Texas,2008,20,162,2324,16,675,16131,148635,7431,9289,27978,18.82
48257,Kaufman County,Texas,2008,15,120,1446,11,423,7979,99285,6619,9025,25805,25.99
48277,Lamar County,Texas,2008,11,111,1575,6,196,4080,49467,4497,8244,14086,28.48
48289,Leon County,Texas,2008,6,44,762,7,168,2119,16832,2805,2404,-1872,-11.12
48291,Liberty County,Texas,2008,10,78,1303,14,479,7444,74915,7491,5351,15546,20.75
48323,Maverick County,Texas,2008,16,116,1462,11,480,8377,52190,3261,4744,15932,30.53
48329,Midland County,Texas,2008,12,108,1463,9,781,16855,132502,11041,14722,37174,28.06
48339,Montgomery County,Texas,2008,42,371,5422,49,3225,59627,429818,10233,8771,73557,17.11
48349,Navarro County,Texas,2008,12,88,1250,8,311,6512,47408,3950,5926,10732,22.64
48363,Palo Pinto County,Texas,2008,4,30,352,8,92,1585,27916,6979,3489,5583,20.0
48367,Parker County,Texas,2008,9,61,1007,10,439,9547,112911,12545,11291,28547,25.28
48375,Potter County,Texas,2008,21,169,2618,13,1224,17350,119740,5701,9210,38137,31.85
48395,Robertson County,Texas,2008,6,33,434,5,138,2139,16535,2755,3307,-230,-1.39
48397,Rockwall County,Texas,2008,3,30,412,4,472,9499,73929,24643,18482,57987,78.44
48401,Rusk County,Texas,2008,11,50,963,6,218,3875,52195,4745,8699,11279,21.61
48439,Tarrant County,Texas,2008,164,1452,20470,211,12009,236081,1745602,10643,8272,230447,13.2
48449,Titus County,Texas,2008,7,55,739,6,219,3392,30963,4423,5160,7299,23.57
48451,Tom Green County,Texas,2008,15,115,1548,13,658,12805,107639,7175,8279,25415,23.61
48477,Washington County,Texas,2008,3,20,255,5,284,5418,32869,10956,6573,17206,52.35
48479,Webb County,Texas,2008,25,189,2496,44,2209,42898,240287,9611,5461,42555,17.71
48481,Wharton County,Texas,2008,7,46,540,7,454,9569,40893,5841,5841,11024,26.96
48485,Wichita County,Texas,2008,21,253,2808,13,1091,15835,130340,6206,10026,50037,38.39
48497,Wise County,Texas,2008,9,62,785,7,183,3432,58181,6464,8311,15569,26.76
49003,Box Elder County,Utah,2008,6,70,695,4,377,6630,48437,8072,12109,25190,52.01
49011,Davis County,Utah,2008,15,182,2419,23,1891,39025,295801,19720,12860,62713,21.2
49013,Duchesne County,Utah,2008,3,35,616,5,281,5037,17412,5804,3482,3337,19.16
49035,Salt Lake County,Utah,2008,59,654,12715,142,8972,195941,999553,16941,7039,73795,7.38
49049,Utah County,Utah,2008,22,225,2948,49,3207,67291,487615,22164,9951,72885,14.95
49053,Washington County,Utah,2008,11,175,2558,13,925,21459,135552,12322,10427,34074,25.14
49057,Weber County,Utah,2008,21,283,6198,33,1803,36886,223676,10651,6778,22972,10.27
50005,Caledonia County,Vermont,2008,8,26,190,15,429,6306,31167,3895,2077,4465,14.33
50011,Franklin County,Vermont,2008,6,60,771,17,594,10046,47462,7910,2791,12199,25.7
50015,Lamoille County,Vermont,2008,4,44,663,10,415,7580,23971,5992,2397,4222,17.61
50019,Orleans County,Vermont,2008,9,63,900,18,426,7401,27269,3029,1514,698,2.56
50023,Washington County,Vermont,2008,9,90,1461,24,848,14635,59278,6586,2469,10737,18.11
50025,Windham County,Vermont,2008,6,54,900,20,682,13013,44407,7401,2220,7070,15.92
50027,Windsor County,Vermont,2008,9,138,2243,27,550,9505,56850,6316,2105,7001,12.31
51001,Accomack County,Virginia,2008,11,102,1263,10,247,4422,33970,3088,3397,7715,22.71
51011,Appomattox County,Virginia,2008,6,24,350,4,169,2367,14795,2465,3698,-273,-1.85
51013,Arlington County,Virginia,2008,7,36,901,45,1705,38509,196305,28043,4362,43779,22.3
51031,Campbell County,Virginia,2008,13,145,1719,9,344,5535,54232,4171,6025,18846,34.75
51041,Chesterfield County,Virginia,2008,30,298,4251,42,2904,50859,309837,10327,7377,63364,20.45
51051,Dickenson County,Virginia,2008,6,29,341,5,160,2205,16078,2679,3215,231,1.44
51059,Fairfax County,Virginia,2008,41,314,5786,191,8167,171641,1044178,25467,5466,70900,6.79
51061,Fauquier County,Virginia,2008,4,34,438,12,548,10868,64558,16139,5379,27644,42.82
51065,Fluvanna County,Virginia,2008,3,15,188,5,130,1985,25461,8487,5092,9840,38.65
51067,Franklin County,Virginia,2008,8,66,913,6,264,4926,55284,6910,9214,17044,30.83
51083,Halifax County,Virginia,2008,7,72,656,10,183,2790,36347,5192,3634,9429,25.94
51085,Hanover County,Virginia,2008,8,102,1149,17,868,14679,99404,12425,5847,32152,32.34
51087,Henrico County,Virginia,2008,24,343,4240,64,3146,61993,300198,12508,4690,57389,19.12
51089,Henry County,Virginia,2008,11,142,1703,14,299,4809,55073,5006,3933,14680,26.66
51095,James City County,Virginia,2008,3,23,390,9,560,10904,64436,21478,7159,39018,60.55
51103,Lancaster County,Virginia,2008,3,25,270,6,129,2457,11481,3827,1913,-2512,-21.88
51105,Lee County,Virginia,2008,6,33,416,6,191,2423,25463,4243,4243,4725,18.56
51107,Loudoun County,Virginia,2008,15,120,2134,48,3256,61496,292570,19504,6095,55585,19.0
51121,Montgomery County,Virginia,2008,7,85,1060,16,734,11801,92724,13246,5795,30477,32.87
51139,Page County,Virginia,2008,6,32,436,6,128,2268,24208,4034,4034,2207,9.12
51143,Pittsylvania County,Virginia,2008,13,97,1136,10,264,3814,63472,4882,6347,17212,27.12
51147,Prince Edward County,Virginia,2008,4,68,703,3,99,1635,22959,5739,7653,11847,51.6
51153,Prince William County,Virginia,2008,19,171,3165,63,2867,66048,374776,19725,5948,39119,10.44
51165,Rockingham County,Virginia,2008,8,64,778,13,303,4716,75075,9384,5775,18839,25.09
51169,Scott County,Virginia,2008,8,56,688,5,304,4246,23237,2904,4647,6866,29.55
51183,Sussex County,Virginia,2008,5,31,318,5,65,969,12215,2443,2443,-2592,-21.22
51191,Washington County,Virginia,2008,10,121,1606,12,508,8249,54475,5447,4539,15524,28.5
51195,Wise County,Virginia,2008,12,76,1028,10,584,7997,41489,3457,4148,13340,32.15
51197,Wythe County,Virginia,2008,6,44,521,5,183,2487,29123,4853,5824,8382,28.78
51199,York County,Virginia,2008,9,118,1376,10,552,11142,64944,7216,6494,20632,31.77
51510,Alexandria city,Virginia,2008,6,35,611,37,1497,32087,132949,22158,3593,35832,26.95
51520,Bristol city,Virginia,2008,5,35,477,5,425,7014,17631,3526,3526,3561,20.2
51540,Charlottesville city,Virginia,2008,4,62,969,19,820,15370,42130,10532,2217,14089,33.44
51590,Danville city,Virginia,2008,12,113,1518,15,449,7172,43765,3647,2917,10034,22.93
51630,Fredericksburg city,Virginia,2008,7,126,1646,8,231,3287,23277,3325,2909,6301,27.07
51640,Galax city,Virginia,2008,3,59,797,4,155,2474,6888,2296,1722,-3681,-53.44
51640,Lexington city,Virginia,2008,3,59,797,4,155,2474,6963,2321,1740,-3613,-51.89
51660,Harrisonburg city,Virginia,2008,11,111,1741,18,666,9748,47286,4298,2627,10407,22.01
51680,Lynchburg city,Virginia,2008,11,95,1028,15,672,12617,74018,6728,4934,19442,26.27
51700,Newport News city,Virginia,2008,27,272,3372,35,1086,19355,181287,6714,5179,39480,21.78
51740,Portsmouth city,Virginia,2008,17,163,2131,15,444,7633,95802,5635,6386,23551,24.58
51760,Richmond city,Virginia,2008,24,185,2804,65,1669,30193,202254,8427,3111,26157,12.93
51770,Roanoke city,Virginia,2008,15,151,2250,28,882,15584,95813,6387,3421,17882,18.66
51800,Suffolk city,Virginia,2008,8,72,898,11,500,7680,82603,10325,7509,25582,30.97
51810,Virginia Beach city,Virginia,2008,41,444,5656,68,3659,62715,433331,10569,6372,84558,19.51
51820,Dakota County,Nebraska,2008,5,46,668,8,385,7275,20559,4111,2569,1731,8.42
51820,Waynesboro city,Virginia,2008,5,46,668,8,385,7275,20920,4184,2615,1923,9.19
53005,Benton County,Washington,2008,10,178,2579,17,933,26226,166573,16657,9798,36019,21.62
53007,Chelan County,Washington,2008,5,81,1366,22,654,15452,70813,14162,3218,17337,24.48
53009,Clallam County,Washington,2008,6,80,1533,18,777,21985,70769,11794,3931,10285,14.53
53011,Clark County,Washington,2008,18,232,2922,54,2787,67473,415282,23071,7690,57827,13.92
53015,Cowlitz County,Washington,2008,9,163,3526,13,657,16753,101688,11298,7822,14625,14.38
53021,Franklin County,Washington,2008,5,63,988,18,377,9978,70775,14155,3931,17527,24.76
53025,Grant County,Washington,2008,4,68,987,20,566,12708,84944,21236,4247,33893,39.9
53027,Grays Harbor County,Washington,2008,9,88,1449,32,705,16685,72027,8003,2250,5091,7.07
53033,King County,Washington,2008,60,773,11798,465,18604,514917,1875020,31250,4032,-16749,-0.89
53041,Lewis County,Washington,2008,7,102,2302,28,688,16967,74899,10699,2674,4289,5.73
53053,Pierce County,Washington,2008,31,446,6341,151,4782,135896,785400,25335,5201,34276,4.36
53061,Snohomish County,Washington,2008,24,252,3966,144,5938,165113,694622,28942,4823,28825,4.15
53063,Spokane County,Washington,2008,21,402,6258,72,3661,96615,462263,22012,6420,44494,9.63
53067,Thurston County,Washington,2008,11,174,2800,39,1718,50462,244332,22212,6264,32840,13.44
53073,Whatcom County,Washington,2008,10,118,1838,33,1838,44106,196708,19670,5960,37275,18.95
54005,Boone County,West Virginia,2008,8,80,1092,9,273,3083,24794,3099,2754,4949,19.96
54007,Braxton County,West Virginia,2008,6,38,490,4,120,2198,14587,2431,3646,-497,-3.41
54011,Cabell County,West Virginia,2008,20,207,2981,18,1071,11758,95209,4760,5289,34681,36.43
54019,Fayette County,West Virginia,2008,11,89,1235,14,428,5544,46171,4197,3297,10641,23.05
54025,Greenbrier County,West Virginia,2008,12,142,1977,6,332,4736,35457,2954,5909,13965,39.39
54027,Hampshire County,West Virginia,2008,6,37,484,3,80,1182,23664,3944,7888,6862,29.0
54029,Hancock County,West Virginia,2008,7,42,578,9,309,5618,30802,4400,3422,4225,13.72
54033,Harrison County,West Virginia,2008,15,124,1738,12,515,8080,68441,4562,5703,18518,27.06
54035,Jackson County,West Virginia,2008,8,76,755,4,212,2510,29101,3637,7275,13175,45.27
54039,Kanawha County,West Virginia,2008,40,344,4625,43,2579,30916,192414,4810,4474,72423,37.64
54045,Logan County,West Virginia,2008,9,62,820,13,319,5383,36548,4060,2811,5071,13.87
54049,Marion County,West Virginia,2008,12,90,1280,11,374,5398,56141,4678,5103,13442,23.94
54051,Marshall County,West Virginia,2008,5,53,714,7,242,4768,33248,6649,4749,8640,25.99
54055,Mercer County,West Virginia,2008,12,124,1579,13,509,8061,61848,5154,4757,17417,28.16
54059,Mingo County,West Virginia,2008,7,46,652,5,71,1024,26850,3835,5370,4269,15.9
54061,Monongalia County,West Virginia,2008,12,121,1545,12,890,11942,92200,7683,7683,31884,34.58
54067,Nicholas County,West Virginia,2008,8,71,831,4,127,1599,26138,3267,6534,8801,33.67
54069,Ohio County,West Virginia,2008,5,36,369,10,397,7036,44469,8893,4446,14244,32.03
54077,Preston County,West Virginia,2008,9,76,1342,6,131,1754,33067,3674,5511,5026,15.2
54081,Raleigh County,West Virginia,2008,19,196,2335,15,682,10045,78379,4125,5225,28567,36.45
54097,Upshur County,West Virginia,2008,5,32,470,5,163,2439,23929,4785,4785,4407,18.42
54099,Wayne County,West Virginia,2008,6,46,546,8,120,1430,42767,7127,5345,11114,25.99
54103,Wetzel County,West Virginia,2008,7,48,552,6,129,2199,16645,2377,2774,112,0.67
54109,Panola County,Texas,2008,8,79,1183,8,185,2812,23537,2942,2942,2000,8.5
54109,Wyoming County,West Virginia,2008,8,79,1183,8,185,2812,23957,2994,2994,2156,9.0
55005,Barron County,Wisconsin,2008,12,235,4099,9,346,5432,46009,3834,5112,10059,21.86
55013,Burnett County,Wisconsin,2008,3,17,194,7,206,2419,15696,5232,2242,1842,11.74
55021,Hawkins County,Tennessee,2008,5,39,377,9,450,7424,56698,11339,6299,22721,40.07
55021,Columbia County,Wisconsin,2008,5,39,377,9,450,7424,56362,11272,6262,22550,40.01
55025,Dane County,Wisconsin,2008,25,323,5630,67,4449,81838,477791,19111,7131,72551,15.18
55029,Door County,Wisconsin,2008,5,48,1046,13,317,6456,28023,5604,2155,-1116,-3.98
55035,Eau Claire County,Wisconsin,2008,7,66,888,14,994,13069,97176,13882,6941,37592,38.68
55043,Grant County,Wisconsin,2008,11,170,2736,12,389,4742,50834,4621,4236,12565,24.72
55045,Jasper County,Iowa,2008,6,92,1691,8,341,5456,37103,6183,4637,7744,20.87
55045,Green County,Wisconsin,2008,6,92,1691,8,341,5456,36598,6099,4574,7513,20.53
55059,Kenosha County,Wisconsin,2008,11,86,1158,31,1599,33384,164636,14966,5310,33645,20.44
55069,Lincoln County,Wisconsin,2008,6,46,478,5,382,5981,29094,4849,5818,10964,37.68
55071,Manitowoc County,Wisconsin,2008,7,175,3265,11,571,10016,81698,11671,7427,22678,27.76
55073,Marathon County,Wisconsin,2008,18,334,5676,28,1204,18086,133036,7390,4751,29132,21.9
55075,Marinette County,Wisconsin,2008,8,42,422,11,566,7346,42019,5252,3819,13196,31.4
55077,Marquette County,Wisconsin,2008,3,21,245,5,64,920,15485,5161,3097,953,6.15
55079,Milwaukee County,Wisconsin,2008,69,858,11951,193,8958,166162,934752,13547,4843,129052,13.81
55083,Oconto County,Wisconsin,2008,6,60,992,6,249,3579,37816,6302,6302,10583,27.99
55085,Oneida County,Wisconsin,2008,6,42,511,6,433,4592,36500,6083,6083,15240,41.75
55095,Polk County,Wisconsin,2008,9,48,723,12,388,5759,44331,4925,3694,8000,18.05
55099,Price County,Wisconsin,2008,6,71,988,5,181,2967,14411,2401,2882,254,1.76
55101,Racine County,Wisconsin,2008,14,238,3450,42,1458,26495,194730,13909,4636,37826,19.42
55105,Rock County,Wisconsin,2008,16,333,5061,25,992,22182,160647,10040,6425,30880,19.22
55111,Sauk County,Wisconsin,2008,10,212,4464,16,640,9246,61231,6123,3826,6959,11.37
55115,Shawano County,Wisconsin,2008,6,38,378,8,201,3132,41894,6982,5236,11392,27.19
55123,Vernon County,Wisconsin,2008,5,26,273,6,217,2880,29431,5886,4905,8263,28.08
55127,Walworth County,Wisconsin,2008,7,44,497,18,735,11534,101916,14559,5662,31034,30.45
55135,Waupaca County,Wisconsin,2008,11,240,4602,9,530,7858,52593,4781,5843,10737,20.42
55137,Waushara County,Wisconsin,2008,5,48,905,7,208,3483,24760,4952,3537,1857,7.5
56007,Carbon County,Wyoming,2008,4,61,1068,5,133,3330,15658,3914,3131,-2074,-13.25
56013,Fremont County,Wyoming,2008,7,65,1016,9,351,6910,38907,5558,4323,7137,18.34
56021,Laramie County,Wyoming,2008,6,41,704,11,506,11743,89077,14846,8097,26368,29.6
56025,Natrona County,Wyoming,2008,8,87,915,10,408,9747,73682,9210,7368,21248,28.84
