GeoID,Pop_2010,FD_num_2010,FD_pct_2010
1001,54571,18428,33.77
1003,182265,35211,19.32
1005,27457,5722,20.84
1007,22915,1045,4.56
1009,57322,1548,2.7
1011,10914,4090,37.47
1013,20947,1308,6.24
1015,118572,30901,26.06
1017,34215,6748,19.72
1019,25989,79,0.31
1021,43643,1457,3.34
1023,13859,2612,18.85
1025,25833,5061,19.59
1027,13932,743,5.33
1029,14972,147,0.98
1031,49948,11395,22.81
1033,54428,9520,17.49
1035,13228,3726,28.17
1037,11539,2837,24.59
1039,37765,3334,8.83
1041,13906,5384,38.72
1043,80406,6295,7.83
1045,50251,13847,27.56
1047,43820,7786,17.77
1049,71109,2680,3.77
1051,79303,15012,18.93
1053,38319,5189,13.54
1055,104430,24779,23.73
1057,17241,438,2.54
1059,31704,3074,9.7
1061,26790,606,2.26
1063,9045,3287,36.34
1065,15760,87,0.55
1067,17302,386,2.23
1069,101547,21404,21.08
1071,53227,4855,9.12
1073,658466,209261,31.78
1075,14564,92,0.63
1077,92709,14584,15.73
1079,34339,1349,3.93
1081,140247,43795,31.23
1083,82782,10137,12.25
1085,11299,5503,48.7
1087,21452,7506,34.99
1089,334811,110052,32.87
1091,21027,5587,26.57
1093,30776,538,1.75
1095,93019,12814,13.78
1097,412992,112774,27.31
1099,23068,7149,30.99
1101,229363,64260,28.02
1103,119490,14010,11.72
1105,10591,972,9.17
1107,19746,851,4.31
1109,32899,3733,11.35
1111,22913,1061,4.63
1113,52947,8512,16.08
1115,83593,3744,4.48
1117,195085,52014,26.66
1119,13763,2224,16.16
1121,82291,12352,15.01
1123,41616,4598,11.05
1125,194656,39478,20.28
1127,67023,7530,11.23
1129,17581,1708,9.72
1131,11670,5173,44.33
1133,24484,1011,4.13
2013,3141,1226,39.03
2016,5561,764,13.75
2020,291826,87979,30.15
2050,17013,13273,78.01
2060,997,434,43.54
2068,1826,1826,100.0
2070,4847,1579,32.57
2090,97581,36249,37.15
2100,2508,519,20.7
2105,2150,1695,78.83
2110,31275,10138,32.42
2122,55400,11290,20.38
2130,13477,1036,7.69
2150,13592,1416,10.42
2164,1631,1631,100.0
2170,88995,20436,22.96
2180,9492,5066,53.37
2185,9430,3629,38.48
2188,7523,4322,57.45
2195,3815,183,4.81
2198,5559,1391,25.01
2220,8881,1617,18.21
2230,968,3,0.31
2240,7029,2043,29.07
2261,9636,2694,27.95
2275,2369,511,21.55
2282,662,3,0.38
2290,5588,5588,100.0
4001,71518,46747,65.36
4003,131346,51625,39.3
4005,134421,40657,30.25
4007,53597,12811,23.9
4009,37220,11663,31.33
4011,8437,5957,70.61
4012,20489,8878,43.33
4013,3817117,492281,12.9
4015,200186,88374,44.15
4017,107449,35575,33.11
4019,980263,232208,23.69
4021,375770,65190,17.35
4023,47420,13052,27.52
4025,211033,70248,33.29
4027,195751,43753,22.35
5001,19019,4198,22.07
5003,21853,4342,19.87
5005,41513,4980,12.0
5007,221339,43591,19.69
5009,36903,11075,30.01
5011,11508,1255,10.9
5013,5368,3508,65.34
5015,27446,2359,8.6
5017,11800,602,5.1
5019,22995,2102,9.14
5021,16083,1676,10.42
5023,25970,3546,13.66
5025,8689,2129,24.5
5027,24552,4406,17.95
5029,21273,4502,21.16
5031,96443,24130,25.02
5033,61948,13071,21.1
5035,50902,6121,12.03
5037,17870,2947,16.49
5039,8116,1526,18.81
5041,13008,3930,30.21
5043,18509,3526,19.05
5045,113237,28689,25.34
5047,18125,1894,10.45
5049,12245,2320,18.95
5051,96024,30262,31.52
5053,17853,2120,11.88
5055,42090,9286,22.06
5057,22609,5535,24.48
5059,32923,6021,18.29
5061,13789,2028,14.71
5063,36647,6847,18.68
5065,13696,810,5.92
5067,17997,2483,13.79
5069,77435,13186,17.03
5071,25540,2319,9.08
5073,7645,1614,21.11
5075,17415,4397,25.25
5077,10424,3276,31.42
5079,14134,4853,34.33
5081,13171,863,6.55
5083,22353,3074,13.75
5085,68356,13017,19.04
5087,15717,4104,26.11
5089,16653,2255,13.54
5091,43462,10974,25.25
5093,46480,6002,12.91
5095,8149,1020,12.52
5097,9487,2235,23.55
5099,8997,2374,26.38
5101,8330,2940,35.29
5103,26120,7349,28.13
5105,10445,1108,10.6
5107,21757,8042,36.96
5109,11291,2201,19.49
5111,24583,2797,11.38
5113,20662,7612,36.84
5115,61754,8744,14.16
5117,8715,535,6.14
5119,382748,116978,30.56
5121,17969,5510,30.66
5123,28258,8547,30.24
5125,107118,24019,22.42
5127,11233,2004,17.84
5129,8195,2726,33.26
5131,125744,17987,14.3
5133,17058,5789,33.93
5135,17264,3570,20.68
5137,12394,3035,24.49
5139,41639,9035,21.7
5141,17295,2223,12.86
5143,203065,40441,19.92
5145,77076,11024,14.3
5147,7260,387,5.33
5149,22185,1670,7.53
6001,1510271,160425,10.62
6003,1175,653,55.54
6005,38091,4760,12.5
6007,220000,48749,22.16
6009,45578,3907,8.57
6011,21419,1771,8.27
6013,1049025,206022,19.64
6015,28610,7755,27.11
6017,181058,50566,27.93
6019,930450,113632,12.21
6021,28122,3631,12.91
6023,134623,21978,16.33
6025,174528,28181,16.15
6027,18546,7629,41.14
6029,839631,128065,15.25
6031,152982,32733,21.4
6033,64665,11383,17.6
6035,34895,16856,48.3
6037,9818605,613459,6.25
6039,150865,29906,19.82
6041,252409,41396,16.4
6043,18251,3156,17.29
6045,87841,15812,18.0
6047,255793,36594,14.31
6049,9686,3463,35.75
6051,14202,6813,47.97
6053,415057,49442,11.91
6055,136484,19302,14.14
6057,98764,23640,23.94
6059,3010232,220587,7.33
6061,348432,53006,15.21
6063,20007,1538,7.69
6065,2189641,433981,19.82
6067,1418788,190246,13.41
6069,55269,9763,17.66
6071,2035210,454074,22.31
6073,3095313,456714,14.76
6075,805235,26692,3.31
6077,685306,77979,11.38
6079,269637,45983,17.05
6081,718451,82647,11.5
6083,423895,58464,13.79
6085,1781642,170081,9.55
6087,262382,42380,16.15
6089,177223,40860,23.06
6091,3240,2855,88.12
6093,44900,8789,19.57
6095,413344,92520,22.38
6097,483878,79444,16.42
6099,514453,68988,13.41
6101,94737,33413,35.27
6103,63463,9968,15.71
6105,13786,2318,16.82
6107,442179,63227,14.3
6109,55365,15505,28.01
6111,823318,127283,15.46
6113,200849,18875,9.4
6115,72155,14988,20.77
8001,441603,65746,14.89
8003,15445,1024,6.63
8005,572003,97261,17.0
8007,12084,2741,22.69
8009,3788,955,25.22
8011,6499,1670,25.69
8013,294567,45863,15.57
8014,55889,8381,15.0
8015,17809,1360,7.63
8017,1836,622,33.86
8019,9088,1263,13.9
8021,8256,464,5.62
8023,3524,3522,99.94
8025,5823,3114,53.48
8027,4255,1053,24.74
8029,30952,1357,4.38
8031,600158,85517,14.25
8033,2064,414,20.04
8035,285465,52932,18.54
8037,52197,7969,15.27
8039,23086,6389,27.68
8041,622263,184059,29.58
8043,46824,14902,31.83
8045,56389,11041,19.58
8047,5441,0,0.0
8049,14843,2882,19.41
8051,15324,1845,12.04
8053,843,843,100.0
8055,6711,2482,36.99
8057,1394,382,27.42
8059,534543,129669,24.26
8061,1398,1398,100.0
8063,8270,2155,26.06
8065,7310,5113,69.94
8067,51334,7611,14.83
8069,299630,67259,22.45
8071,15507,6181,39.86
8073,5467,1253,22.93
8075,22709,4585,20.19
8077,146723,46309,31.56
8079,712,682,95.75
8081,13795,3229,23.4
8083,25535,4395,17.21
8085,41276,8138,19.72
8087,28159,3336,11.85
8089,18831,5765,30.62
8091,4436,324,7.31
8093,16206,9484,58.52
8095,4442,1460,32.88
8097,17148,1759,10.26
8099,12551,3793,30.22
8101,159063,67049,42.15
8103,6666,574,8.61
8105,11982,696,5.81
8107,23509,6058,25.77
8109,6108,5963,97.63
8111,699,694,99.24
8113,7359,693,9.42
8115,2379,449,18.86
8117,27994,8108,28.96
8119,23350,5986,25.63
8121,4814,2485,51.62
8123,252825,38751,15.33
8125,10043,2301,22.91
9001,916829,262579,28.64
9003,894014,281196,31.45
9005,189927,30056,15.83
9007,165676,55378,33.43
9009,862477,252394,29.26
9011,274055,78554,28.66
9013,152691,50030,32.77
9015,118428,22160,18.71
10001,162310,31140,19.19
10003,538479,164990,30.64
10005,197145,34073,17.28
11001,601723,16971,2.82
12001,247336,49066,19.84
12003,27115,9154,33.76
12005,168852,61403,36.37
12007,28520,1627,5.71
12009,543376,215761,39.71
12011,1748066,196467,11.24
12013,14625,3756,25.68
12015,159978,68289,42.69
12017,141236,41744,29.56
12019,190865,44093,23.1
12021,321520,90021,28.0
12023,67531,11177,16.55
12027,34862,3913,11.22
12029,16422,999,6.09
12031,864263,215253,24.91
12033,297619,118775,39.91
12035,95696,33565,35.07
12037,11549,374,3.24
12039,46389,4814,10.38
12041,16939,99,0.58
12043,12884,2936,22.79
12045,15863,2541,16.02
12047,14799,3269,22.09
12049,27731,8722,31.45
12051,39140,9513,24.3
12053,172778,56351,32.61
12055,98786,36950,37.4
12057,1229226,309584,25.19
12059,19927,3714,18.64
12061,138028,63560,46.05
12063,49746,3390,6.81
12065,14761,2400,16.26
12067,8870,697,7.86
12069,297052,90087,30.33
12071,618754,173208,27.99
12073,275487,85474,31.03
12075,40801,3954,9.69
12077,8365,2171,25.95
12079,19224,4279,22.26
12081,322833,74392,23.04
12083,331298,83159,25.1
12085,146318,47216,32.27
12086,2496435,162697,6.52
12087,73090,24640,33.71
12089,73314,18146,24.75
12091,180822,63479,35.11
12093,39996,17474,43.69
12095,1145956,224405,19.58
12097,268685,53070,19.75
12099,1320134,270362,20.48
12101,464697,103438,22.26
12103,916542,160837,17.55
12105,602095,190205,31.59
12107,74364,18371,24.7
12109,190039,47980,25.25
12111,277789,98693,35.53
12113,151372,62112,41.03
12115,379448,105119,27.7
12117,422718,137195,32.46
12119,93420,9896,10.59
12121,41551,7180,17.28
12123,22570,5340,23.66
12125,15535,3808,24.51
12127,494593,150118,30.35
12129,30776,365,1.19
12131,55043,10393,18.88
12133,24896,11529,46.31
13001,18236,3655,20.05
13003,8375,1925,22.99
13005,11096,788,7.11
13007,3451,2652,76.84
13009,45720,8230,18.0
13011,18395,1826,9.93
13013,69367,10201,14.71
13015,100157,33460,33.41
13017,17634,3939,22.34
13019,19286,2663,13.81
13021,155547,35466,22.8
13023,13063,955,7.31
13025,18411,2834,15.39
13027,16243,1355,8.34
13029,30233,4224,13.97
13031,70217,10800,15.38
13033,23316,2235,9.59
13035,23655,962,4.07
13037,6694,931,13.91
13039,50513,18301,36.23
13043,10998,692,6.3
13045,110527,27518,24.9
13047,63942,25249,39.49
13049,12171,3618,29.72
13051,265128,52409,19.77
13053,11267,8651,76.78
13055,26015,1887,7.25
13057,214346,63710,29.72
13059,116714,42684,36.57
13061,3183,50,1.58
13063,259424,102802,39.63
13065,6798,499,7.35
13067,688078,278234,40.44
13069,42356,6768,15.98
13071,45498,8478,18.63
13073,124053,20606,16.61
13075,17212,2138,12.42
13077,127317,32287,25.36
13079,12630,9,0.07
13081,23439,6620,28.24
13083,16633,678,4.08
13085,22330,0,0.0
13087,27842,4326,15.54
13089,691893,181655,26.25
13091,21796,440,2.02
13093,14918,4993,33.47
13095,94565,39406,41.67
13097,132403,42129,31.82
13099,11008,1070,9.72
13101,4034,194,4.82
13103,52250,6349,12.15
13105,20166,2948,14.62
13107,22598,6645,29.41
13109,11000,611,5.55
13111,23682,28,0.12
13113,106567,42925,40.28
13115,96317,22006,22.85
13117,175511,51466,29.32
13119,22084,715,3.24
13121,920581,199454,21.67
13123,28292,1058,3.74
13125,3082,2165,70.26
13127,79626,21864,27.46
13129,55186,7100,12.87
13131,25011,2634,10.53
13133,15994,604,3.78
13135,805321,260733,32.38
13137,43041,9084,21.11
13139,179684,51370,28.59
13141,9429,2303,24.42
13143,28780,1099,3.82
13145,32024,209,0.65
13147,25213,832,3.3
13149,11834,421,3.56
13151,203922,70656,34.65
13153,139900,50674,36.22
13155,9538,678,7.11
13157,60485,584,0.97
13159,13900,916,6.59
13161,15068,1910,12.67
13163,16930,336,1.99
13165,8340,1034,12.39
13167,9980,2189,21.94
13169,28669,1942,6.77
13171,18317,1016,5.55
13173,10078,499,4.95
13175,48434,4791,9.89
13177,28298,5407,19.11
13179,63453,24802,39.09
13181,7996,447,5.59
13183,14464,1518,10.49
13185,109233,22947,21.01
13187,29966,370,1.23
13189,21875,2063,9.43
13191,14333,1259,8.78
13193,14740,2570,17.44
13195,28120,800,2.84
13197,8742,8093,92.57
13199,21992,321,1.46
13201,6125,224,3.66
13205,23498,4795,20.41
13207,26424,2826,10.7
13209,9123,1075,11.79
13211,17868,3569,19.97
13213,39628,5667,14.3
13215,189885,62464,32.9
13217,99958,25557,25.57
13219,32808,9712,29.6
13221,14899,674,4.52
13223,142324,34015,23.9
13225,27695,5877,21.22
13227,29431,1813,6.16
13229,18758,2277,12.14
13231,17869,0,0.0
13233,41475,4735,11.42
13235,12010,1212,10.09
13237,21218,741,3.49
13239,2513,872,34.7
13241,16276,116,0.71
13243,7719,471,6.1
13245,200549,67308,33.56
13247,85215,39854,46.77
13249,5010,44,0.89
13251,14593,3131,21.45
13253,8729,641,7.34
13255,64073,10916,17.04
13257,26175,2690,10.28
13259,6058,1034,17.07
13261,32819,7427,22.63
13263,6865,306,4.45
13265,1717,1184,68.94
13267,25520,954,3.74
13269,8906,653,7.33
13271,16500,1370,8.3
13273,9315,116,1.25
13275,44720,12043,26.93
13277,40118,3927,9.79
13279,27223,4540,16.68
13281,10471,1,0.01
13283,6885,1012,14.7
13285,67044,9862,14.71
13287,8930,724,8.1
13289,9023,98,1.08
13291,21356,7,0.03
13293,27153,4930,18.15
13295,68756,17467,25.4
13297,83768,15470,18.47
13299,36312,13610,37.48
13301,5834,86,1.48
13303,21187,5635,26.6
13305,30099,8513,28.28
13307,2799,56,2.0
13309,7421,12,0.16
13311,27144,0,0.0
13313,102599,27693,26.99
13315,9255,69,0.74
13317,10593,3241,30.59
13319,9563,2020,21.13
13321,21679,2450,11.3
15001,185079,68849,37.2
15003,953207,189030,19.83
15005,90,0,0.0
15007,67091,28205,42.04
15009,154834,55755,36.01
16001,392365,71884,18.32
16003,3976,424,10.67
16005,82839,25194,30.41
16007,5986,1549,25.88
16009,9285,2583,27.82
16011,45607,9352,20.51
16013,21376,6105,28.56
16015,7028,6327,90.03
16017,40877,7651,18.72
16019,104234,24727,23.72
16021,10972,2011,18.33
16023,2891,605,20.93
16025,1117,1117,100.0
16027,188923,39744,21.04
16029,6963,2190,31.45
16031,22952,5399,23.52
16033,982,982,100.0
16035,8761,1929,22.01
16037,4368,960,21.97
16039,27038,9310,34.43
16041,12786,919,7.19
16043,13242,1654,12.49
16045,16719,6154,36.81
16047,15464,2016,13.04
16049,16267,5584,34.33
16051,26140,3048,11.66
16053,22374,4916,21.97
16055,138494,34524,24.93
16057,37244,5786,15.53
16059,7936,3310,41.71
16061,3821,1853,48.49
16063,5208,5074,97.43
16065,37536,6607,17.6
16067,20069,2536,12.64
16069,39265,6993,17.81
16071,4286,491,11.46
16073,11526,2056,17.84
16075,22623,5407,23.9
16077,7817,1085,13.88
16079,12765,552,4.32
16081,10170,906,8.91
16083,77230,7226,9.36
16085,9862,1780,18.05
16087,10198,2133,20.91
17001,67103,10505,15.66
17003,8238,3859,46.84
17005,17768,2081,11.71
17007,54165,9064,16.73
17009,6937,1910,27.54
17011,34978,12483,35.69
17013,5089,792,15.57
17015,15387,1841,11.97
17017,13642,1468,10.76
17019,201081,29430,14.64
17021,34800,3502,10.06
17023,16335,1417,8.67
17025,13815,2133,15.44
17027,37762,4187,11.09
17029,53873,7996,14.84
17031,5194675,415200,7.99
17033,19817,2927,14.77
17035,11048,92,0.83
17037,105160,26415,25.12
17039,16561,716,4.32
17041,19980,1971,9.87
17043,916924,250485,27.32
17045,18576,6745,36.31
17047,6721,1243,18.5
17049,34242,5860,17.11
17051,22140,7108,32.11
17053,14081,2583,18.35
17055,39561,4415,11.16
17057,37069,4614,12.45
17059,5589,4856,86.89
17061,13886,260,1.87
17063,50063,9126,18.23
17065,8457,1547,18.29
17067,19104,10205,53.42
17069,4320,1025,23.73
17071,7331,102,1.39
17073,50486,9452,18.72
17075,29718,4187,14.09
17077,60218,14240,23.65
17079,9698,1504,15.51
17081,38827,8697,22.4
17083,22985,3493,15.2
17085,22678,4523,19.95
17087,12582,2221,17.65
17089,515269,101403,19.68
17091,113449,16980,14.97
17093,114736,27649,24.1
17095,52919,7394,13.97
17097,703462,254430,36.17
17099,113924,26677,23.42
17101,16833,2109,12.53
17103,36031,3793,10.53
17105,38950,3338,8.57
17107,30305,9652,31.85
17109,32612,9394,28.81
17111,308760,133011,43.08
17113,169572,46403,27.36
17115,110768,33167,29.94
17117,47765,4407,9.23
17119,269282,85509,31.75
17121,39437,10003,25.36
17123,12640,1718,13.6
17125,14666,1035,7.06
17127,15429,1943,12.59
17129,12705,351,2.76
17131,16434,3783,23.02
17133,32957,6576,19.95
17135,30104,4562,15.16
17137,35547,8930,25.12
17139,14846,439,2.96
17141,53497,6654,12.44
17143,186494,55265,29.63
17145,22350,4609,20.62
17147,16729,511,3.06
17149,16430,3953,24.06
17151,4470,1328,29.7
17153,6161,3551,57.63
17155,6006,0,0.0
17157,33476,4448,13.29
17159,16233,803,4.95
17161,147546,30120,20.41
17163,270056,112883,41.8
17165,24913,8689,34.88
17167,197465,62373,31.59
17169,7544,1055,13.99
17171,5355,223,4.17
17173,22363,3527,15.77
17175,5994,1799,30.02
17177,47711,4194,8.79
17179,135394,54675,40.38
17181,17808,1402,7.88
17183,81625,14337,17.56
17185,11947,1007,8.43
17187,17707,128,0.72
17189,14716,1629,11.07
17191,16760,3416,20.38
17193,14665,4384,29.9
17195,58498,9949,17.01
17197,677560,242455,35.78
17199,66357,11943,18.0
17201,295266,72887,24.69
17203,38664,2901,7.5
18001,34387,2455,7.14
18003,355329,117581,33.09
18005,76794,18061,23.52
18007,8854,106,1.2
18009,12766,258,2.02
18011,56640,7606,13.43
18013,15242,450,2.95
18015,20155,923,4.58
18017,38966,1592,4.09
18019,110232,23781,21.57
18021,26890,1038,3.86
18023,33224,1331,4.01
18025,10713,1211,11.31
18027,31648,1438,4.54
18029,50047,13205,26.39
18031,25740,3541,13.76
18033,42223,11734,27.79
18035,117671,28539,24.25
18037,41889,2370,5.66
18039,197559,38971,19.73
18041,24277,5202,21.43
18043,74578,17846,23.93
18045,17240,643,3.73
18047,23087,2095,9.07
18049,20836,3232,15.51
18051,33503,3461,10.33
18053,70061,14392,20.54
18055,33165,2712,8.18
18057,274569,95377,34.74
18059,70002,22871,32.67
18061,39364,2153,5.47
18063,145448,53660,36.89
18065,49462,2249,4.55
18067,82752,25625,30.97
18069,37124,7638,20.57
18071,42376,6494,15.32
18073,33478,2421,7.23
18075,21253,4108,19.33
18077,32428,4773,14.72
18079,28525,5226,18.32
18081,139654,42603,30.51
18083,38440,4872,12.67
18085,77358,17486,22.6
18087,37128,522,1.41
18089,496005,138588,27.94
18091,111467,20849,18.7
18093,46134,4146,8.99
18095,131636,32821,24.93
18097,903393,226700,25.09
18099,47051,7428,15.79
18101,10334,268,2.59
18103,36903,6701,18.16
18105,137974,27358,19.83
18107,38124,4577,12.01
18109,68894,12320,17.88
18111,14244,194,1.36
18113,47536,3233,6.8
18115,6128,0,0.0
18117,19840,1189,5.99
18119,21575,152,0.7
18121,17339,1605,9.26
18123,19338,5305,27.43
18125,12845,647,5.04
18127,164343,63748,38.79
18129,25910,5972,23.05
18131,13402,355,2.65
18133,37963,1058,2.79
18135,26171,5240,20.02
18137,28818,732,2.54
18139,17392,593,3.41
18141,266931,90150,33.77
18143,24181,1250,5.17
18145,44436,4516,10.16
18147,20952,2,0.01
18149,23363,1375,5.88
18151,34185,7252,21.21
18153,21475,1055,4.91
18155,10613,488,4.59
18157,172780,48238,27.92
18159,15936,5142,32.27
18161,7516,0,0.0
18163,179703,35571,19.79
18165,16212,2245,13.85
18167,107848,29116,27.0
18169,32888,2760,8.39
18171,8508,266,3.12
18173,59689,16947,28.39
18175,28262,2753,9.74
18177,68917,11683,16.95
18179,27636,2936,10.62
18181,24643,2458,9.98
18183,33292,1688,5.07
19001,7682,605,7.88
19003,4029,243,6.04
19005,14330,2728,19.04
19007,12887,1859,14.42
19009,6119,254,4.15
19011,26076,3824,14.66
19013,131090,31222,23.82
19015,26306,3422,13.01
19017,24276,1848,7.61
19019,20958,2754,13.14
19021,20260,2739,13.52
19023,14867,6748,45.39
19025,9670,4598,47.55
19027,20816,949,4.56
19029,13956,3558,25.49
19031,18499,1953,10.56
19033,44151,7339,16.62
19035,12072,879,7.28
19037,12439,1835,14.75
19039,9286,735,7.92
19041,16667,1580,9.48
19043,18129,3344,18.44
19045,49116,10207,20.78
19047,17096,4552,26.62
19049,66135,3414,5.16
19051,8753,1162,13.27
19053,8457,919,10.87
19055,17764,1552,8.74
19057,40325,9844,24.41
19059,16667,3427,20.56
19061,93653,18161,19.39
19063,10302,2856,27.72
19065,20880,1168,5.59
19067,16303,3027,18.56
19069,10680,1930,18.07
19071,7441,3371,45.3
19073,9336,2330,24.96
19075,12453,1390,11.16
19077,10954,1229,11.22
19079,15673,3650,23.29
19081,11341,1424,12.55
19083,17534,2566,14.64
19085,14928,2674,17.92
19087,20145,5846,29.02
19089,9566,3735,39.04
19091,9815,1715,17.47
19093,7089,75,1.06
19095,16355,2054,12.56
19097,19848,4068,20.5
19099,36842,6078,16.5
19101,16843,2306,13.69
19103,130882,21904,16.74
19105,20638,2495,12.09
19107,10511,2671,25.41
19109,15543,7179,46.19
19111,35862,4920,13.72
19113,211226,54382,25.75
19115,11387,137,1.2
19117,8898,1928,21.66
19119,11581,1865,16.1
19121,15679,2840,18.11
19123,22381,5137,22.95
19125,33309,4678,14.04
19127,40648,9547,23.49
19129,15059,1304,8.66
19131,10776,2222,20.62
19133,9243,1399,15.14
19135,7970,1701,21.34
19137,10740,2143,19.95
19139,42745,10213,23.89
19141,14398,3105,21.57
19143,6462,1178,18.23
19145,15932,4587,28.79
19147,9421,3178,33.74
19149,24986,1028,4.11
19151,7310,1802,24.65
19153,430640,87818,20.39
19155,93158,35079,37.66
19157,18914,3582,18.94
19159,5131,593,11.56
19161,10350,2045,19.76
19163,165224,19209,11.63
19165,12167,3195,26.26
19167,33704,1397,4.15
19169,89542,16125,18.01
19171,17767,3204,18.04
19173,6317,499,7.9
19175,12534,2442,19.49
19177,7570,6901,91.16
19179,35625,9882,27.74
19181,46225,10136,21.93
19183,21704,1491,6.87
19185,6403,2560,39.99
19187,38013,8414,22.14
19189,10866,1920,17.67
19191,21056,2877,13.66
19193,102172,32231,31.55
19195,7598,610,8.03
19197,13229,887,6.71
20001,13371,5343,39.96
20003,8102,1808,22.32
20005,16924,3503,20.7
20007,4861,556,11.43
20009,27674,6373,23.03
20011,15173,3179,20.95
20013,9984,579,5.8
20015,65880,16179,24.56
20017,2790,2615,93.74
20019,3669,1100,29.99
20021,21603,3501,16.21
20023,2726,2676,98.16
20025,2215,2215,100.0
20027,8535,2243,26.28
20029,9533,3220,33.78
20031,8601,4620,53.71
20033,1891,337,17.82
20035,36311,5906,16.26
20037,39134,11858,30.3
20039,2961,500,16.88
20041,19754,3653,18.49
20043,7945,4874,61.34
20045,110826,14766,13.32
20047,3037,486,16.0
20049,2882,2863,99.36
20051,28452,5664,19.91
20053,6497,2034,31.31
20055,36776,7498,20.39
20057,33848,10833,32.01
20059,25992,12228,47.04
20061,34362,11539,33.58
20063,2695,2626,97.44
20065,2597,576,22.18
20067,7829,743,9.48
20069,6006,3184,53.01
20071,1247,1247,100.0
20073,6689,2872,42.93
20075,2690,2690,100.0
20077,6034,1122,18.59
20079,34684,7819,22.54
20081,4256,4256,100.0
20083,1916,1902,99.29
20085,13462,2033,15.1
20087,19126,2889,15.11
20089,3077,836,27.17
20091,544179,119671,21.99
20093,3977,350,8.81
20095,7858,2622,33.37
20097,2553,2544,99.65
20099,21607,4222,19.54
20101,1750,1750,100.0
20103,76227,14861,19.5
20105,3241,1028,31.72
20107,9656,3326,34.44
20109,2756,503,18.24
20111,33690,3322,9.86
20113,29180,8539,29.26
20115,12660,3065,24.21
20117,10117,1423,14.07
20119,4575,2320,50.72
20121,32787,3482,10.62
20123,6373,1405,22.05
20125,35471,4026,11.35
20127,5923,1952,32.96
20129,3233,845,26.14
20131,10178,1537,15.11
20133,16512,4082,24.72
20135,3107,836,26.92
20137,5671,1674,29.52
20139,16295,1906,11.7
20141,3858,892,23.11
20143,6091,1736,28.5
20145,6973,1180,16.93
20147,5642,1995,35.35
20149,21604,4154,19.23
20151,9656,2221,23.0
20153,2519,899,35.68
20155,64511,17367,26.92
20157,4980,1275,25.59
20159,10083,1886,18.71
20161,71115,35862,50.43
20163,5181,750,14.48
20165,3307,3307,100.0
20167,6970,1733,24.86
20169,55606,11417,20.53
20171,4936,448,9.08
20173,498365,145051,29.11
20175,22952,9959,43.39
20177,177934,47825,26.88
20179,2556,2521,98.64
20181,6010,4302,71.58
20183,3853,1494,38.77
20185,4437,1354,30.52
20187,2235,236,10.54
20189,5724,1044,18.24
20191,24132,5940,24.62
20193,7900,3715,47.03
20195,3001,539,17.96
20197,7053,4695,66.56
20199,1485,487,32.78
20201,5799,2726,47.01
20203,2234,2234,100.0
20205,9409,1020,10.84
20207,3309,67,2.04
20209,157505,48750,30.95
21001,18656,1601,8.58
21003,19956,246,1.23
21005,21421,5586,26.08
21007,8249,499,6.04
21009,42173,3266,7.74
21011,11591,16,0.13
21013,28691,5967,20.8
21015,118811,40238,33.87
21017,19985,1505,7.53
21019,49542,13022,26.28
21021,28432,6698,23.56
21023,8488,48,0.56
21025,13878,926,6.67
21027,20059,1962,9.78
21029,74319,18938,25.48
21031,12690,1488,11.73
21033,12984,1497,11.53
21035,37191,5754,15.47
21037,90336,27900,30.88
21039,5104,344,6.75
21041,10811,4090,37.83
21043,27720,1216,4.39
21045,15955,968,6.07
21047,73955,15171,20.51
21049,35613,3749,10.53
21051,21730,2898,13.34
21053,10272,164,1.6
21055,9315,0,0.0
21057,6856,136,1.98
21059,96656,17361,17.96
21061,12161,262,2.16
21063,7852,16,0.2
21065,14672,1820,12.4
21067,295803,45675,15.44
21069,14348,846,5.9
21071,39451,1681,4.26
21073,49285,11399,23.13
21075,6813,3,0.05
21077,8589,0,0.0
21079,16912,3837,22.69
21081,24662,4341,17.6
21083,37121,4578,12.33
21085,25746,5883,22.85
21087,11258,730,6.49
21089,36910,8861,24.01
21091,8565,30,0.35
21093,105543,24451,23.17
21095,29278,5086,17.37
21097,18846,1479,7.85
21099,18199,1719,9.45
21101,46250,4508,9.75
21103,15416,1282,8.31
21105,4902,159,3.24
21107,46920,7809,16.64
21109,13494,26,0.19
21111,741096,131566,17.75
21113,48586,4338,8.93
21115,23356,2321,9.94
21117,159720,52175,32.67
21119,16346,49,0.3
21121,31883,1695,5.32
21123,14193,211,1.49
21125,58849,6537,11.11
21127,15860,1775,11.19
21129,7887,1,0.02
21131,11310,423,3.74
21133,24519,0,0.0
21135,13870,154,1.11
21137,24742,1924,7.78
21139,9519,135,1.42
21141,26835,754,2.81
21143,8314,138,1.66
21145,65565,14443,22.03
21147,18306,866,4.73
21149,9531,3,0.03
21151,82916,7958,9.6
21153,13333,107,0.8
21155,19820,468,2.36
21157,31448,1059,3.37
21159,12929,39,0.3
21161,17490,2176,12.44
21163,28602,4097,14.32
21165,6306,0,0.0
21167,21331,3906,18.31
21169,10099,80,0.8
21171,10963,445,4.06
21173,26499,5751,21.7
21175,13923,1411,10.13
21177,31499,1406,4.46
21179,43437,6237,14.36
21181,7135,42,0.59
21183,23842,2459,10.31
21185,60316,24579,40.75
21187,10841,753,6.94
21189,4755,69,1.45
21191,14877,113,0.76
21193,28712,1705,5.94
21195,65024,787,1.21
21197,12613,244,1.94
21199,63063,8831,14.0
21201,2282,1705,74.73
21203,17056,431,2.53
21205,23333,1624,6.96
21207,17565,428,2.43
21209,47173,7942,16.84
21211,42074,3811,9.06
21213,17327,2266,13.08
21215,17061,0,0.0
21217,24512,1780,7.26
21219,12460,896,7.19
21221,14339,1747,12.18
21223,8809,2533,28.76
21225,15007,897,5.98
21227,113792,12034,10.58
21229,11717,1034,8.82
21231,20813,2746,13.19
21233,13621,78,0.57
21235,35637,4567,12.81
21237,7355,455,6.18
21239,24939,6750,27.07
22001,61773,1051,1.7
22003,25764,9454,36.7
22005,107215,42579,39.71
22007,23421,9128,38.97
22009,42073,8825,20.98
22011,35654,14669,41.14
22013,14353,4133,28.8
22015,116979,29630,25.33
22017,254969,84385,33.1
22019,192768,42273,21.93
22021,10132,1135,11.2
22023,6839,1681,24.59
22025,10407,2110,20.28
22027,17195,1458,8.48
22029,20822,4719,22.66
22031,26656,6743,25.3
22033,440171,124309,28.24
22035,7759,945,12.17
22037,20267,3071,15.15
22039,33984,5506,16.2
22041,20767,2200,10.59
22043,22309,5051,22.64
22045,73240,11815,16.13
22047,33387,5139,15.39
22049,16274,3734,22.95
22051,432552,52281,12.09
22053,31594,2291,7.25
22055,221578,57407,25.91
22057,96318,26626,27.64
22059,14890,1475,9.91
22061,46735,14859,31.79
22063,128026,24585,19.2
22065,12093,1180,9.76
22067,27979,6896,24.65
22069,39566,10794,27.28
22071,343829,87617,25.48
22073,153720,63892,41.56
22075,23042,7259,31.5
22077,22802,3162,13.87
22079,131613,47703,36.24
22081,9091,1698,18.68
22083,20725,2236,10.79
22085,24233,6385,26.35
22087,35897,15392,42.88
22089,52780,29520,55.93
22091,11203,1010,9.01
22093,22102,4399,19.9
22095,45924,20009,43.57
22097,83384,11479,13.77
22099,52160,3989,7.65
22101,54650,13658,24.99
22103,233740,59880,25.62
22105,121097,33649,27.79
22107,5252,2923,55.65
22109,111860,33017,29.52
22111,22721,4114,18.11
22113,57999,3426,5.91
22115,52334,20485,39.14
22117,47168,7914,16.78
22119,41207,8323,20.2
22121,23788,3923,16.49
22123,11604,565,4.87
22125,15625,6607,42.28
22127,15313,4247,27.73
23001,107702,12165,11.29
23003,71870,7551,10.51
23005,281674,61015,21.66
23007,30768,468,1.52
23009,54418,3364,6.18
23011,122151,11244,9.21
23013,39736,4460,11.22
23015,34457,1483,4.31
23017,57833,4951,8.56
23019,153923,24923,16.19
23021,17535,747,4.26
23023,35293,3515,9.96
23025,52228,4098,7.85
23027,38786,3519,9.07
23029,32856,3871,11.78
23031,197131,33631,17.06
24001,75087,29069,38.71
24003,537656,154301,28.7
24005,805029,163117,20.26
24009,88737,29796,33.58
24011,33066,2127,6.43
24013,167134,42953,25.7
24015,101108,20177,19.96
24017,146551,46914,32.01
24019,32618,3787,11.61
24021,233385,48430,20.75
24023,30097,1294,4.3
24025,244826,59244,24.2
24027,287085,61596,21.46
24029,20197,19,0.09
24031,971777,152763,15.72
24033,863420,230854,26.74
24035,47798,10967,22.94
24037,105151,13702,13.03
24039,26470,7268,27.46
24041,37782,4181,11.07
24043,147430,35617,24.16
24045,98733,26326,26.66
24047,51454,10321,20.06
24510,620961,20616,3.32
25001,215888,108706,50.35
25003,131219,31189,23.77
25005,548285,170346,31.07
25007,16535,2790,16.87
25009,743159,238892,32.15
25011,71372,12348,17.3
25013,463490,120696,26.04
25015,158080,52127,32.97
25017,1503085,402117,26.75
25019,10172,1559,15.32
25021,670850,232759,34.7
25023,494919,222808,45.02
25025,722023,20450,2.83
25027,798552,244033,30.56
26001,10942,1303,11.91
26003,9601,3336,34.74
26005,111408,6394,5.74
26007,29598,2016,6.81
26009,23580,71,0.3
26011,15899,30,0.19
26013,8860,1320,14.9
26015,59173,1673,2.83
26017,107771,20215,18.76
26019,17525,0,0.0
26021,156813,38516,24.56
26023,45248,6527,14.43
26025,136146,32177,23.63
26027,52293,3127,5.98
26029,25949,1523,5.87
26031,26152,3175,12.14
26033,38520,10696,27.77
26035,30926,1906,6.16
26037,75382,13342,17.7
26039,14074,2415,17.16
26041,37069,8177,22.06
26043,26168,8337,31.86
26045,107759,21806,20.24
26047,32694,5769,17.65
26049,425790,127082,29.85
26051,25692,2362,9.19
26053,16427,3471,21.13
26055,86986,15290,17.58
26057,42476,2836,6.68
26059,46688,2665,5.71
26061,36628,3693,10.08
26063,33118,9801,29.59
26065,280895,92267,32.85
26067,63905,3946,6.18
26069,25887,6667,25.76
26071,11817,1797,15.21
26073,70311,5722,8.14
26075,160248,42431,26.48
26077,250331,64961,25.95
26079,17153,1253,7.31
26081,602622,134218,22.27
26083,2156,588,27.27
26085,11539,1848,16.02
26087,88319,8964,10.15
26089,21708,3869,17.82
26091,99892,22041,22.06
26093,180967,54312,30.01
26095,6631,783,11.81
26097,11113,3422,30.8
26099,840978,195209,23.21
26101,24733,3056,12.36
26103,67077,10896,16.24
26105,28705,1656,5.77
26107,42798,7573,17.7
26109,24029,1346,5.6
26111,83629,21895,26.18
26113,14849,1312,8.83
26115,152021,31287,20.58
26117,63342,3775,5.96
26119,9765,365,3.73
26121,172188,60457,35.11
26123,48460,1590,3.28
26125,1202362,360771,30.01
26127,26570,980,3.69
26129,21699,9,0.04
26131,6780,2155,31.79
26133,23528,3707,15.76
26135,8640,6,0.07
26137,24164,2960,12.25
26139,263801,86740,32.88
26141,13376,3852,28.8
26143,24449,4651,19.02
26145,200169,41373,20.67
26147,163040,53236,32.65
26149,61295,6833,11.15
26151,43114,2681,6.22
26153,8485,2198,25.9
26155,70648,11238,15.91
26157,55729,3716,6.67
26159,76258,4527,5.94
26161,344791,88437,25.65
26163,1820584,274017,15.05
26165,32735,3182,9.72
27001,16202,4916,30.34
27003,330844,127023,38.39
27005,32504,11716,36.04
27007,44442,8067,18.15
27009,38451,9169,23.84
27011,5269,2490,47.26
27013,64013,22329,34.88
27015,25893,8354,32.26
27017,35386,7936,22.43
27019,91042,25217,27.7
27021,28567,4771,16.7
27023,12441,1420,11.42
27025,53887,4106,7.62
27027,58999,11771,19.95
27029,8695,3352,38.55
27031,5176,1469,28.38
27033,11687,5030,43.04
27035,62500,4925,7.88
27037,398552,147686,37.06
27039,20087,2111,10.51
27041,36009,13332,37.02
27043,14553,2220,15.25
27045,20866,538,2.58
27047,31255,9083,29.06
27049,46183,11090,24.01
27051,6018,2694,44.76
27053,1152425,341806,29.66
27055,19027,2021,10.62
27057,20428,4389,21.49
27059,37816,4415,11.67
27061,45058,7566,16.79
27063,10266,2890,28.16
27065,16239,464,2.86
27067,42239,11395,26.98
27069,4552,1192,26.2
27071,13311,6026,45.27
27073,7259,963,13.26
27075,10866,927,8.54
27077,4045,1666,41.19
27079,27703,961,3.47
27081,5896,5687,96.45
27083,25857,6710,25.95
27085,36651,7365,20.09
27087,5413,1905,35.19
27089,9439,6072,64.33
27091,20840,8987,43.12
27093,23300,3381,14.51
27095,26097,1708,6.55
27097,33198,10976,33.06
27099,39163,13281,33.91
27101,8725,3254,37.3
27103,32727,10465,31.98
27105,21378,8836,41.33
27107,6852,1780,25.98
27109,144248,31004,21.49
27111,57303,9953,17.37
27113,13930,2408,17.28
27115,29750,4768,16.03
27117,9596,3197,33.32
27119,31600,8692,27.51
27121,10995,1382,12.57
27123,508640,124480,24.47
27125,4089,1607,39.29
27127,16059,7077,44.07
27129,15730,8064,51.27
27131,64142,14636,22.82
27133,9687,2156,22.25
27135,15629,4624,29.58
27137,200226,54577,27.26
27139,129928,28970,22.3
27141,88499,14407,16.28
27143,15226,498,3.27
27145,150642,26989,17.92
27147,36576,9596,26.24
27149,9726,1557,16.01
27151,9783,4573,46.75
27153,24895,8516,34.21
27155,3558,1386,38.96
27157,21676,2233,10.3
27159,13843,6490,46.88
27161,19136,5687,29.72
27163,238136,94326,39.61
27165,11211,523,4.67
27167,6576,1980,30.1
27169,51461,7809,15.17
27171,124700,17188,13.78
27173,10438,3381,32.39
28001,32297,7941,24.59
28003,37057,3795,10.24
28005,13131,2392,18.21
28007,19564,1988,10.16
28009,8729,3095,35.46
28011,34145,14127,41.37
28013,14962,1165,7.79
28015,10597,4840,45.67
28017,17392,885,5.09
28019,8547,288,3.37
28021,9604,1449,15.09
28023,16732,2306,13.78
28025,20634,3298,15.98
28027,26151,6386,24.42
28029,29449,9132,31.01
28031,19568,0,0.0
28033,161252,44656,27.69
28035,74934,9746,13.01
28037,8118,2578,31.76
28039,22578,2300,10.18
28041,14400,2218,15.4
28043,21906,4414,20.15
28045,43929,19686,44.81
28047,187105,77396,41.36
28049,245285,67858,27.66
28051,19198,5050,26.3
28053,9375,1836,19.58
28055,1406,351,24.99
28057,23401,2649,11.32
28059,139668,35135,25.16
28061,17062,2222,13.03
28063,7726,801,10.36
28065,12487,285,2.28
28067,67761,8911,13.15
28069,10456,3848,36.81
28071,47351,14271,30.14
28073,55658,7994,14.36
28075,80261,14017,17.46
28077,12929,2637,20.39
28079,23805,2837,11.92
28081,82910,16806,20.27
28083,32317,10041,31.07
28085,34869,7915,22.7
28087,59779,13206,22.09
28089,95203,19995,21.0
28091,27088,4518,16.68
28093,37144,6300,16.96
28095,36989,2730,7.38
28097,10925,6619,60.58
28099,29676,1712,5.77
28101,21720,2475,11.39
28103,11545,1837,15.91
28105,47671,13337,27.98
28107,34707,7891,22.74
28109,55834,7872,14.1
28111,12250,771,6.29
28113,40404,3476,8.6
28115,29957,3035,10.13
28117,25276,1243,4.92
28119,8223,2633,32.02
28121,141617,36059,25.46
28123,28264,4356,15.41
28125,4916,323,6.58
28127,27503,2085,7.58
28129,16491,2319,14.06
28131,17786,4362,24.53
28133,29450,6609,22.44
28135,15378,7963,51.78
28137,28886,9749,33.75
28139,22232,1471,6.62
28141,19593,0,0.0
28143,10778,2986,27.7
28145,27134,3542,13.06
28147,15443,4312,27.92
28149,48773,14086,28.88
28151,51137,8343,16.31
28153,20747,1024,4.93
28155,10253,1332,13.0
28157,9878,1542,15.61
28159,19198,2883,15.02
28161,12678,2747,21.67
28163,28065,9552,34.03
29001,25607,4815,18.81
29003,17291,2733,15.81
29005,5685,298,5.24
29007,25529,5191,20.34
29009,35597,2787,7.83
29011,12402,2855,23.02
29013,17049,811,4.76
29015,19056,1199,6.29
29017,12363,3578,28.94
29019,162642,52313,32.16
29021,89201,18717,20.98
29023,42794,7744,18.1
29025,9424,1759,18.67
29027,44332,6533,14.74
29029,44002,3149,7.16
29031,75674,20053,26.5
29033,9295,2044,21.99
29035,6265,3073,49.06
29037,99478,32185,32.35
29039,13982,1116,7.98
29041,7831,2491,31.8
29043,77422,12618,16.3
29045,7139,974,13.64
29047,221939,64191,28.92
29049,20743,1607,7.75
29051,75990,17865,23.51
29053,17601,4063,23.08
29055,24696,1072,4.34
29057,7883,509,6.46
29059,16777,3083,18.37
29061,8433,1859,22.04
29063,12892,4870,37.78
29065,15657,2425,15.49
29067,13684,4409,32.22
29069,31953,2361,7.39
29071,101492,7470,7.36
29073,15222,1037,6.81
29075,6738,223,3.31
29077,275174,56141,20.4
29079,10261,2941,28.66
29081,8957,2328,25.99
29083,22272,5771,25.91
29085,9627,673,6.99
29087,4912,4888,99.51
29089,10144,2682,26.44
29091,40400,7477,18.51
29093,10630,2027,19.07
29095,674158,160188,23.76
29097,117404,27783,23.66
29099,218733,61105,27.94
29101,52595,8549,16.25
29103,4131,798,19.31
29105,35571,7098,19.96
29107,33381,5315,15.92
29109,38634,4155,10.75
29111,10211,4240,41.52
29113,52566,7530,14.32
29115,12761,3386,26.53
29117,15195,1619,10.65
29119,23083,1699,7.36
29121,15566,2400,15.42
29123,12226,1962,16.05
29125,9176,503,5.48
29127,28781,4516,15.69
29129,3785,484,12.8
29131,24748,1028,4.15
29133,14358,77,0.53
29135,15607,1399,8.96
29137,8840,381,4.31
29139,12236,1283,10.48
29141,20565,617,3.0
29143,18956,580,3.06
29145,58114,11959,20.58
29147,23370,10788,46.16
29149,10881,1871,17.19
29151,13878,2113,15.22
29153,9723,5362,55.15
29155,18296,1351,7.39
29157,18971,2962,15.61
29159,42201,7060,16.73
29161,45156,6252,13.85
29163,18516,4435,23.95
29165,89322,31211,34.94
29167,31137,2325,7.47
29169,52274,8739,16.72
29171,4979,1346,27.03
29173,10167,925,9.1
29175,25414,3998,15.73
29177,23494,3121,13.28
29179,6696,3035,45.33
29181,14100,3137,22.25
29183,360485,140645,39.02
29185,9805,847,8.63
29186,18145,5171,28.5
29187,65359,9531,14.58
29189,998954,264850,26.51
29195,23370,5842,25.0
29197,4431,3644,82.25
29199,4843,625,12.91
29201,39191,11167,28.49
29203,8441,2467,29.22
29205,6373,2548,39.98
29207,29968,1705,5.69
29209,32202,210,0.65
29211,6714,1796,26.75
29213,51675,10701,20.71
29215,26008,4700,18.07
29217,21159,4071,19.24
29219,32513,1865,5.74
29221,25195,4625,18.36
29223,13521,4515,33.39
29225,36202,1584,4.37
29227,2171,644,29.67
29229,18815,2235,11.88
29510,319294,32483,10.17
30001,9246,1963,21.23
30003,12865,6049,47.02
30005,6491,2208,34.01
30007,5612,1494,26.62
30009,10078,3621,35.93
30011,1160,1160,100.0
30013,81327,19813,24.36
30015,5813,4150,71.39
30017,11699,4762,40.71
30019,1751,1751,100.0
30021,8966,3711,41.39
30023,9298,607,6.53
30025,2890,648,22.44
30027,11586,3412,29.45
30029,90928,10737,11.81
30031,89513,13597,15.19
30033,1206,667,55.3
30035,13399,3349,25.0
30037,884,884,100.0
30039,3079,1958,63.58
30041,16096,7498,46.58
30043,11406,3475,30.47
30045,2072,1276,61.59
30047,28746,5133,17.85
30049,63395,15647,24.68
30051,2339,1179,50.4
30053,19687,2928,14.87
30055,1734,1597,92.1
30057,7691,2838,36.9
30059,1891,1891,100.0
30061,4223,1971,46.68
30063,109299,30018,27.46
30065,4538,1447,31.89
30067,15636,5860,37.48
30069,494,494,100.0
30071,4253,1536,36.11
30073,6153,2790,45.35
30075,1743,913,52.38
30077,7027,1376,19.58
30079,1179,1179,100.0
30081,40212,1846,4.59
30083,9746,3262,33.47
30085,10425,6021,57.76
30087,9233,2228,24.13
30089,11413,4777,41.85
30091,3384,1193,35.24
30093,34200,8469,24.76
30095,9117,1446,15.86
30097,3651,826,22.61
30099,6073,3654,60.16
30101,5324,2002,37.61
30103,718,718,100.0
30105,7369,2966,40.25
30107,2168,2168,100.0
30109,1017,534,52.47
30111,147972,39295,26.56
31001,31364,7653,24.4
31003,6685,2760,41.28
31005,460,460,100.0
31007,690,690,100.0
31009,478,478,100.0
31011,5505,1587,28.83
31013,11308,3742,33.09
31015,2099,2099,100.0
31017,3145,317,10.08
31019,46102,14620,31.71
31021,6858,3022,44.06
31023,8395,1350,16.09
31025,25241,7053,27.94
31027,8852,3556,40.17
31029,3966,1178,29.7
31031,5713,2236,39.14
31033,9998,1892,18.92
31035,6542,3032,46.35
31037,10515,2824,26.85
31039,9139,3005,32.89
31041,10939,5650,51.65
31043,21006,4051,19.29
31045,9182,2109,22.97
31047,24326,8838,36.33
31049,1941,521,26.82
31051,6000,2498,41.63
31053,36691,9812,26.74
31055,517110,74231,14.35
31057,2008,668,33.26
31059,5890,1410,23.93
31061,3225,1549,48.02
31063,2756,2756,100.0
31065,4959,2341,47.21
31067,22311,6518,29.21
31069,2057,2054,99.86
31071,2049,209,10.2
31073,2044,1298,63.52
31075,614,614,100.0
31077,2538,1573,61.97
31079,58607,12297,20.98
31081,9124,588,6.44
31083,3423,239,6.97
31085,967,967,100.0
31087,2908,2540,87.33
31089,10435,2666,25.55
31091,736,736,100.0
31093,6274,1287,20.51
31095,7547,1797,23.81
31097,5217,1354,25.96
31099,6489,735,11.33
31101,8368,1843,22.03
31103,824,823,99.88
31105,3821,287,7.51
31107,8701,6536,75.11
31109,285407,38274,13.41
31111,36288,8235,22.69
31113,763,763,100.0
31115,632,506,80.12
31117,539,539,100.0
31119,34876,10935,31.35
31121,7845,3076,39.22
31123,5042,2539,50.36
31125,3735,3488,93.39
31127,7248,750,10.35
31129,4500,1629,36.19
31131,15740,2137,13.58
31133,2773,503,18.15
31135,2970,2948,99.26
31137,9188,1744,18.98
31139,7266,5839,80.36
31141,32237,5519,17.12
31143,5406,4873,90.14
31145,11055,5748,52.0
31147,8363,2289,27.38
31149,1526,428,28.02
31151,14200,3764,26.51
31153,158840,47845,30.12
31155,20780,2961,14.25
31157,36970,11479,31.05
31159,16750,3313,19.78
31161,5469,1772,32.41
31163,3152,1164,36.91
31165,1311,858,65.47
31167,6129,4146,67.65
31169,5228,1315,25.16
31171,647,647,100.0
31173,6940,1771,25.52
31175,4260,1004,23.56
31177,20234,653,3.23
31179,9595,712,7.42
31181,3812,3812,100.0
31183,818,818,100.0
31185,13665,3570,26.12
32001,24877,6892,27.7
32003,1951269,165475,8.48
32005,46997,25135,53.48
32007,48818,11097,22.73
32009,783,761,97.19
32011,1987,1953,98.31
32013,16528,5047,30.54
32015,5775,887,15.36
32017,5345,5345,100.0
32019,51980,21509,41.38
32021,4772,1792,37.56
32023,43946,19264,43.84
32027,6753,1069,15.83
32029,4010,228,5.69
32031,421407,86358,20.49
32033,10030,4633,46.19
32510,55274,8821,15.96
33001,60088,10025,16.68
33003,47818,276,0.58
33005,77117,11095,14.39
33007,33055,4906,14.84
33009,89118,11509,12.91
33011,400721,114666,28.61
33013,146445,31080,21.22
33015,295223,116710,39.53
33017,123143,28973,23.53
33019,43742,6040,13.81
34001,274549,99613,36.28
34003,905116,107451,11.87
34005,448734,169305,37.73
34007,513657,141226,27.49
34009,97265,34840,35.82
34011,156898,47103,30.02
34013,783969,68650,8.76
34015,288288,126343,43.83
34017,634266,2135,0.34
34019,128349,28225,21.99
34021,366513,102659,28.01
34023,809858,233927,28.88
34025,630380,217042,34.43
34027,492276,188884,38.37
34029,576567,281417,48.81
34031,501226,67444,13.46
34033,66083,8633,13.06
34035,323444,133311,41.22
34037,149265,53488,35.83
34039,536499,65726,12.25
34041,108692,32708,30.09
35001,662564,136118,20.54
35003,3725,3725,100.0
35005,65645,17658,26.9
35006,27213,9029,33.18
35007,13750,7047,51.25
35009,48376,16741,34.61
35011,2022,2022,100.0
35013,209233,88230,42.17
35015,53829,19598,36.41
35017,29514,10080,34.15
35019,4687,1800,38.41
35021,695,695,100.0
35023,4894,1511,30.88
35025,64727,9740,15.05
35027,20497,8108,39.56
35028,17950,7257,40.43
35029,25095,7278,29.0
35031,71492,39226,54.87
35033,4881,1600,32.78
35035,63797,29715,46.58
35037,9041,2813,31.11
35039,40246,21377,53.12
35041,19846,4561,22.98
35043,131561,57791,43.93
35045,130044,40318,31.0
35047,29393,9212,31.34
35049,144170,46072,31.96
35051,11988,5303,44.24
35053,17866,6037,33.79
35055,32937,14727,44.71
35057,16383,3891,23.75
35059,4549,1220,26.81
35061,76569,34908,45.59
36001,304204,83654,27.5
36003,48946,3822,7.81
36005,1385108,12462,0.9
36007,200600,40489,20.18
36009,80317,3977,4.95
36011,80026,6013,7.51
36013,134905,15534,11.51
36015,88830,21029,23.67
36017,50477,806,1.6
36019,82128,19449,23.68
36021,63096,9467,15.0
36023,49336,4838,9.81
36025,47980,1362,2.84
36027,297488,106487,35.8
36029,919040,238054,25.9
36031,39370,3882,9.86
36033,51599,8975,17.39
36035,55531,5460,9.83
36037,60079,3071,5.11
36039,49221,6299,12.8
36041,4836,1330,27.5
36043,64519,8190,12.69
36045,116229,16866,14.51
36047,2504700,393,0.02
36049,27087,3967,14.65
36051,65393,11134,17.03
36053,73442,10694,14.56
36055,744344,251900,33.84
36057,50219,22116,44.04
36059,1339532,74914,5.59
36061,1585873,2,0.0
36063,216469,48276,22.3
36065,234878,46066,19.61
36067,467026,122215,26.17
36069,107931,14931,13.83
36071,372813,103136,27.66
36073,42883,6961,16.23
36075,122109,9743,7.98
36077,62259,12737,20.46
36079,99710,39109,39.22
36081,2230722,7451,0.33
36083,159429,37419,23.47
36085,468730,22938,4.89
36087,311687,92703,29.74
36089,111944,15983,14.28
36091,219607,64750,29.48
36093,154727,55632,35.95
36095,32749,3934,12.01
36097,18343,1222,6.66
36099,35251,1639,4.65
36101,98990,11349,11.47
36103,1493350,453548,30.37
36105,77547,10838,13.98
36107,51125,7567,14.8
36109,101564,17871,17.6
36111,182493,46797,25.64
36113,65707,11344,17.26
36115,63216,7692,12.17
36117,93772,13798,14.71
36119,949113,142030,14.96
36121,42155,7891,18.72
36123,25348,567,2.24
37001,151131,40792,26.99
37003,37198,2416,6.49
37005,11155,403,3.61
37007,26948,1551,5.76
37009,27281,1381,5.06
37011,17797,0,0.0
37013,47759,6999,14.66
37015,21282,1876,8.82
37017,35190,2260,6.42
37019,107431,16845,15.68
37021,238318,59094,24.8
37023,90912,25189,27.71
37025,178011,39787,22.35
37027,83029,29330,35.32
37029,9980,374,3.75
37031,66469,16357,24.61
37033,23719,2513,10.6
37035,154358,40326,26.12
37037,63505,5014,7.9
37039,27444,118,0.43
37041,14793,3171,21.44
37043,10587,394,3.72
37045,98078,12727,12.98
37047,58098,1621,2.79
37049,103505,23601,22.8
37051,319431,96550,30.23
37053,23547,3085,13.1
37055,33920,12762,37.62
37057,162878,28180,17.3
37059,41240,4548,11.03
37061,58505,986,1.69
37063,267587,72166,26.97
37065,56552,9134,16.15
37067,350670,136579,38.95
37069,60619,2868,4.73
37071,206086,58343,28.31
37073,12197,5,0.04
37075,8861,251,2.84
37077,59916,8651,14.44
37079,21362,0,0.0
37081,488406,102650,21.02
37083,54691,9543,17.45
37085,114678,10259,8.95
37087,59036,12027,20.37
37089,106740,22357,20.95
37091,24669,2821,11.43
37093,46952,10606,22.59
37095,5810,3440,59.2
37097,159437,25056,15.72
37099,40271,6917,17.18
37101,168878,8429,4.99
37103,10153,0,0.0
37105,57866,12463,21.54
37107,59495,7316,12.3
37109,78265,12888,16.47
37111,44996,3488,7.75
37113,33922,2190,6.46
37115,20764,2070,9.97
37117,24505,548,2.24
37119,919628,206382,22.44
37121,15579,862,5.53
37123,27798,231,0.83
37125,88247,22380,25.36
37127,95840,12635,13.18
37129,202667,64805,31.98
37131,22099,990,4.48
37133,177772,57400,32.29
37135,133801,31158,23.29
37137,13144,652,4.96
37139,40661,7224,17.77
37141,52217,3587,6.87
37143,13453,375,2.78
37145,39464,2975,7.54
37147,168148,14543,8.65
37149,20510,72,0.35
37151,141752,24426,17.23
37153,46639,5625,12.06
37155,134168,12957,9.66
37157,93643,20761,22.17
37159,138428,32737,23.65
37161,67810,15369,22.66
37163,63431,2915,4.6
37165,36157,5943,16.44
37167,60585,4409,7.28
37169,47401,8159,17.21
37171,73673,6662,9.04
37173,13981,605,4.33
37175,33090,3108,9.39
37177,4407,506,11.49
37179,201292,32195,15.99
37181,45422,4541,10.0
37183,900993,173265,19.23
37185,20972,1598,7.62
37187,13228,3043,23.0
37189,51079,3949,7.73
37191,122623,25040,20.42
37193,69340,8384,12.09
37195,81234,5097,6.27
37197,38406,639,1.66
37199,17818,0,0.0
38001,2343,528,22.52
38003,11066,3098,28.0
38005,6660,3054,45.85
38007,783,783,100.0
38009,6429,2992,46.53
38011,3151,940,29.82
38013,1968,1968,100.0
38015,81308,19849,24.41
38017,149778,22405,14.96
38019,3993,1455,36.43
38021,5289,2790,52.76
38023,2071,684,33.03
38025,3536,3342,94.51
38027,2385,689,28.87
38029,3550,1640,46.21
38031,3343,613,18.33
38033,1680,397,23.61
38035,66861,20016,29.94
38037,2394,1253,52.33
38039,2420,794,32.82
38041,2477,2476,99.98
38043,2435,2427,99.69
38045,4139,4139,99.99
38047,1990,1907,95.83
38049,5395,5395,100.0
38051,2809,559,19.9
38053,6360,2862,45.01
38055,8962,4944,55.17
38057,8424,1541,18.29
38059,27471,8444,30.74
38061,7673,985,12.84
38063,3126,3126,100.0
38065,1846,1516,82.11
38067,7413,3412,46.02
38069,4357,843,19.34
38071,11451,2522,22.02
38073,5457,900,16.49
38075,2470,1884,76.27
38077,16321,8714,53.39
38079,13937,990,7.1
38081,3829,959,25.04
38083,1321,1085,82.15
38085,4153,1696,40.83
38087,727,692,95.24
38089,24199,6321,26.12
38091,1975,1897,96.07
38093,21100,6954,32.96
38095,2246,2157,96.04
38097,8121,2319,28.56
38099,11119,2050,18.44
38101,61675,24775,40.17
38103,4207,1589,37.78
38105,22398,4783,21.35
39001,28550,936,3.28
39003,106331,21970,20.66
39005,53139,1949,3.67
39007,101497,16941,16.69
39009,64757,15662,24.19
39011,45949,2065,4.49
39013,70400,10512,14.93
39015,44846,4474,9.98
39017,368130,112346,30.52
39019,28836,1676,5.81
39021,40097,408,1.02
39023,138333,26637,19.26
39025,197363,82269,41.68
39027,42040,4052,9.64
39029,107841,20732,19.22
39031,36901,6394,17.33
39033,43784,2491,5.69
39035,1280122,246210,19.23
39037,52959,2136,4.03
39039,39037,6260,16.04
39041,174214,46337,26.6
39043,77079,21547,27.95
39045,146156,35861,24.54
39047,29030,1227,4.23
39049,1163414,275641,23.69
39051,42698,5769,13.51
39053,30934,2403,7.77
39055,93389,17141,18.35
39057,161573,53645,33.2
39059,40087,5798,14.46
39061,802374,218887,27.28
39063,74782,11982,16.02
39065,32058,1778,5.55
39067,15864,381,2.4
39069,28215,4083,14.47
39071,43589,1880,4.31
39073,29380,5104,17.37
39075,42366,876,2.07
39077,59626,7447,12.49
39079,33225,1547,4.66
39081,69709,14156,20.31
39083,60921,9597,15.75
39085,230041,89226,38.79
39087,62450,8863,14.19
39089,166492,26577,15.96
39091,45858,3483,7.59
39093,301356,77344,25.67
39095,441815,74111,16.77
39097,43435,6867,15.81
39099,238823,69801,29.23
39101,66501,22980,34.56
39103,172332,44493,25.82
39105,23770,4991,21.0
39107,40814,3252,7.97
39109,102506,15636,15.25
39111,14642,828,5.65
39113,535153,158183,29.56
39115,15054,949,6.3
39117,34827,166,0.48
39119,86074,15122,17.57
39121,14645,3789,25.87
39123,41428,9231,22.28
39125,19614,2876,14.66
39127,36058,3714,10.3
39129,55698,7141,12.82
39131,28709,6640,23.13
39133,161419,33164,20.55
39135,42270,293,0.69
39137,34499,5023,14.56
39139,124475,26630,21.39
39141,78064,8566,10.97
39143,60944,6159,10.11
39145,79499,13468,16.94
39147,56745,6051,10.66
39149,49423,7569,15.32
39151,375586,103577,27.58
39153,541781,189680,35.01
39155,210312,46163,21.95
39157,92582,17559,18.97
39159,52300,7338,14.03
39161,28744,3793,13.2
39163,13435,2125,15.82
39165,212693,69595,32.72
39167,61778,5187,8.4
39169,114520,18208,15.9
39171,37642,5333,14.17
39173,125488,36555,29.13
39175,22615,1006,4.45
40001,22683,1536,6.77
40003,5642,3429,60.78
40005,14182,5911,41.68
40007,5636,2220,39.39
40009,22119,3132,14.16
40011,11943,6960,58.27
40013,42416,8287,19.54
40015,29600,9864,33.32
40017,115541,33848,29.29
40019,47557,4569,9.61
40021,46987,10424,22.18
40023,15205,6212,40.85
40025,2475,1000,40.42
40027,255755,61262,23.95
40029,5925,1597,26.95
40031,124098,41726,33.62
40033,6193,390,6.31
40035,15029,2597,17.28
40037,69967,13189,18.85
40039,27469,6237,22.71
40041,41487,8504,20.5
40043,4810,4810,100.0
40045,4151,4127,99.43
40047,60580,15372,25.38
40049,27576,8498,30.82
40051,52431,7625,14.54
40053,4527,2799,61.83
40055,6239,551,8.83
40057,2922,242,8.29
40059,3685,1907,51.75
40061,12769,4807,37.64
40063,14003,3403,24.3
40065,26446,4964,18.77
40067,6472,1506,23.27
40069,10957,3542,32.33
40071,46562,10131,21.76
40073,15034,2274,15.12
40075,9446,3538,37.45
40077,11154,2496,22.38
40079,50384,6919,13.73
40081,34273,6801,19.84
40083,41848,9552,22.83
40085,9423,2033,21.58
40087,34506,3291,9.54
40089,33151,5474,16.51
40091,20252,2583,12.76
40093,7527,3327,44.2
40095,15840,1774,11.2
40097,41259,1181,2.86
40099,13488,1016,7.53
40101,70990,8901,12.54
40103,11561,3389,29.31
40105,10536,2689,25.52
40107,12191,2735,22.43
40109,718633,183238,25.5
40111,40069,10084,25.17
40113,47472,13639,28.73
40115,31848,4857,15.25
40117,16577,382,2.3
40119,77350,19813,25.62
40121,45837,19048,41.56
40123,37492,8275,22.07
40125,69442,11843,17.05
40127,11572,2890,24.97
40129,3647,1989,54.53
40131,86905,23199,26.69
40133,25482,2175,8.54
40135,42391,3294,7.77
40137,45048,7586,16.84
40139,20640,17165,83.16
40141,7992,2775,34.72
40143,603403,154010,25.52
40145,73085,22915,31.35
40147,50976,16796,32.95
40149,11629,4823,41.47
40151,8878,2873,32.36
40153,20081,5394,26.86
41001,16134,5866,36.36
41003,85579,17285,20.2
41005,375992,63184,16.8
41007,37039,12136,32.77
41009,49351,7397,14.99
41011,63043,7029,11.15
41013,20978,2962,14.12
41015,22364,2790,12.48
41017,157733,24507,15.54
41019,107667,29194,27.12
41021,1871,1023,54.67
41023,7445,2964,39.81
41025,7422,2369,31.91
41027,22346,1517,6.79
41029,203206,33532,16.5
41031,21720,4386,20.2
41033,82713,14564,17.61
41035,66380,22196,33.44
41037,7895,3444,43.62
41039,351715,53955,15.34
41041,46034,7013,15.23
41043,116672,28180,24.15
41045,31313,2802,8.95
41047,315335,45620,14.47
41049,11173,3093,27.68
41051,735334,92502,12.58
41053,75403,20957,27.79
41055,1765,783,44.34
41057,25250,5544,21.95
41059,75889,19163,25.25
41061,25748,12593,48.91
41063,7008,1903,27.15
41065,25213,10361,41.09
41067,529710,70499,13.31
41069,1441,1441,100.0
41071,99193,16892,17.03
42001,101407,11466,11.31
42003,1223348,351583,28.74
42005,68941,3674,5.33
42007,170539,67605,39.64
42009,49762,6537,13.14
42011,411442,63317,15.39
42013,127089,23261,18.3
42015,62622,7590,12.12
42017,625249,212534,33.99
42019,183862,41421,22.53
42021,143679,29929,20.83
42023,5085,467,9.18
42025,65249,7549,11.57
42027,153990,20964,13.61
42029,498886,195262,39.14
42031,39988,2758,6.9
42033,81642,11640,14.26
42035,39238,7378,18.8
42037,67295,7456,11.08
42039,88765,9637,10.86
42041,235406,46342,19.69
42043,268100,107615,40.14
42045,558979,114579,20.5
42047,31946,3039,9.51
42049,280566,73860,26.33
42051,136606,22600,16.54
42053,7716,90,1.16
42055,149618,31036,20.74
42057,14845,1851,12.47
42059,38686,6042,15.62
42061,45913,1332,2.9
42063,88880,9691,10.9
42065,45200,2389,5.28
42067,24636,4215,17.11
42069,214437,24220,11.29
42071,519445,133673,25.73
42073,91108,26492,29.08
42075,133568,24983,18.7
42077,349497,91342,26.14
42079,320918,56425,17.58
42081,116111,23151,19.94
42083,43450,1182,2.72
42085,116638,16447,14.1
42087,46682,3707,7.94
42089,169842,50922,29.98
42091,799874,231495,28.94
42093,18267,2083,11.4
42095,297735,70519,23.69
42097,94528,11348,12.0
42099,45969,5931,12.9
42101,1526006,13014,0.85
42103,57369,2934,5.12
42105,17457,3279,18.78
42107,148289,9833,6.63
42109,39702,1980,4.99
42111,77742,11210,14.42
42113,6428,2211,34.4
42115,43356,2145,4.95
42117,41981,1379,3.28
42119,44947,13785,30.67
42121,54984,4631,8.42
42123,41815,6541,15.64
42125,207820,56007,26.95
42127,52822,2138,4.05
42129,365169,121341,33.23
42131,28276,787,2.78
42133,434972,113962,26.2
44001,49875,25479,51.09
44003,166158,53506,32.2
44005,82888,28776,34.72
44007,626667,124418,19.85
44009,126979,42981,33.85
45001,25417,7629,30.02
45003,160099,35221,22.0
45005,10419,236,2.27
45007,187126,56938,30.43
45009,15987,2415,15.11
45011,22621,513,2.27
45013,162233,49037,30.23
45015,177843,40370,22.7
45017,15175,118,0.78
45019,350209,64105,18.3
45021,55342,6233,11.26
45023,33140,5547,16.74
45025,46734,6370,13.63
45027,34971,1667,4.77
45029,38892,9243,23.76
45031,68681,9759,14.21
45033,32062,3257,10.16
45035,136555,26712,19.56
45037,26985,1675,6.21
45039,23956,4817,20.11
45041,136885,30786,22.49
45043,60158,13915,23.13
45045,451225,144872,32.11
45047,69661,10670,15.32
45049,21090,2224,10.55
45051,269291,46637,17.32
45053,24777,2393,9.66
45055,61697,11566,18.75
45057,76652,10055,13.12
45059,66537,11726,17.62
45061,19220,948,4.93
45063,262391,60873,23.2
45065,10233,636,6.22
45067,33062,1530,4.63
45069,28933,3830,13.24
45071,37508,3985,10.62
45073,74273,11042,14.87
45075,92501,12326,13.33
45077,119224,37153,31.16
45079,384504,103362,26.88
45081,19875,930,4.68
45083,284307,94805,33.35
45085,107456,23788,22.14
45087,28961,2488,8.59
45089,34423,2577,7.49
45091,226073,51932,22.97
46003,2710,2706,99.86
46005,17398,3919,22.52
46007,3431,3320,96.76
46009,7070,6209,87.81
46011,31965,13055,40.84
46013,36531,11498,31.47
46015,5255,1820,34.63
46017,1912,351,18.35
46019,10110,2435,24.08
46021,1466,1369,93.36
46023,9129,3036,33.26
46025,3691,1708,46.28
46027,13864,3127,22.55
46029,27227,9918,36.43
46031,4050,3636,89.79
46033,8216,2904,35.35
46035,19504,4636,23.77
46037,5710,2791,48.88
46039,4364,4237,97.1
46041,5301,2319,43.76
46043,3002,2802,93.32
46045,4071,2592,63.66
46047,7094,2639,37.21
46049,2364,2362,99.91
46051,7356,1390,18.9
46053,4271,1584,37.08
46055,1937,801,41.33
46057,5903,5643,95.6
46059,3431,1178,34.32
46061,3331,595,17.88
46063,1255,1255,100.0
46065,17022,3984,23.41
46067,7343,2689,36.62
46069,1420,1412,99.45
46071,3031,2755,90.88
46073,2071,2071,100.0
46075,1006,1006,100.0
46077,5148,2689,52.24
46079,11200,1387,12.38
46081,24097,3606,14.96
46083,44828,5343,11.92
46085,3755,2026,53.96
46087,5618,4515,80.37
46089,2459,1370,55.71
46091,4656,2347,50.4
46093,25434,2500,9.83
46095,2048,2035,99.36
46097,2389,440,18.4
46099,169468,33775,19.93
46101,6486,5029,77.54
46103,100948,30385,30.1
46105,2982,1470,49.31
46107,2329,2329,100.0
46109,10149,4390,43.26
46111,2355,2321,98.58
46115,6415,2797,43.6
46117,2966,563,19.0
46119,1373,1373,100.0
46121,9612,2139,22.25
46123,5644,1510,26.76
46125,8347,2047,24.52
46127,14399,2901,20.15
46129,5438,1560,28.69
46135,22438,6433,28.67
46137,2801,1864,66.54
47001,75129,14017,18.66
47003,45058,6068,13.47
47005,16489,2221,13.47
47007,12876,599,4.65
47009,123010,40483,32.91
47011,98963,27711,28.0
47013,40716,6372,15.65
47015,13801,304,2.2
47017,28522,2195,7.69
47019,57424,18964,33.02
47021,39105,313,0.8
47023,17131,2284,13.33
47025,32213,6096,18.92
47027,7861,2,0.02
47029,35662,6413,17.98
47031,52796,8085,15.31
47033,14586,110,0.75
47035,56053,8083,14.42
47037,626681,153981,24.57
47039,11757,749,6.37
47041,18723,433,2.31
47043,49666,6011,12.1
47045,38335,11278,29.42
47047,38413,4469,11.63
47049,17959,49,0.27
47051,41052,7667,18.68
47053,49683,6761,13.61
47055,29485,4578,15.53
47057,22657,0,0.0
47059,68831,5639,8.19
47061,13703,920,6.72
47063,62544,20801,33.26
47065,336463,127478,37.89
47067,6819,95,1.4
47069,27253,8061,29.58
47071,26026,3073,11.81
47073,56833,13279,23.37
47075,18787,3041,16.19
47077,27769,3798,13.68
47079,32330,6541,20.23
47081,24690,2279,9.23
47083,8426,296,3.51
47085,18538,1679,9.06
47087,11638,2,0.01
47089,51407,2646,5.15
47091,18244,1965,10.77
47093,432226,166361,38.49
47095,7832,15,0.19
47097,27815,2399,8.62
47099,41869,2797,6.68
47101,12161,423,3.48
47103,33361,5084,15.24
47105,48556,13675,28.16
47107,52266,8059,15.42
47109,26075,2771,10.63
47111,22248,183,0.82
47113,98294,22752,23.15
47115,28237,2115,7.49
47117,30617,1911,6.24
47119,80956,13115,16.2
47121,11753,95,0.81
47123,44519,2263,5.08
47125,172331,62104,36.04
47127,6362,2087,32.8
47129,21987,4442,20.2
47131,31807,3417,10.74
47133,22083,350,1.59
47135,7915,550,6.94
47137,5077,39,0.77
47139,16825,42,0.25
47141,72321,15245,21.08
47143,31809,2616,8.22
47145,54181,13850,25.56
47147,66283,5043,7.61
47149,262604,61980,23.6
47151,22228,1314,5.91
47153,14112,134,0.95
47155,89889,11506,12.8
47157,927644,254098,27.39
47159,19166,397,2.07
47161,13324,1929,14.48
47163,156823,58586,37.36
47165,160645,45309,28.2
47167,61081,13752,22.51
47169,7870,0,0.0
47171,18313,1352,7.38
47173,19109,19,0.1
47175,5548,98,1.77
47177,39839,2343,5.88
47179,122979,24263,19.73
47181,17021,4178,24.55
47183,35021,2803,8.0
47185,25841,2903,11.23
47187,183182,47259,25.8
47189,113993,25298,22.19
48001,58458,24126,41.27
48003,14786,5016,33.92
48005,86771,27887,32.14
48007,23158,8866,38.28
48009,9054,2137,23.6
48011,1901,1896,99.75
48013,44911,7536,16.78
48015,28417,3996,14.06
48017,7165,668,9.32
48019,20485,2576,12.58
48021,74171,30895,41.65
48023,3726,456,12.23
48025,31861,10187,31.97
48027,310235,118669,38.25
48029,1714773,537898,31.37
48031,10497,1048,9.98
48033,641,641,100.0
48035,18212,4234,23.25
48037,92565,27240,29.43
48039,313166,82488,26.34
48041,194851,66010,33.88
48043,9232,2642,28.62
48045,1637,1637,100.0
48047,7223,1179,16.32
48049,38106,15830,41.54
48051,17187,2344,13.64
48053,42750,13490,31.56
48055,38066,7385,19.4
48057,21381,6791,31.76
48059,13544,2992,22.09
48061,406220,112245,27.63
48063,12401,1247,10.06
48065,6182,2831,45.8
48067,30464,2473,8.12
48069,8062,957,11.86
48071,35096,6360,18.12
48073,50845,8279,16.28
48075,7041,3117,44.27
48077,10752,4061,37.77
48079,3127,662,21.18
48081,3320,3319,99.98
48083,8895,1746,19.63
48085,782341,116558,14.9
48087,3057,216,7.07
48089,20874,4358,20.88
48091,108472,20618,19.01
48093,13974,2172,15.55
48095,4087,1091,26.69
48097,38437,3344,8.7
48099,75388,27332,36.25
48101,1505,140,9.31
48103,4375,389,8.89
48105,3719,292,7.85
48107,6059,278,4.58
48109,2398,187,7.82
48111,6703,2438,36.37
48113,2368139,473273,19.99
48115,13833,4082,29.51
48117,19372,3729,19.25
48119,5231,377,7.21
48121,662614,143217,21.61
48123,20097,3849,19.15
48125,2444,485,19.84
48127,9996,2234,22.35
48129,3677,535,14.55
48131,11782,3984,33.82
48133,18583,4032,21.7
48135,137130,30948,22.57
48137,2002,638,31.87
48139,149610,38422,25.68
48141,800647,179137,22.37
48143,37890,13501,35.63
48145,17866,6509,36.43
48147,33915,12951,38.19
48149,24554,7362,29.98
48151,3974,677,17.03
48153,6446,339,5.25
48155,1336,1336,100.0
48157,585375,177770,30.37
48159,10605,744,7.01
48161,19816,3651,18.43
48163,17217,2409,13.99
48165,17526,1836,10.47
48167,291309,101777,34.94
48169,6461,389,6.01
48171,24837,4005,16.13
48173,1226,1204,98.24
48175,7210,2670,37.04
48177,19807,5526,27.9
48179,22535,3813,16.92
48181,120877,32735,27.08
48183,121730,29652,24.36
48185,26604,11629,43.71
48187,131533,41687,31.69
48189,36273,9464,26.09
48191,3353,820,24.45
48193,8517,2134,25.06
48195,5613,2106,37.51
48197,4139,1230,29.72
48199,54635,15213,27.84
48201,4092459,886069,21.65
48203,65631,11560,17.61
48205,6062,1450,23.92
48207,5899,879,14.9
48209,157107,30563,19.45
48211,3807,403,10.6
48213,78532,19106,24.33
48215,774769,330466,42.65
48217,35089,1119,3.19
48219,22935,8197,35.74
48221,51182,17970,35.11
48223,35161,5636,16.03
48225,23732,9135,38.49
48227,35012,17220,49.18
48229,3476,3473,99.92
48231,86129,11491,13.34
48233,22150,9504,42.91
48235,1599,1599,99.97
48237,9044,4220,46.67
48239,14075,3124,22.19
48241,35710,7186,20.12
48243,2342,708,30.25
48245,252273,72991,28.93
48247,5300,111,2.1
48249,40838,7568,18.53
48251,150934,34247,22.69
48253,20202,4417,21.86
48255,14824,3621,24.43
48257,103350,8744,8.46
48259,33410,3974,11.89
48261,416,405,97.38
48263,808,785,97.2
48265,49625,14887,30.0
48267,4607,1150,24.97
48269,286,286,100.0
48271,3598,149,4.15
48273,32061,9600,29.94
48275,3719,470,12.63
48277,49793,15754,31.64
48279,13977,505,3.61
48281,19677,4015,20.4
48283,6886,2970,43.12
48285,19263,3108,16.13
48287,16612,1252,7.54
48289,16801,3423,20.37
48291,75643,15789,20.87
48293,23384,4820,20.61
48295,3302,3302,100.0
48297,11531,1181,10.24
48299,19301,6002,31.1
48301,82,82,100.0
48303,278831,58501,20.98
48305,5915,2004,33.89
48307,8283,1333,16.09
48309,234906,66739,28.41
48311,707,693,98.0
48313,13664,3872,28.34
48315,10546,1154,10.95
48317,4799,1011,21.07
48319,4012,836,20.83
48321,36702,13643,37.17
48323,54258,17177,31.66
48325,46006,9016,19.6
48327,2242,455,20.28
48329,136872,40560,29.63
48331,24757,5731,23.15
48333,4936,1218,24.68
48335,9403,2801,29.79
48337,19719,3897,19.76
48339,455746,100452,22.04
48341,21904,6929,31.64
48343,12934,515,3.98
48345,1210,223,18.45
48347,64524,19461,30.16
48349,47735,12922,27.07
48351,14445,3815,26.41
48353,15216,3625,23.82
48355,340223,119085,35.0
48357,10223,969,9.48
48359,2052,2052,100.0
48361,81837,19949,24.38
48363,28111,10532,37.46
48365,23796,4697,19.74
48367,116927,21113,18.06
48369,10269,1385,13.49
48371,15507,3285,21.19
48373,45413,10391,22.88
48375,121073,37056,30.61
48377,7818,1318,16.86
48379,10914,0,0.0
48381,120725,25615,21.22
48383,3367,214,6.37
48385,3309,3309,100.0
48387,12860,6000,46.66
48389,13783,3056,22.17
48391,7383,1463,19.81
48393,929,843,90.76
48395,16622,2920,17.56
48397,78337,18372,23.45
48399,10501,3026,28.82
48401,53330,14339,26.89
48403,10834,2813,25.96
48405,8865,3166,35.71
48407,26384,489,1.85
48409,64804,10955,16.91
48411,6131,1872,30.53
48413,3461,368,10.63
48415,16921,5807,34.32
48417,3378,518,15.34
48419,25448,3832,15.06
48421,3034,754,24.86
48423,209714,42370,20.2
48425,8490,0,0.0
48427,60968,28488,46.73
48429,9630,2321,24.1
48431,1143,1143,100.0
48433,1490,233,15.64
48435,4128,449,10.87
48437,7854,2471,31.46
48439,1809034,503753,27.85
48441,131506,37889,28.81
48443,984,984,100.0
48445,12651,4707,37.21
48447,1641,1641,100.0
48449,32334,4538,14.03
48451,110224,33804,30.67
48453,1024266,296491,28.95
48455,14585,2015,13.81
48457,21766,11686,53.69
48459,39309,6502,16.54
48461,3355,1121,33.41
48463,26405,9595,36.34
48465,48879,16556,33.87
48467,52579,2534,4.82
48469,86793,35234,40.6
48471,67861,20157,29.7
48473,43205,6139,14.21
48475,10658,3829,35.92
48477,33718,4547,13.49
48479,250304,44797,17.9
48481,41280,6977,16.9
48483,5410,556,10.28
48485,131500,43104,32.78
48487,13535,3398,25.1
48489,22134,895,4.04
48491,422679,144013,34.07
48493,42918,4295,10.01
48495,7110,430,6.04
48497,59127,3662,6.19
48499,41964,3852,9.18
48501,7879,904,11.48
48503,18550,6517,35.13
48505,14018,6048,43.14
48507,11677,3702,31.7
49001,6629,954,14.39
49003,49975,8873,17.75
49005,112656,36850,32.71
49007,21403,4996,23.34
49009,1059,1059,100.0
49011,306479,85082,27.76
49013,18607,5147,27.66
49015,10976,4429,40.35
49017,5172,1812,35.03
49019,9225,1718,18.62
49021,46163,11916,25.81
49023,10246,4406,43.0
49025,7125,3109,43.64
49027,12503,5078,40.61
49029,9469,40,0.42
49031,1556,1556,100.0
49033,2264,2264,100.0
49035,1029655,118179,11.48
49037,14746,7237,49.08
49039,27822,2597,9.34
49041,20802,430,2.07
49043,36324,7428,20.45
49045,58218,15938,27.38
49047,32588,8002,24.55
49049,516564,118502,22.94
49051,23530,1167,4.96
49053,138115,38175,27.64
49055,2778,1009,36.32
49057,231236,57291,24.78
50001,36821,894,2.43
50003,37125,4292,11.56
50005,31227,1994,6.39
50007,156545,31126,19.88
50009,6306,1877,29.77
50011,47746,2087,4.37
50013,6970,222,3.19
50015,24475,543,2.22
50017,28936,3223,11.14
50019,27231,4360,16.01
50021,61642,6358,10.31
50023,59534,5880,9.88
50025,44513,4259,9.57
50027,56670,7079,12.49
51001,33164,1528,4.61
51003,98970,15462,15.62
51005,16250,2221,13.67
51007,12690,1855,14.62
51009,32353,6526,20.17
51011,14973,445,2.97
51013,207627,5136,2.47
51015,73750,9496,12.88
51017,4731,979,20.7
51019,68676,7638,11.12
51021,6824,2752,40.33
51023,33148,7296,22.01
51025,17434,3583,20.55
51027,24098,1357,5.63
51029,17146,2075,12.1
51031,54842,11557,21.07
51033,28545,1432,5.02
51035,30042,1997,6.65
51036,7256,141,1.94
51037,12586,4221,33.54
51041,316236,116514,36.84
51043,14034,312,2.22
51045,5190,644,12.41
51047,46689,2194,4.7
51049,10052,5913,58.83
51051,15903,30,0.19
51053,28001,5848,20.89
51057,11151,2975,26.68
51059,1081726,205515,19.0
51061,65203,8123,12.46
51063,15279,4253,27.84
51065,25691,6889,26.81
51067,56159,8932,15.9
51069,78305,14691,18.76
51071,17286,1853,10.72
51073,36858,3765,10.21
51075,21717,3313,15.25
51077,15533,2736,17.62
51079,18403,0,0.0
51081,12243,864,7.06
51083,36241,9534,26.31
51085,99863,19821,19.85
51087,306935,69020,22.49
51089,54151,10402,19.21
51091,2321,2321,100.0
51093,35270,5799,16.44
51095,67009,21539,32.14
51097,6945,732,10.54
51099,23584,0,0.0
51101,15935,1626,10.21
51103,11391,352,3.09
51105,25587,19,0.07
51107,312311,39430,12.63
51109,33153,779,2.35
51111,12914,5,0.04
51113,13308,247,1.85
51115,8978,0,0.0
51117,32727,3599,11.0
51119,10959,108,0.98
51121,94392,7891,8.36
51125,15020,787,5.24
51127,18429,0,0.0
51131,12389,38,0.31
51133,12330,908,7.36
51135,15853,7976,50.31
51137,33481,7443,22.23
51139,24042,692,2.88
51141,18490,907,4.9
51143,63506,9790,15.42
51145,28046,2645,9.43
51147,23368,3510,15.02
51149,35725,10243,28.67
51153,402002,82733,20.58
51155,34872,5227,14.99
51157,7373,5825,79.01
51159,9254,644,6.96
51161,92376,19685,21.31
51163,22307,3642,16.33
51165,76314,14849,19.46
51167,28897,2118,7.33
51169,23177,2780,12.0
51171,41993,2914,6.94
51173,32208,2618,8.13
51175,18570,4232,22.79
51177,122397,33093,27.04
51179,128961,36486,28.29
51181,7058,1643,23.28
51183,12087,3495,28.92
51185,45078,8237,18.27
51187,37575,1917,5.1
51191,54876,6863,12.51
51193,17454,3074,17.61
51195,41452,3924,9.47
51197,29235,1167,3.99
51199,65464,19280,29.45
51510,139966,0,0.0
51520,17835,5023,28.16
51530,6650,6238,93.8
51540,43475,1153,2.65
51550,222209,49801,22.41
51570,17411,3299,18.95
51580,5961,1152,19.33
51590,43055,6395,14.85
51595,5927,101,1.71
51600,22565,0,0.0
51610,12332,166,1.35
51620,8582,4978,58.0
51630,24286,6390,26.31
51640,7042,190,2.69
51650,137436,32202,23.43
51660,48914,4208,8.6
51670,22591,6541,28.95
51678,7042,9,0.13
51680,75568,19951,26.4
51683,37821,2314,6.12
51685,14273,4919,34.46
51690,13821,3489,25.25
51700,180719,33746,18.67
51710,242803,32045,13.2
51720,3958,488,12.34
51730,32420,7216,22.26
51735,12150,5212,42.89
51740,95535,14240,14.91
51750,16408,2600,15.85
51760,204214,41569,20.36
51770,97032,23017,23.72
51775,24802,12140,48.95
51790,23746,1827,7.69
51800,84585,16356,19.34
51810,437994,78720,17.97
51820,21006,3256,15.5
51830,14068,822,5.84
51840,26203,6501,24.81
53001,18728,3810,20.35
53003,21623,4212,19.48
53005,175177,37788,21.57
53007,72453,15758,21.75
53009,71404,15447,21.63
53011,425363,88356,20.77
53013,4078,1080,26.5
53015,102410,27626,26.98
53017,38431,18018,46.88
53019,7551,3695,48.93
53021,78163,24745,31.66
53023,2266,2258,99.66
53025,89120,20205,22.67
53027,72797,14221,19.53
53029,78506,19367,24.67
53031,29872,6318,21.15
53033,1931249,333424,17.26
53035,251133,79765,31.76
53037,40915,9172,22.42
53039,20318,4793,23.59
53041,75455,12728,16.87
53043,10570,7517,71.12
53045,60699,3688,6.08
53047,41120,6505,15.82
53049,20920,6891,32.94
53051,13001,4299,33.06
53053,795225,266740,33.54
53055,15769,38,0.24
53057,116901,29820,25.51
53059,11066,505,4.56
53061,713335,173059,24.26
53063,471221,80077,16.99
53065,43531,12902,29.64
53067,252264,79252,31.42
53069,3978,2895,72.77
53071,58781,13944,23.72
53073,201140,50884,25.3
53075,44776,9178,20.5
53077,243231,30242,12.43
54001,16589,178,1.07
54003,104169,25200,24.19
54005,24629,751,3.05
54007,14523,2987,20.57
54009,24069,5403,22.45
54011,96319,12569,13.05
54013,7627,1843,24.17
54015,9386,1449,15.44
54017,8202,170,2.07
54019,46039,6288,13.66
54021,8693,452,5.2
54023,11937,2260,18.93
54025,35480,3720,10.48
54027,23964,6117,25.53
54029,30676,7498,24.44
54031,14025,4798,34.21
54033,69099,11092,16.05
54035,29211,3449,11.81
54037,53498,2827,5.28
54039,193063,48214,24.97
54041,16372,674,4.12
54043,21720,0,0.0
54045,36743,1933,5.26
54047,22113,955,4.32
54049,56418,7896,14.0
54051,33107,8418,25.43
54053,27324,5745,21.03
54055,62264,13304,21.37
54057,28212,3067,10.87
54059,26839,271,1.01
54061,96189,24543,25.52
54063,13502,782,5.79
54065,17541,1618,9.22
54067,26233,1057,4.03
54069,44443,12915,29.06
54071,7695,2364,30.72
54073,7605,21,0.27
54075,8719,4029,46.21
54077,33520,7447,22.22
54079,55486,12706,22.9
54081,78859,25057,31.78
54083,29405,2343,7.97
54085,10449,395,3.78
54087,14926,2543,17.04
54089,13927,1758,12.62
54091,16895,575,3.4
54093,7141,74,1.04
54095,9208,877,9.53
54097,24254,961,3.96
54099,42481,5924,13.95
54101,9154,230,2.51
54103,16583,7203,43.44
54105,5717,66,1.16
54107,86956,16482,18.95
54109,23796,757,3.18
55001,20875,3390,16.24
55003,16157,5074,31.4
55005,45870,3811,8.31
55007,15014,3780,25.17
55009,248007,65133,26.26
55011,13587,3352,24.67
55013,15457,1564,10.12
55015,48971,8927,18.23
55017,62415,11352,18.19
55019,34690,3074,8.86
55021,56833,3367,5.92
55023,16644,5753,34.57
55025,488073,110749,22.69
55027,88759,6929,7.81
55029,27785,3694,13.29
55031,44159,11338,25.67
55033,43857,7321,16.69
55035,98736,26549,26.89
55037,4423,1921,43.44
55039,101633,14228,14.0
55041,9304,3502,37.64
55043,51208,6565,12.82
55045,36842,5301,14.39
55047,19051,1331,6.99
55049,23687,3008,12.7
55051,5916,1139,19.26
55053,20449,7272,35.56
55055,83686,7620,9.11
55057,26664,3869,14.51
55059,166426,46129,27.72
55061,20574,72,0.35
55063,114638,23940,20.88
55065,16836,2590,15.39
55067,19977,6023,30.15
55069,28743,4904,17.06
55071,81442,12908,15.85
55073,134063,27814,20.75
55075,41749,7521,18.01
55077,15404,256,1.66
55078,4232,1256,29.67
55079,947735,124078,13.09
55081,44673,6435,14.41
55083,37660,4460,11.84
55085,35998,4305,11.96
55087,176695,25730,14.56
55089,86395,26067,30.17
55091,7469,0,0.0
55093,41019,5318,12.96
55095,44205,983,2.22
55097,70019,17621,25.17
55099,14159,1638,11.57
55101,195408,57826,29.59
55103,18021,3699,20.52
55105,160331,49550,30.9
55107,14755,3081,20.88
55109,84345,10962,13.0
55111,61976,3246,5.24
55113,16557,4793,28.95
55115,41949,6489,15.47
55117,115507,11446,9.91
55119,20689,4248,20.54
55121,28816,651,2.26
55123,29773,5173,17.38
55125,21430,2604,12.15
55127,102228,30650,29.98
55129,15911,3128,19.66
55131,131887,19101,14.48
55133,389891,160077,41.06
55135,52410,8031,15.32
55137,24496,309,1.26
55139,166994,51314,30.73
55141,74749,19714,26.37
56001,36299,14557,40.1
56003,11668,2176,18.65
56005,46133,10440,22.63
56007,15885,8596,54.11
56009,13833,1734,12.54
56011,7083,5140,72.57
56013,40123,6165,15.37
56015,13249,3899,29.43
56017,4812,394,8.19
56019,8569,1714,20.0
56021,91738,22102,24.09
56023,18106,2471,13.65
56025,75450,32267,42.77
56027,2484,545,21.93
56029,28205,5945,21.08
56031,8667,1799,20.76
56033,29116,12977,44.57
56035,10247,2054,20.05
56037,43806,13392,30.57
56039,21294,6212,29.17
56041,21118,4270,20.22
56043,8533,931,10.92
56045,7208,1240,17.21
