GeoID,FD_num_2010,FD_pct_2010
1001,18428,33.77
1003,35211,19.32
1005,5722,20.84
1007,1045,4.56
1009,1548,2.70
1011,4090,37.47
1013,1308,6.24
1015,30901,26.06
1017,6748,19.72
1019,79,0.31
1021,1457,3.34
1023,2612,18.85
1025,5061,19.59
1027,743,5.33
1029,147,0.98
1031,11395,22.81
1033,9520,17.49
1035,3726,28.17
1037,2837,24.59
1039,3334,8.83
1041,5384,38.72
1043,6295,7.83
1045,13847,27.56
1047,7786,17.77
1049,2680,3.77
1051,15012,18.93
1053,5189,13.54
1055,24779,23.73
1057,438,2.54
1059,3074,9.70
1061,606,2.26
1063,3287,36.34
1065,87,0.55
1067,386,2.23
1069,21404,21.08
1071,4855,9.12
1073,209261,31.78
1075,92,0.63
1077,14584,15.73
1079,1349,3.93
1081,43795,31.23
1083,10137,12.25
1085,5503,48.70
1087,7506,34.99
1089,110052,32.87
1091,5587,26.57
1093,538,1.75
1095,12814,13.78
1097,112774,27.31
1099,7149,30.99
1101,64260,28.02
1103,14010,11.72
1105,972,9.17
1107,851,4.31
1109,3733,11.35
1111,1061,4.63
1113,8512,16.08
1115,3744,4.48
1117,52014,26.66
1119,2224,16.16
1121,12352,15.01
1123,4598,11.05
1125,39478,20.28
1127,7530,11.23
1129,1708,9.72
1131,5173,44.33
1133,1011,4.13
2013,1226,39.03
2016,764,13.75
2020,87979,30.15
2050,13273,78.01
2060,434,43.54
2068,1826,100.00
2070,1579,32.57
2090,36249,37.15
2100,519,20.70
2105,1695,78.83
2110,10138,32.42
2122,11290,20.38
2130,1036,7.69
2150,1416,10.42
2164,1631,100.00
2170,20436,22.96
2180,5066,53.37
2185,3629,38.48
2188,4322,57.45
2195,183,4.81
2198,1391,25.01
2220,1617,18.21
2230,3,0.31
2240,2043,29.07
2261,2694,27.95
2270,4955,66.43
2275,511,21.55
2282,3,0.38
2290,5588,100.00
4001,46747,65.36
4003,51625,39.30
4005,40657,30.25
4007,12811,23.90
4009,11663,31.33
4011,5957,70.61
4012,8878,43.33
4013,492281,12.90
4015,88374,44.15
4017,35575,33.11
4019,232208,23.69
4021,65190,17.35
4023,13052,27.52
4025,70248,33.29
4027,43753,22.35
5001,4198,22.07
5003,4342,19.87
5005,4980,12.00
5007,43591,19.69
5009,11075,30.01
5011,1255,10.90
5013,3508,65.34
5015,2359,8.60
5017,602,5.10
5019,2102,9.14
5021,1676,10.42
5023,3546,13.66
5025,2129,24.50
5027,4406,17.95
5029,4502,21.16
5031,24130,25.02
5033,13071,21.10
5035,6121,12.03
5037,2947,16.49
5039,1526,18.81
5041,3930,30.21
5043,3526,19.05
5045,28689,25.34
5047,1894,10.45
5049,2320,18.95
5051,30262,31.52
5053,2120,11.88
5055,9286,22.06
5057,5535,24.48
5059,6021,18.29
5061,2028,14.71
5063,6847,18.68
5065,810,5.92
5067,2483,13.79
5069,13186,17.03
5071,2319,9.08
5073,1614,21.11
5075,4397,25.25
5077,3276,31.42
5079,4853,34.33
5081,863,6.55
5083,3074,13.75
5085,13017,19.04
5087,4104,26.11
5089,2255,13.54
5091,10974,25.25
5093,6002,12.91
5095,1020,12.52
5097,2235,23.55
5099,2374,26.38
5101,2940,35.29
5103,7349,28.13
5105,1108,10.60
5107,8042,36.96
5109,2201,19.49
5111,2797,11.38
5113,7612,36.84
5115,8744,14.16
5117,535,6.14
5119,116978,30.56
5121,5510,30.66
5123,8547,30.24
5125,24019,22.42
5127,2004,17.84
5129,2726,33.26
5131,17987,14.30
5133,5789,33.93
5135,3570,20.68
5137,3035,24.49
5139,9035,21.70
5141,2223,12.86
5143,40441,19.92
5145,11024,14.30
5147,387,5.33
5149,1670,7.53
6001,160425,10.62
6003,653,55.54
6005,4760,12.50
6007,48749,22.16
6009,3907,8.57
6011,1771,8.27
6013,206022,19.64
6015,7755,27.11
6017,50566,27.93
6019,113632,12.21
6021,3631,12.91
6023,21978,16.33
6025,28181,16.15
6027,7629,41.14
6029,128065,15.25
6031,32733,21.40
6033,11383,17.60
6035,16856,48.30
6037,613459,6.25
6039,29906,19.82
6041,41396,16.40
6043,3156,17.29
6045,15812,18.00
6047,36594,14.31
6049,3463,35.75
6051,6813,47.97
6053,49442,11.91
6055,19302,14.14
6057,23640,23.94
6059,220587,7.33
6061,53006,15.21
6063,1538,7.69
6065,433981,19.82
6067,190246,13.41
6069,9763,17.66
6071,454074,22.31
6073,456714,14.76
6075,26692,3.31
6077,77979,11.38
6079,45983,17.05
6081,82647,11.50
6083,58464,13.79
6085,170081,9.55
6087,42380,16.15
6089,40860,23.06
6091,2855,88.12
6093,8789,19.57
6095,92520,22.38
6097,79444,16.42
6099,68988,13.41
6101,33413,35.27
6103,9968,15.71
6105,2318,16.82
6107,63227,14.30
6109,15505,28.01
6111,127283,15.46
6113,18875,9.40
6115,14988,20.77
8001,65746,14.89
8003,1024,6.63
8005,97261,17.00
8007,2741,22.69
8009,955,25.22
8011,1670,25.69
8013,45863,15.57
8014,8381,15.00
8015,1360,7.63
8017,622,33.86
8019,1263,13.90
8021,464,5.62
8023,3522,99.94
8025,3114,53.48
8027,1053,24.74
8029,1357,4.38
8031,85517,14.25
8033,414,20.04
8035,52932,18.54
8037,7969,15.27
8039,6389,27.68
8041,184059,29.58
8043,14902,31.83
8045,11041,19.58
8047,0,0.00
8049,2882,19.41
8051,1845,12.04
8053,843,100.00
8055,2482,36.99
8057,382,27.42
8059,129669,24.26
8061,1398,100.00
8063,2155,26.06
8065,5113,69.94
8067,7611,14.83
8069,67259,22.45
8071,6181,39.86
8073,1253,22.93
8075,4585,20.19
8077,46309,31.56
8079,682,95.75
8081,3229,23.40
8083,4395,17.21
8085,8138,19.72
8087,3336,11.85
8089,5765,30.62
8091,324,7.31
8093,9484,58.52
8095,1460,32.88
8097,1759,10.26
8099,3793,30.22
8101,67049,42.15
8103,574,8.61
8105,696,5.81
8107,6058,25.77
8109,5963,97.63
8111,694,99.24
8113,693,9.42
8115,449,18.86
8117,8108,28.96
8119,5986,25.63
8121,2485,51.62
8123,38751,15.33
8125,2301,22.91
9001,262579,28.64
9003,281196,31.45
9005,30056,15.83
9007,55378,33.43
9009,252394,29.26
9011,78554,28.66
9013,50030,32.77
9015,22160,18.71
10001,31140,19.19
10003,164990,30.64
10005,34073,17.28
11001,16971,2.82
12001,49066,19.84
12003,9154,33.76
12005,61403,36.37
12007,1627,5.71
12009,215761,39.71
12011,196467,11.24
12013,3756,25.68
12015,68289,42.69
12017,41744,29.56
12019,44093,23.10
12021,90021,28.00
12023,11177,16.55
12027,3913,11.22
12029,999,6.09
12031,215253,24.91
12033,118775,39.91
12035,33565,35.07
12037,374,3.24
12039,4814,10.38
12041,99,0.58
12043,2936,22.79
12045,2541,16.02
12047,3269,22.09
12049,8722,31.45
12051,9513,24.30
12053,56351,32.61
12055,36950,37.40
12057,309584,25.19
12059,3714,18.64
12061,63560,46.05
12063,3390,6.81
12065,2400,16.26
12067,697,7.86
12069,90087,30.33
12071,173208,27.99
12073,85474,31.03
12075,3954,9.69
12077,2171,25.95
12079,4279,22.26
12081,74392,23.04
12083,83159,25.10
12085,47216,32.27
12086,162697,6.52
12087,24640,33.71
12089,18146,24.75
12091,63479,35.11
12093,17474,43.69
12095,224405,19.58
12097,53070,19.75
12099,270362,20.48
12101,103438,22.26
12103,160837,17.55
12105,190205,31.59
12107,18371,24.70
12109,47980,25.25
12111,98693,35.53
12113,62112,41.03
12115,105119,27.70
12117,137195,32.46
12119,9896,10.59
12121,7180,17.28
12123,5340,23.66
12125,3808,24.51
12127,150118,30.35
12129,365,1.19
12131,10393,18.88
12133,11529,46.31
13001,3655,20.05
13003,1925,22.99
13005,788,7.11
13007,2652,76.84
13009,8230,18.00
13011,1826,9.93
13013,10201,14.71
13015,33460,33.41
13017,3939,22.34
13019,2663,13.81
13021,35466,22.80
13023,955,7.31
13025,2834,15.39
13027,1355,8.34
13029,4224,13.97
13031,10800,15.38
13033,2235,9.59
13035,962,4.07
13037,931,13.91
13039,18301,36.23
13043,692,6.30
13045,27518,24.90
13047,25249,39.49
13049,3618,29.72
13051,52409,19.77
13053,8651,76.78
13055,1887,7.25
13057,63710,29.72
13059,42684,36.57
13061,50,1.58
13063,102802,39.63
13065,499,7.35
13067,278234,40.44
13069,6768,15.98
13071,8478,18.63
13073,20606,16.61
13075,2138,12.42
13077,32287,25.36
13079,9,0.07
13081,6620,28.24
13083,678,4.08
13085,0,0.00
13087,4326,15.54
13089,181655,26.25
13091,440,2.02
13093,4993,33.47
13095,39406,41.67
13097,42129,31.82
13099,1070,9.72
13101,194,4.82
13103,6349,12.15
13105,2948,14.62
13107,6645,29.41
13109,611,5.55
13111,28,0.12
13113,42925,40.28
13115,22006,22.85
13117,51466,29.32
13119,715,3.24
13121,199454,21.67
13123,1058,3.74
13125,2165,70.26
13127,21864,27.46
13129,7100,12.87
13131,2634,10.53
13133,604,3.78
13135,260733,32.38
13137,9084,21.11
13139,51370,28.59
13141,2303,24.42
13143,1099,3.82
13145,209,0.65
13147,832,3.30
13149,421,3.56
13151,70656,34.65
13153,50674,36.22
13155,678,7.11
13157,584,0.97
13159,916,6.59
13161,1910,12.67
13163,336,1.99
13165,1034,12.39
13167,2189,21.94
13169,1942,6.77
13171,1016,5.55
13173,499,4.95
13175,4791,9.89
13177,5407,19.11
13179,24802,39.09
13181,447,5.59
13183,1518,10.49
13185,22947,21.01
13187,370,1.23
13189,2063,9.43
13191,1259,8.78
13193,2570,17.44
13195,800,2.84
13197,8093,92.57
13199,321,1.46
13201,224,3.66
13205,4795,20.41
13207,2826,10.70
13209,1075,11.79
13211,3569,19.97
13213,5667,14.30
13215,62464,32.90
13217,25557,25.57
13219,9712,29.60
13221,674,4.52
13223,34015,23.90
13225,5877,21.22
13227,1813,6.16
13229,2277,12.14
13231,0,0.00
13233,4735,11.42
13235,1212,10.09
13237,741,3.49
13239,872,34.70
13241,116,0.71
13243,471,6.10
13245,67308,33.56
13247,39854,46.77
13249,44,0.89
13251,3131,21.45
13253,641,7.34
13255,10916,17.04
13257,2690,10.28
13259,1034,17.07
13261,7427,22.63
13263,306,4.45
13265,1184,68.94
13267,954,3.74
13269,653,7.33
13271,1370,8.30
13273,116,1.25
13275,12043,26.93
13277,3927,9.79
13279,4540,16.68
13281,1,0.01
13283,1012,14.70
13285,9862,14.71
13287,724,8.10
13289,98,1.08
13291,7,0.03
13293,4930,18.15
13295,17467,25.40
13297,15470,18.47
13299,13610,37.48
13301,86,1.48
13303,5635,26.60
13305,8513,28.28
13307,56,2.00
13309,12,0.16
13311,0,0.00
13313,27693,26.99
13315,69,0.74
13317,3241,30.59
13319,2020,21.13
13321,2450,11.30
15001,68849,37.20
15003,189030,19.83
15005,0,0.00
15007,28205,42.04
15009,55755,36.01
16001,71884,18.32
16003,424,10.67
16005,25194,30.41
16007,1549,25.88
16009,2583,27.82
16011,9352,20.51
16013,6105,28.56
16015,6327,90.03
16017,7651,18.72
16019,24727,23.72
16021,2011,18.33
16023,605,20.93
16025,1117,100.00
16027,39744,21.04
16029,2190,31.45
16031,5399,23.52
16033,982,100.00
16035,1929,22.01
16037,960,21.97
16039,9310,34.43
16041,919,7.19
16043,1654,12.49
16045,6154,36.81
16047,2016,13.04
16049,5584,34.33
16051,3048,11.66
16053,4916,21.97
16055,34524,24.93
16057,5786,15.53
16059,3310,41.71
16061,1853,48.49
16063,5074,97.43
16065,6607,17.60
16067,2536,12.64
16069,6993,17.81
16071,491,11.46
16073,2056,17.84
16075,5407,23.90
16077,1085,13.88
16079,552,4.32
16081,906,8.91
16083,7226,9.36
16085,1780,18.05
16087,2133,20.91
17001,10505,15.66
17003,3859,46.84
17005,2081,11.71
17007,9064,16.73
17009,1910,27.54
17011,12483,35.69
17013,792,15.57
17015,1841,11.97
17017,1468,10.76
17019,29430,14.64
17021,3502,10.06
17023,1417,8.67
17025,2133,15.44
17027,4187,11.09
17029,7996,14.84
17031,415200,7.99
17033,2927,14.77
17035,92,0.83
17037,26415,25.12
17039,716,4.32
17041,1971,9.87
17043,250485,27.32
17045,6745,36.31
17047,1243,18.50
17049,5860,17.11
17051,7108,32.11
17053,2583,18.35
17055,4415,11.16
17057,4614,12.45
17059,4856,86.89
17061,260,1.87
17063,9126,18.23
17065,1547,18.29
17067,10205,53.42
17069,1025,23.73
17071,102,1.39
17073,9452,18.72
17075,4187,14.09
17077,14240,23.65
17079,1504,15.51
17081,8697,22.40
17083,3493,15.20
17085,4523,19.95
17087,2221,17.65
17089,101403,19.68
17091,16980,14.97
17093,27649,24.10
17095,7394,13.97
17097,254430,36.17
17099,26677,23.42
17101,2109,12.53
17103,3793,10.53
17105,3338,8.57
17107,9652,31.85
17109,9394,28.81
17111,133011,43.08
17113,46403,27.36
17115,33167,29.94
17117,4407,9.23
17119,85509,31.75
17121,10003,25.36
17123,1718,13.60
17125,1035,7.06
17127,1943,12.59
17129,351,2.76
17131,3783,23.02
17133,6576,19.95
17135,4562,15.16
17137,8930,25.12
17139,439,2.96
17141,6654,12.44
17143,55265,29.63
17145,4609,20.62
17147,511,3.06
17149,3953,24.06
17151,1328,29.70
17153,3551,57.63
17155,0,0.00
17157,4448,13.29
17159,803,4.95
17161,30120,20.41
17163,112883,41.80
17165,8689,34.88
17167,62373,31.59
17169,1055,13.99
17171,223,4.17
17173,3527,15.77
17175,1799,30.02
17177,4194,8.79
17179,54675,40.38
17181,1402,7.88
17183,14337,17.56
17185,1007,8.43
17187,128,0.72
17189,1629,11.07
17191,3416,20.38
17193,4384,29.90
17195,9949,17.01
17197,242455,35.78
17199,11943,18.00
17201,72887,24.69
17203,2901,7.50
18001,2455,7.14
18003,117581,33.09
18005,18061,23.52
18007,106,1.20
18009,258,2.02
18011,7606,13.43
18013,450,2.95
18015,923,4.58
18017,1592,4.09
18019,23781,21.57
18021,1038,3.86
18023,1331,4.01
18025,1211,11.31
18027,1438,4.54
18029,13205,26.39
18031,3541,13.76
18033,11734,27.79
18035,28539,24.25
18037,2370,5.66
18039,38971,19.73
18041,5202,21.43
18043,17846,23.93
18045,643,3.73
18047,2095,9.07
18049,3232,15.51
18051,3461,10.33
18053,14392,20.54
18055,2712,8.18
18057,95377,34.74
18059,22871,32.67
18061,2153,5.47
18063,53660,36.89
18065,2249,4.55
18067,25625,30.97
18069,7638,20.57
18071,6494,15.32
18073,2421,7.23
18075,4108,19.33
18077,4773,14.72
18079,5226,18.32
18081,42603,30.51
18083,4872,12.67
18085,17486,22.60
18087,522,1.41
18089,138588,27.94
18091,20849,18.70
18093,4146,8.99
18095,32821,24.93
18097,226700,25.09
18099,7428,15.79
18101,268,2.59
18103,6701,18.16
18105,27358,19.83
18107,4577,12.01
18109,12320,17.88
18111,194,1.36
18113,3233,6.80
18115,0,0.00
18117,1189,5.99
18119,152,0.70
18121,1605,9.26
18123,5305,27.43
18125,647,5.04
18127,63748,38.79
18129,5972,23.05
18131,355,2.65
18133,1058,2.79
18135,5240,20.02
18137,732,2.54
18139,593,3.41
18141,90150,33.77
18143,1250,5.17
18145,4516,10.16
18147,2,0.01
18149,1375,5.88
18151,7252,21.21
18153,1055,4.91
18155,488,4.59
18157,48238,27.92
18159,5142,32.27
18161,0,0.00
18163,35571,19.79
18165,2245,13.85
18167,29116,27.00
18169,2760,8.39
18171,266,3.12
18173,16947,28.39
18175,2753,9.74
18177,11683,16.95
18179,2936,10.62
18181,2458,9.98
18183,1688,5.07
19001,605,7.88
19003,243,6.04
19005,2728,19.04
19007,1859,14.42
19009,254,4.15
19011,3824,14.66
19013,31222,23.82
19015,3422,13.01
19017,1848,7.61
19019,2754,13.14
19021,2739,13.52
19023,6748,45.39
19025,4598,47.55
19027,949,4.56
19029,3558,25.49
19031,1953,10.56
19033,7339,16.62
19035,879,7.28
19037,1835,14.75
19039,735,7.92
19041,1580,9.48
19043,3344,18.44
19045,10207,20.78
19047,4552,26.62
19049,3414,5.16
19051,1162,13.27
19053,919,10.87
19055,1552,8.74
19057,9844,24.41
19059,3427,20.56
19061,18161,19.39
19063,2856,27.72
19065,1168,5.59
19067,3027,18.56
19069,1930,18.07
19071,3371,45.30
19073,2330,24.96
19075,1390,11.16
19077,1229,11.22
19079,3650,23.29
19081,1424,12.55
19083,2566,14.64
19085,2674,17.92
19087,5846,29.02
19089,3735,39.04
19091,1715,17.47
19093,75,1.06
19095,2054,12.56
19097,4068,20.50
19099,6078,16.50
19101,2306,13.69
19103,21904,16.74
19105,2495,12.09
19107,2671,25.41
19109,7179,46.19
19111,4920,13.72
19113,54382,25.75
19115,137,1.20
19117,1928,21.66
19119,1865,16.10
19121,2840,18.11
19123,5137,22.95
19125,4678,14.04
19127,9547,23.49
19129,1304,8.66
19131,2222,20.62
19133,1399,15.14
19135,1701,21.34
19137,2143,19.95
19139,10213,23.89
19141,3105,21.57
19143,1178,18.23
19145,4587,28.79
19147,3178,33.74
19149,1028,4.11
19151,1802,24.65
19153,87818,20.39
19155,35079,37.66
19157,3582,18.94
19159,593,11.56
19161,2045,19.76
19163,19209,11.63
19165,3195,26.26
19167,1397,4.15
19169,16125,18.01
19171,3204,18.04
19173,499,7.90
19175,2442,19.49
19177,6901,91.16
19179,9882,27.74
19181,10136,21.93
19183,1491,6.87
19185,2560,39.99
19187,8414,22.14
19189,1920,17.67
19191,2877,13.66
19193,32231,31.55
19195,610,8.03
19197,887,6.71
20001,5343,39.96
20003,1808,22.32
20005,3503,20.70
20007,556,11.43
20009,6373,23.03
20011,3179,20.95
20013,579,5.80
20015,16179,24.56
20017,2615,93.74
20019,1100,29.99
20021,3501,16.21
20023,2676,98.16
20025,2215,100.00
20027,2243,26.28
20029,3220,33.78
20031,4620,53.71
20033,337,17.82
20035,5906,16.26
20037,11858,30.30
20039,500,16.88
20041,3653,18.49
20043,4874,61.34
20045,14766,13.32
20047,486,16.00
20049,2863,99.36
20051,5664,19.91
20053,2034,31.31
20055,7498,20.39
20057,10833,32.01
20059,12228,47.04
20061,11539,33.58
20063,2626,97.44
20065,576,22.18
20067,743,9.48
20069,3184,53.01
20071,1247,100.00
20073,2872,42.93
20075,2690,100.00
20077,1122,18.59
20079,7819,22.54
20081,4256,100.00
20083,1902,99.29
20085,2033,15.10
20087,2889,15.11
20089,836,27.17
20091,119671,21.99
20093,350,8.81
20095,2622,33.37
20097,2544,99.65
20099,4222,19.54
20101,1750,100.00
20103,14861,19.50
20105,1028,31.72
20107,3326,34.44
20109,503,18.24
20111,3322,9.86
20113,8539,29.26
20115,3065,24.21
20117,1423,14.07
20119,2320,50.72
20121,3482,10.62
20123,1405,22.05
20125,4026,11.35
20127,1952,32.96
20129,845,26.14
20131,1537,15.11
20133,4082,24.72
20135,836,26.92
20137,1674,29.52
20139,1906,11.70
20141,892,23.11
20143,1736,28.50
20145,1180,16.93
20147,1995,35.35
20149,4154,19.23
20151,2221,23.00
20153,899,35.68
20155,17367,26.92
20157,1275,25.59
20159,1886,18.71
20161,35862,50.43
20163,750,14.48
20165,3307,100.00
20167,1733,24.86
20169,11417,20.53
20171,448,9.08
20173,145051,29.11
20175,9959,43.39
20177,47825,26.88
20179,2521,98.64
20181,4302,71.58
20183,1494,38.77
20185,1354,30.52
20187,236,10.54
20189,1044,18.24
20191,5940,24.62
20193,3715,47.03
20195,539,17.96
20197,4695,66.56
20199,487,32.78
20201,2726,47.01
20203,2234,100.00
20205,1020,10.84
20207,67,2.04
20209,48750,30.95
21001,1601,8.58
21003,246,1.23
21005,5586,26.08
21007,499,6.04
21009,3266,7.74
21011,16,0.13
21013,5967,20.80
21015,40238,33.87
21017,1505,7.53
21019,13022,26.28
21021,6698,23.56
21023,48,0.56
21025,926,6.67
21027,1962,9.78
21029,18938,25.48
21031,1488,11.73
21033,1497,11.53
21035,5754,15.47
21037,27900,30.88
21039,344,6.75
21041,4090,37.83
21043,1216,4.39
21045,968,6.07
21047,15171,20.51
21049,3749,10.53
21051,2898,13.34
21053,164,1.60
21055,0,0.00
21057,136,1.98
21059,17361,17.96
21061,262,2.16
21063,16,0.20
21065,1820,12.40
21067,45675,15.44
21069,846,5.90
21071,1681,4.26
21073,11399,23.13
21075,3,0.05
21077,0,0.00
21079,3837,22.69
21081,4341,17.60
21083,4578,12.33
21085,5883,22.85
21087,730,6.49
21089,8861,24.01
21091,30,0.35
21093,24451,23.17
21095,5086,17.37
21097,1479,7.85
21099,1719,9.45
21101,4508,9.75
21103,1282,8.31
21105,159,3.24
21107,7809,16.64
21109,26,0.19
21111,131566,17.75
21113,4338,8.93
21115,2321,9.94
21117,52175,32.67
21119,49,0.30
21121,1695,5.32
21123,211,1.49
21125,6537,11.11
21127,1775,11.19
21129,1,0.02
21131,423,3.74
21133,0,0.00
21135,154,1.11
21137,1924,7.78
21139,135,1.42
21141,754,2.81
21143,138,1.66
21145,14443,22.03
21147,866,4.73
21149,3,0.03
21151,7958,9.60
21153,107,0.80
21155,468,2.36
21157,1059,3.37
21159,39,0.30
21161,2176,12.44
21163,4097,14.32
21165,0,0.00
21167,3906,18.31
21169,80,0.80
21171,445,4.06
21173,5751,21.70
21175,1411,10.13
21177,1406,4.46
21179,6237,14.36
21181,42,0.59
21183,2459,10.31
21185,24579,40.75
21187,753,6.94
21189,69,1.45
21191,113,0.76
21193,1705,5.94
21195,787,1.21
21197,244,1.94
21199,8831,14.00
21201,1705,74.73
21203,431,2.53
21205,1624,6.96
21207,428,2.43
21209,7942,16.84
21211,3811,9.06
21213,2266,13.08
21215,0,0.00
21217,1780,7.26
21219,896,7.19
21221,1747,12.18
21223,2533,28.76
21225,897,5.98
21227,12034,10.58
21229,1034,8.82
21231,2746,13.19
21233,78,0.57
21235,4567,12.81
21237,455,6.18
21239,6750,27.07
22001,1051,1.70
22003,9454,36.70
22005,42579,39.71
22007,9128,38.97
22009,8825,20.98
22011,14669,41.14
22013,4133,28.80
22015,29630,25.33
22017,84385,33.10
22019,42273,21.93
22021,1135,11.20
22023,1681,24.59
22025,2110,20.28
22027,1458,8.48
22029,4719,22.66
22031,6743,25.30
22033,124309,28.24
22035,945,12.17
22037,3071,15.15
22039,5506,16.20
22041,2200,10.59
22043,5051,22.64
22045,11815,16.13
22047,5139,15.39
22049,3734,22.95
22051,52281,12.09
22053,2291,7.25
22055,57407,25.91
22057,26626,27.64
22059,1475,9.91
22061,14859,31.79
22063,24585,19.20
22065,1180,9.76
22067,6896,24.65
22069,10794,27.28
22071,87617,25.48
22073,63892,41.56
22075,7259,31.50
22077,3162,13.87
22079,47703,36.24
22081,1698,18.68
22083,2236,10.79
22085,6385,26.35
22087,15392,42.88
22089,29520,55.93
22091,1010,9.01
22093,4399,19.90
22095,20009,43.57
22097,11479,13.77
22099,3989,7.65
22101,13658,24.99
22103,59880,25.62
22105,33649,27.79
22107,2923,55.65
22109,33017,29.52
22111,4114,18.11
22113,3426,5.91
22115,20485,39.14
22117,7914,16.78
22119,8323,20.20
22121,3923,16.49
22123,565,4.87
22125,6607,42.28
22127,4247,27.73
23001,12165,11.29
23003,7551,10.51
23005,61015,21.66
23007,468,1.52
23009,3364,6.18
23011,11244,9.21
23013,4460,11.22
23015,1483,4.31
23017,4951,8.56
23019,24923,16.19
23021,747,4.26
23023,3515,9.96
23025,4098,7.85
23027,3519,9.07
23029,3871,11.78
23031,33631,17.06
24001,29069,38.71
24003,154301,28.70
24005,163117,20.26
24009,29796,33.58
24011,2127,6.43
24013,42953,25.70
24015,20177,19.96
24017,46914,32.01
24019,3787,11.61
24021,48430,20.75
24023,1294,4.30
24025,59244,24.20
24027,61596,21.46
24029,19,0.09
24031,152763,15.72
24033,230854,26.74
24035,10967,22.94
24037,13702,13.03
24039,7268,27.46
24041,4181,11.07
24043,35617,24.16
24045,26326,26.66
24047,10321,20.06
24510,20616,3.32
25001,108706,50.35
25003,31189,23.77
25005,170346,31.07
25007,2790,16.87
25009,238892,32.15
25011,12348,17.30
25013,120696,26.04
25015,52127,32.97
25017,402117,26.75
25019,1559,15.32
25021,232759,34.70
25023,222808,45.02
25025,20450,2.83
25027,244033,30.56
26001,1303,11.91
26003,3336,34.74
26005,6394,5.74
26007,2016,6.81
26009,71,0.30
26011,30,0.19
26013,1320,14.90
26015,1673,2.83
26017,20215,18.76
26019,0,0.00
26021,38516,24.56
26023,6527,14.43
26025,32177,23.63
26027,3127,5.98
26029,1523,5.87
26031,3175,12.14
26033,10696,27.77
26035,1906,6.16
26037,13342,17.70
26039,2415,17.16
26041,8177,22.06
26043,8337,31.86
26045,21806,20.24
26047,5769,17.65
26049,127082,29.85
26051,2362,9.19
26053,3471,21.13
26055,15290,17.58
26057,2836,6.68
26059,2665,5.71
26061,3693,10.08
26063,9801,29.59
26065,92267,32.85
26067,3946,6.18
26069,6667,25.76
26071,1797,15.21
26073,5722,8.14
26075,42431,26.48
26077,64961,25.95
26079,1253,7.31
26081,134218,22.27
26083,588,27.27
26085,1848,16.02
26087,8964,10.15
26089,3869,17.82
26091,22041,22.06
26093,54312,30.01
26095,783,11.81
26097,3422,30.80
26099,195209,23.21
26101,3056,12.36
26103,10896,16.24
26105,1656,5.77
26107,7573,17.70
26109,1346,5.60
26111,21895,26.18
26113,1312,8.83
26115,31287,20.58
26117,3775,5.96
26119,365,3.73
26121,60457,35.11
26123,1590,3.28
26125,360771,30.01
26127,980,3.69
26129,9,0.04
26131,2155,31.79
26133,3707,15.76
26135,6,0.07
26137,2960,12.25
26139,86740,32.88
26141,3852,28.80
26143,4651,19.02
26145,41373,20.67
26147,53236,32.65
26149,6833,11.15
26151,2681,6.22
26153,2198,25.90
26155,11238,15.91
26157,3716,6.67
26159,4527,5.94
26161,88437,25.65
26163,274017,15.05
26165,3182,9.72
27001,4916,30.34
27003,127023,38.39
27005,11716,36.04
27007,8067,18.15
27009,9169,23.84
27011,2490,47.26
27013,22329,34.88
27015,8354,32.26
27017,7936,22.43
27019,25217,27.70
27021,4771,16.70
27023,1420,11.42
27025,4106,7.62
27027,11771,19.95
27029,3352,38.55
27031,1469,28.38
27033,5030,43.04
27035,4925,7.88
27037,147686,37.06
27039,2111,10.51
27041,13332,37.02
27043,2220,15.25
27045,538,2.58
27047,9083,29.06
27049,11090,24.01
27051,2694,44.76
27053,341806,29.66
27055,2021,10.62
27057,4389,21.49
27059,4415,11.67
27061,7566,16.79
27063,2890,28.16
27065,464,2.86
27067,11395,26.98
27069,1192,26.20
27071,6026,45.27
27073,963,13.26
27075,927,8.54
27077,1666,41.19
27079,961,3.47
27081,5687,96.45
27083,6710,25.95
27085,7365,20.09
27087,1905,35.19
27089,6072,64.33
27091,8987,43.12
27093,3381,14.51
27095,1708,6.55
27097,10976,33.06
27099,13281,33.91
27101,3254,37.30
27103,10465,31.98
27105,8836,41.33
27107,1780,25.98
27109,31004,21.49
27111,9953,17.37
27113,2408,17.28
27115,4768,16.03
27117,3197,33.32
27119,8692,27.51
27121,1382,12.57
27123,124480,24.47
27125,1607,39.29
27127,7077,44.07
27129,8064,51.27
27131,14636,22.82
27133,2156,22.25
27135,4624,29.58
27137,54577,27.26
27139,28970,22.30
27141,14407,16.28
27143,498,3.27
27145,26989,17.92
27147,9596,26.24
27149,1557,16.01
27151,4573,46.75
27153,8516,34.21
27155,1386,38.96
27157,2233,10.30
27159,6490,46.88
27161,5687,29.72
27163,94326,39.61
27165,523,4.67
27167,1980,30.10
27169,7809,15.17
27171,17188,13.78
27173,3381,32.39
28001,7941,24.59
28003,3795,10.24
28005,2392,18.21
28007,1988,10.16
28009,3095,35.46
28011,14127,41.37
28013,1165,7.79
28015,4840,45.67
28017,885,5.09
28019,288,3.37
28021,1449,15.09
28023,2306,13.78
28025,3298,15.98
28027,6386,24.42
28029,9132,31.01
28031,0,0.00
28033,44656,27.69
28035,9746,13.01
28037,2578,31.76
28039,2300,10.18
28041,2218,15.40
28043,4414,20.15
28045,19686,44.81
28047,77396,41.36
28049,67858,27.66
28051,5050,26.30
28053,1836,19.58
28055,351,24.99
28057,2649,11.32
28059,35135,25.16
28061,2222,13.03
28063,801,10.36
28065,285,2.28
28067,8911,13.15
28069,3848,36.81
28071,14271,30.14
28073,7994,14.36
28075,14017,17.46
28077,2637,20.39
28079,2837,11.92
28081,16806,20.27
28083,10041,31.07
28085,7915,22.70
28087,13206,22.09
28089,19995,21.00
28091,4518,16.68
28093,6300,16.96
28095,2730,7.38
28097,6619,60.58
28099,1712,5.77
28101,2475,11.39
28103,1837,15.91
28105,13337,27.98
28107,7891,22.74
28109,7872,14.10
28111,771,6.29
28113,3476,8.60
28115,3035,10.13
28117,1243,4.92
28119,2633,32.02
28121,36059,25.46
28123,4356,15.41
28125,323,6.58
28127,2085,7.58
28129,2319,14.06
28131,4362,24.53
28133,6609,22.44
28135,7963,51.78
28137,9749,33.75
28139,1471,6.62
28141,0,0.00
28143,2986,27.70
28145,3542,13.06
28147,4312,27.92
28149,14086,28.88
28151,8343,16.31
28153,1024,4.93
28155,1332,13.00
28157,1542,15.61
28159,2883,15.02
28161,2747,21.67
28163,9552,34.03
29001,4815,18.81
29003,2733,15.81
29005,298,5.24
29007,5191,20.34
29009,2787,7.83
29011,2855,23.02
29013,811,4.76
29015,1199,6.29
29017,3578,28.94
29019,52313,32.16
29021,18717,20.98
29023,7744,18.10
29025,1759,18.67
29027,6533,14.74
29029,3149,7.16
29031,20053,26.50
29033,2044,21.99
29035,3073,49.06
29037,32185,32.35
29039,1116,7.98
29041,2491,31.80
29043,12618,16.30
29045,974,13.64
29047,64191,28.92
29049,1607,7.75
29051,17865,23.51
29053,4063,23.08
29055,1072,4.34
29057,509,6.46
29059,3083,18.37
29061,1859,22.04
29063,4870,37.78
29065,2425,15.49
29067,4409,32.22
29069,2361,7.39
29071,7470,7.36
29073,1037,6.81
29075,223,3.31
29077,56141,20.40
29079,2941,28.66
29081,2328,25.99
29083,5771,25.91
29085,673,6.99
29087,4888,99.51
29089,2682,26.44
29091,7477,18.51
29093,2027,19.07
29095,160188,23.76
29097,27783,23.66
29099,61105,27.94
29101,8549,16.25
29103,798,19.31
29105,7098,19.96
29107,5315,15.92
29109,4155,10.75
29111,4240,41.52
29113,7530,14.32
29115,3386,26.53
29117,1619,10.65
29119,1699,7.36
29121,2400,15.42
29123,1962,16.05
29125,503,5.48
29127,4516,15.69
29129,484,12.80
29131,1028,4.15
29133,77,0.53
29135,1399,8.96
29137,381,4.31
29139,1283,10.48
29141,617,3.00
29143,580,3.06
29145,11959,20.58
29147,10788,46.16
29149,1871,17.19
29151,2113,15.22
29153,5362,55.15
29155,1351,7.39
29157,2962,15.61
29159,7060,16.73
29161,6252,13.85
29163,4435,23.95
29165,31211,34.94
29167,2325,7.47
29169,8739,16.72
29171,1346,27.03
29173,925,9.10
29175,3998,15.73
29177,3121,13.28
29179,3035,45.33
29181,3137,22.25
29183,140645,39.02
29185,847,8.63
29186,5171,28.50
29187,9531,14.58
29189,264850,26.51
29195,5842,25.00
29197,3644,82.25
29199,625,12.91
29201,11167,28.49
29203,2467,29.22
29205,2548,39.98
29207,1705,5.69
29209,210,0.65
29211,1796,26.75
29213,10701,20.71
29215,4700,18.07
29217,4071,19.24
29219,1865,5.74
29221,4625,18.36
29223,4515,33.39
29225,1584,4.37
29227,644,29.67
29229,2235,11.88
29510,32483,10.17
30001,1963,21.23
30003,6049,47.02
30005,2208,34.01
30007,1494,26.62
30009,3621,35.93
30011,1160,100.00
30013,19813,24.36
30015,4150,71.39
30017,4762,40.71
30019,1751,100.00
30021,3711,41.39
30023,607,6.53
30025,648,22.44
30027,3412,29.45
30029,10737,11.81
30031,13597,15.19
30033,667,55.30
30035,3349,25.00
30037,884,100.00
30039,1958,63.58
30041,7498,46.58
30043,3475,30.47
30045,1276,61.59
30047,5133,17.85
30049,15647,24.68
30051,1179,50.40
30053,2928,14.87
30055,1597,92.10
30057,2838,36.90
30059,1891,100.00
30061,1971,46.68
30063,30018,27.46
30065,1447,31.89
30067,5860,37.48
30069,494,100.00
30071,1536,36.11
30073,2790,45.35
30075,913,52.38
30077,1376,19.58
30079,1179,100.00
30081,1846,4.59
30083,3262,33.47
30085,6021,57.76
30087,2228,24.13
30089,4777,41.85
30091,1193,35.24
30093,8469,24.76
30095,1446,15.86
30097,826,22.61
30099,3654,60.16
30101,2002,37.61
30103,718,100.00
30105,2966,40.25
30107,2168,100.00
30109,534,52.47
30111,39295,26.56
31001,7653,24.40
31003,2760,41.28
31005,460,100.00
31007,690,100.00
31009,478,100.00
31011,1587,28.83
31013,3742,33.09
31015,2099,100.00
31017,317,10.08
31019,14620,31.71
31021,3022,44.06
31023,1350,16.09
31025,7053,27.94
31027,3556,40.17
31029,1178,29.70
31031,2236,39.14
31033,1892,18.92
31035,3032,46.35
31037,2824,26.85
31039,3005,32.89
31041,5650,51.65
31043,4051,19.29
31045,2109,22.97
31047,8838,36.33
31049,521,26.82
31051,2498,41.63
31053,9812,26.74
31055,74231,14.35
31057,668,33.26
31059,1410,23.93
31061,1549,48.02
31063,2756,100.00
31065,2341,47.21
31067,6518,29.21
31069,2054,99.86
31071,209,10.20
31073,1298,63.52
31075,614,100.00
31077,1573,61.97
31079,12297,20.98
31081,588,6.44
31083,239,6.97
31085,967,100.00
31087,2540,87.33
31089,2666,25.55
31091,736,100.00
31093,1287,20.51
31095,1797,23.81
31097,1354,25.96
31099,735,11.33
31101,1843,22.03
31103,823,99.88
31105,287,7.51
31107,6536,75.11
31109,38274,13.41
31111,8235,22.69
31113,763,100.00
31115,506,80.12
31117,539,100.00
31119,10935,31.35
31121,3076,39.22
31123,2539,50.36
31125,3488,93.39
31127,750,10.35
31129,1629,36.19
31131,2137,13.58
31133,503,18.15
31135,2948,99.26
31137,1744,18.98
31139,5839,80.36
31141,5519,17.12
31143,4873,90.14
31145,5748,52.00
31147,2289,27.38
31149,428,28.02
31151,3764,26.51
31153,47845,30.12
31155,2961,14.25
31157,11479,31.05
31159,3313,19.78
31161,1772,32.41
31163,1164,36.91
31165,858,65.47
31167,4146,67.65
31169,1315,25.16
31171,647,100.00
31173,1771,25.52
31175,1004,23.56
31177,653,3.23
31179,712,7.42
31181,3812,100.00
31183,818,100.00
31185,3570,26.12
32001,6892,27.70
32003,165475,8.48
32005,25135,53.48
32007,11097,22.73
32009,761,97.19
32011,1953,98.31
32013,5047,30.54
32015,887,15.36
32017,5345,100.00
32019,21509,41.38
32021,1792,37.56
32023,19264,43.84
32027,1069,15.83
32029,228,5.69
32031,86358,20.49
32033,4633,46.19
32510,8821,15.96
33001,10025,16.68
33003,276,0.58
33005,11095,14.39
33007,4906,14.84
33009,11509,12.91
33011,114666,28.61
33013,31080,21.22
33015,116710,39.53
33017,28973,23.53
33019,6040,13.81
34001,99613,36.28
34003,107451,11.87
34005,169305,37.73
34007,141226,27.49
34009,34840,35.82
34011,47103,30.02
34013,68650,8.76
34015,126343,43.83
34017,2135,0.34
34019,28225,21.99
34021,102659,28.01
34023,233927,28.88
34025,217042,34.43
34027,188884,38.37
34029,281417,48.81
34031,67444,13.46
34033,8633,13.06
34035,133311,41.22
34037,53488,35.83
34039,65726,12.25
34041,32708,30.09
35001,136118,20.54
35003,3725,100.00
35005,17658,26.90
35006,9029,33.18
35007,7047,51.25
35009,16741,34.61
35011,2022,100.00
35013,88230,42.17
35015,19598,36.41
35017,10080,34.15
35019,1800,38.41
35021,695,100.00
35023,1511,30.88
35025,9740,15.05
35027,8108,39.56
35028,7257,40.43
35029,7278,29.00
35031,39226,54.87
35033,1600,32.78
35035,29715,46.58
35037,2813,31.11
35039,21377,53.12
35041,4561,22.98
35043,57791,43.93
35045,40318,31.00
35047,9212,31.34
35049,46072,31.96
35051,5303,44.24
35053,6037,33.79
35055,14727,44.71
35057,3891,23.75
35059,1220,26.81
35061,34908,45.59
36001,83654,27.50
36003,3822,7.81
36005,12462,0.90
36007,40489,20.18
36009,3977,4.95
36011,6013,7.51
36013,15534,11.51
36015,21029,23.67
36017,806,1.60
36019,19449,23.68
36021,9467,15.00
36023,4838,9.81
36025,1362,2.84
36027,106487,35.80
36029,238054,25.90
36031,3882,9.86
36033,8975,17.39
36035,5460,9.83
36037,3071,5.11
36039,6299,12.80
36041,1330,27.50
36043,8190,12.69
36045,16866,14.51
36047,393,0.02
36049,3967,14.65
36051,11134,17.03
36053,10694,14.56
36055,251900,33.84
36057,22116,44.04
36059,74914,5.59
36061,2,0.00
36063,48276,22.30
36065,46066,19.61
36067,122215,26.17
36069,14931,13.83
36071,103136,27.66
36073,6961,16.23
36075,9743,7.98
36077,12737,20.46
36079,39109,39.22
36081,7451,0.33
36083,37419,23.47
36085,22938,4.89
36087,92703,29.74
36089,15983,14.28
36091,64750,29.48
36093,55632,35.95
36095,3934,12.01
36097,1222,6.66
36099,1639,4.65
36101,11349,11.47
36103,453548,30.37
36105,10838,13.98
36107,7567,14.80
36109,17871,17.60
36111,46797,25.64
36113,11344,17.26
36115,7692,12.17
36117,13798,14.71
36119,142030,14.96
36121,7891,18.72
36123,567,2.24
37001,40792,26.99
37003,2416,6.49
37005,403,3.61
37007,1551,5.76
37009,1381,5.06
37011,0,0.00
37013,6999,14.66
37015,1876,8.82
37017,2260,6.42
37019,16845,15.68
37021,59094,24.80
37023,25189,27.71
37025,39787,22.35
37027,29330,35.32
37029,374,3.75
37031,16357,24.61
37033,2513,10.60
37035,40326,26.12
37037,5014,7.90
37039,118,0.43
37041,3171,21.44
37043,394,3.72
37045,12727,12.98
37047,1621,2.79
37049,23601,22.80
37051,96550,30.23
37053,3085,13.10
37055,12762,37.62
37057,28180,17.30
37059,4548,11.03
37061,986,1.69
37063,72166,26.97
37065,9134,16.15
37067,136579,38.95
37069,2868,4.73
37071,58343,28.31
37073,5,0.04
37075,251,2.84
37077,8651,14.44
37079,0,0.00
37081,102650,21.02
37083,9543,17.45
37085,10259,8.95
37087,12027,20.37
37089,22357,20.95
37091,2821,11.43
37093,10606,22.59
37095,3440,59.20
37097,25056,15.72
37099,6917,17.18
37101,8429,4.99
37103,0,0.00
37105,12463,21.54
37107,7316,12.30
37109,12888,16.47
37111,3488,7.75
37113,2190,6.46
37115,2070,9.97
37117,548,2.24
37119,206382,22.44
37121,862,5.53
37123,231,0.83
37125,22380,25.36
37127,12635,13.18
37129,64805,31.98
37131,990,4.48
37133,57400,32.29
37135,31158,23.29
37137,652,4.96
37139,7224,17.77
37141,3587,6.87
37143,375,2.78
37145,2975,7.54
37147,14543,8.65
37149,72,0.35
37151,24426,17.23
37153,5625,12.06
37155,12957,9.66
37157,20761,22.17
37159,32737,23.65
37161,15369,22.66
37163,2915,4.60
37165,5943,16.44
37167,4409,7.28
37169,8159,17.21
37171,6662,9.04
37173,605,4.33
37175,3108,9.39
37177,506,11.49
37179,32195,15.99
37181,4541,10.00
37183,173265,19.23
37185,1598,7.62
37187,3043,23.00
37189,3949,7.73
37191,25040,20.42
37193,8384,12.09
37195,5097,6.27
37197,639,1.66
37199,0,0.00
38001,528,22.52
38003,3098,28.00
38005,3054,45.85
38007,783,100.00
38009,2992,46.53
38011,940,29.82
38013,1968,100.00
38015,19849,24.41
38017,22405,14.96
38019,1455,36.43
38021,2790,52.76
38023,684,33.03
38025,3342,94.51
38027,689,28.87
38029,1640,46.21
38031,613,18.33
38033,397,23.61
38035,20016,29.94
38037,1253,52.33
38039,794,32.82
38041,2476,99.98
38043,2427,99.69
38045,4139,99.99
38047,1907,95.83
38049,5395,100.00
38051,559,19.90
38053,2862,45.01
38055,4944,55.17
38057,1541,18.29
38059,8444,30.74
38061,985,12.84
38063,3126,100.00
38065,1516,82.11
38067,3412,46.02
38069,843,19.34
38071,2522,22.02
38073,900,16.49
38075,1884,76.27
38077,8714,53.39
38079,990,7.10
38081,959,25.04
38083,1085,82.15
38085,1696,40.83
38087,692,95.24
38089,6321,26.12
38091,1897,96.07
38093,6954,32.96
38095,2157,96.04
38097,2319,28.56
38099,2050,18.44
38101,24775,40.17
38103,1589,37.78
38105,4783,21.35
39001,936,3.28
39003,21970,20.66
39005,1949,3.67
39007,16941,16.69
39009,15662,24.19
39011,2065,4.49
39013,10512,14.93
39015,4474,9.98
39017,112346,30.52
39019,1676,5.81
39021,408,1.02
39023,26637,19.26
39025,82269,41.68
39027,4052,9.64
39029,20732,19.22
39031,6394,17.33
39033,2491,5.69
39035,246210,19.23
39037,2136,4.03
39039,6260,16.04
39041,46337,26.60
39043,21547,27.95
39045,35861,24.54
39047,1227,4.23
39049,275641,23.69
39051,5769,13.51
39053,2403,7.77
39055,17141,18.35
39057,53645,33.20
39059,5798,14.46
39061,218887,27.28
39063,11982,16.02
39065,1778,5.55
39067,381,2.40
39069,4083,14.47
39071,1880,4.31
39073,5104,17.37
39075,876,2.07
39077,7447,12.49
39079,1547,4.66
39081,14156,20.31
39083,9597,15.75
39085,89226,38.79
39087,8863,14.19
39089,26577,15.96
39091,3483,7.59
39093,77344,25.67
39095,74111,16.77
39097,6867,15.81
39099,69801,29.23
39101,22980,34.56
39103,44493,25.82
39105,4991,21.00
39107,3252,7.97
39109,15636,15.25
39111,828,5.65
39113,158183,29.56
39115,949,6.30
39117,166,0.48
39119,15122,17.57
39121,3789,25.87
39123,9231,22.28
39125,2876,14.66
39127,3714,10.30
39129,7141,12.82
39131,6640,23.13
39133,33164,20.55
39135,293,0.69
39137,5023,14.56
39139,26630,21.39
39141,8566,10.97
39143,6159,10.11
39145,13468,16.94
39147,6051,10.66
39149,7569,15.32
39151,103577,27.58
39153,189680,35.01
39155,46163,21.95
39157,17559,18.97
39159,7338,14.03
39161,3793,13.20
39163,2125,15.82
39165,69595,32.72
39167,5187,8.40
39169,18208,15.90
39171,5333,14.17
39173,36555,29.13
39175,1006,4.45
40001,1536,6.77
40003,3429,60.78
40005,5911,41.68
40007,2220,39.39
40009,3132,14.16
40011,6960,58.27
40013,8287,19.54
40015,9864,33.32
40017,33848,29.29
40019,4569,9.61
40021,10424,22.18
40023,6212,40.85
40025,1000,40.42
40027,61262,23.95
40029,1597,26.95
40031,41726,33.62
40033,390,6.31
40035,2597,17.28
40037,13189,18.85
40039,6237,22.71
40041,8504,20.50
40043,4810,100.00
40045,4127,99.43
40047,15372,25.38
40049,8498,30.82
40051,7625,14.54
40053,2799,61.83
40055,551,8.83
40057,242,8.29
40059,1907,51.75
40061,4807,37.64
40063,3403,24.30
40065,4964,18.77
40067,1506,23.27
40069,3542,32.33
40071,10131,21.76
40073,2274,15.12
40075,3538,37.45
40077,2496,22.38
40079,6919,13.73
40081,6801,19.84
40083,9552,22.83
40085,2033,21.58
40087,3291,9.54
40089,5474,16.51
40091,2583,12.76
40093,3327,44.20
40095,1774,11.20
40097,1181,2.86
40099,1016,7.53
40101,8901,12.54
40103,3389,29.31
40105,2689,25.52
40107,2735,22.43
40109,183238,25.50
40111,10084,25.17
40113,13639,28.73
40115,4857,15.25
40117,382,2.30
40119,19813,25.62
40121,19048,41.56
40123,8275,22.07
40125,11843,17.05
40127,2890,24.97
40129,1989,54.53
40131,23199,26.69
40133,2175,8.54
40135,3294,7.77
40137,7586,16.84
40139,17165,83.16
40141,2775,34.72
40143,154010,25.52
40145,22915,31.35
40147,16796,32.95
40149,4823,41.47
40151,2873,32.36
40153,5394,26.86
41001,5866,36.36
41003,17285,20.20
41005,63184,16.80
41007,12136,32.77
41009,7397,14.99
41011,7029,11.15
41013,2962,14.12
41015,2790,12.48
41017,24507,15.54
41019,29194,27.12
41021,1023,54.67
41023,2964,39.81
41025,2369,31.91
41027,1517,6.79
41029,33532,16.50
41031,4386,20.20
41033,14564,17.61
41035,22196,33.44
41037,3444,43.62
41039,53955,15.34
41041,7013,15.23
41043,28180,24.15
41045,2802,8.95
41047,45620,14.47
41049,3093,27.68
41051,92502,12.58
41053,20957,27.79
41055,783,44.34
41057,5544,21.95
41059,19163,25.25
41061,12593,48.91
41063,1903,27.15
41065,10361,41.09
41067,70499,13.31
41069,1441,100.00
41071,16892,17.03
42001,11466,11.31
42003,351583,28.74
42005,3674,5.33
42007,67605,39.64
42009,6537,13.14
42011,63317,15.39
42013,23261,18.30
42015,7590,12.12
42017,212534,33.99
42019,41421,22.53
42021,29929,20.83
42023,467,9.18
42025,7549,11.57
42027,20964,13.61
42029,195262,39.14
42031,2758,6.90
42033,11640,14.26
42035,7378,18.80
42037,7456,11.08
42039,9637,10.86
42041,46342,19.69
42043,107615,40.14
42045,114579,20.50
42047,3039,9.51
42049,73860,26.33
42051,22600,16.54
42053,90,1.16
42055,31036,20.74
42057,1851,12.47
42059,6042,15.62
42061,1332,2.90
42063,9691,10.90
42065,2389,5.28
42067,4215,17.11
42069,24220,11.29
42071,133673,25.73
42073,26492,29.08
42075,24983,18.70
42077,91342,26.14
42079,56425,17.58
42081,23151,19.94
42083,1182,2.72
42085,16447,14.10
42087,3707,7.94
42089,50922,29.98
42091,231495,28.94
42093,2083,11.40
42095,70519,23.69
42097,11348,12.00
42099,5931,12.90
42101,13014,0.85
42103,2934,5.12
42105,3279,18.78
42107,9833,6.63
42109,1980,4.99
42111,11210,14.42
42113,2211,34.40
42115,2145,4.95
42117,1379,3.28
42119,13785,30.67
42121,4631,8.42
42123,6541,15.64
42125,56007,26.95
42127,2138,4.05
42129,121341,33.23
42131,787,2.78
42133,113962,26.20
44001,25479,51.09
44003,53506,32.20
44005,28776,34.72
44007,124418,19.85
44009,42981,33.85
45001,7629,30.02
45003,35221,22.00
45005,236,2.27
45007,56938,30.43
45009,2415,15.11
45011,513,2.27
45013,49037,30.23
45015,40370,22.70
45017,118,0.78
45019,64105,18.30
45021,6233,11.26
45023,5547,16.74
45025,6370,13.63
45027,1667,4.77
45029,9243,23.76
45031,9759,14.21
45033,3257,10.16
45035,26712,19.56
45037,1675,6.21
45039,4817,20.11
45041,30786,22.49
45043,13915,23.13
45045,144872,32.11
45047,10670,15.32
45049,2224,10.55
45051,46637,17.32
45053,2393,9.66
45055,11566,18.75
45057,10055,13.12
45059,11726,17.62
45061,948,4.93
45063,60873,23.20
45065,636,6.22
45067,1530,4.63
45069,3830,13.24
45071,3985,10.62
45073,11042,14.87
45075,12326,13.33
45077,37153,31.16
45079,103362,26.88
45081,930,4.68
45083,94805,33.35
45085,23788,22.14
45087,2488,8.59
45089,2577,7.49
45091,51932,22.97
46003,2706,99.86
46005,3919,22.52
46007,3320,96.76
46009,6209,87.81
46011,13055,40.84
46013,11498,31.47
46015,1820,34.63
46017,351,18.35
46019,2435,24.08
46021,1369,93.36
46023,3036,33.26
46025,1708,46.28
46027,3127,22.55
46029,9918,36.43
46031,3636,89.79
46033,2904,35.35
46035,4636,23.77
46037,2791,48.88
46039,4237,97.10
46041,2319,43.76
46043,2802,93.32
46045,2592,63.66
46047,2639,37.21
46049,2362,99.91
46051,1390,18.90
46053,1584,37.08
46055,801,41.33
46057,5643,95.60
46059,1178,34.32
46061,595,17.88
46063,1255,100.00
46065,3984,23.41
46067,2689,36.62
46069,1412,99.45
46071,2755,90.88
46073,2071,100.00
46075,1006,100.00
46077,2689,52.24
46079,1387,12.38
46081,3606,14.96
46083,5343,11.92
46085,2026,53.96
46087,4515,80.37
46089,1370,55.71
46091,2347,50.40
46093,2500,9.83
46095,2035,99.36
46097,440,18.40
46099,33775,19.93
46101,5029,77.54
46103,30385,30.10
46105,1470,49.31
46107,2329,100.00
46109,4390,43.26
46111,2321,98.58
46113,6478,47.68
46115,2797,43.60
46117,563,19.00
46119,1373,100.00
46121,2139,22.25
46123,1510,26.76
46125,2047,24.52
46127,2901,20.15
46129,1560,28.69
46135,6433,28.67
46137,1864,66.54
47001,14017,18.66
47003,6068,13.47
47005,2221,13.47
47007,599,4.65
47009,40483,32.91
47011,27711,28.00
47013,6372,15.65
47015,304,2.20
47017,2195,7.69
47019,18964,33.02
47021,313,0.80
47023,2284,13.33
47025,6096,18.92
47027,2,0.02
47029,6413,17.98
47031,8085,15.31
47033,110,0.75
47035,8083,14.42
47037,153981,24.57
47039,749,6.37
47041,433,2.31
47043,6011,12.10
47045,11278,29.42
47047,4469,11.63
47049,49,0.27
47051,7667,18.68
47053,6761,13.61
47055,4578,15.53
47057,0,0.00
47059,5639,8.19
47061,920,6.72
47063,20801,33.26
47065,127478,37.89
47067,95,1.40
47069,8061,29.58
47071,3073,11.81
47073,13279,23.37
47075,3041,16.19
47077,3798,13.68
47079,6541,20.23
47081,2279,9.23
47083,296,3.51
47085,1679,9.06
47087,2,0.01
47089,2646,5.15
47091,1965,10.77
47093,166361,38.49
47095,15,0.19
47097,2399,8.62
47099,2797,6.68
47101,423,3.48
47103,5084,15.24
47105,13675,28.16
47107,8059,15.42
47109,2771,10.63
47111,183,0.82
47113,22752,23.15
47115,2115,7.49
47117,1911,6.24
47119,13115,16.20
47121,95,0.81
47123,2263,5.08
47125,62104,36.04
47127,2087,32.80
47129,4442,20.20
47131,3417,10.74
47133,350,1.59
47135,550,6.94
47137,39,0.77
47139,42,0.25
47141,15245,21.08
47143,2616,8.22
47145,13850,25.56
47147,5043,7.61
47149,61980,23.60
47151,1314,5.91
47153,134,0.95
47155,11506,12.80
47157,254098,27.39
47159,397,2.07
47161,1929,14.48
47163,58586,37.36
47165,45309,28.20
47167,13752,22.51
47169,0,0.00
47171,1352,7.38
47173,19,0.10
47175,98,1.77
47177,2343,5.88
47179,24263,19.73
47181,4178,24.55
47183,2803,8.00
47185,2903,11.23
47187,47259,25.80
47189,25298,22.19
48001,24126,41.27
48003,5016,33.92
48005,27887,32.14
48007,8866,38.28
48009,2137,23.60
48011,1896,99.75
48013,7536,16.78
48015,3996,14.06
48017,668,9.32
48019,2576,12.58
48021,30895,41.65
48023,456,12.23
48025,10187,31.97
48027,118669,38.25
48029,537898,31.37
48031,1048,9.98
48033,641,100.00
48035,4234,23.25
48037,27240,29.43
48039,82488,26.34
48041,66010,33.88
48043,2642,28.62
48045,1637,100.00
48047,1179,16.32
48049,15830,41.54
48051,2344,13.64
48053,13490,31.56
48055,7385,19.40
48057,6791,31.76
48059,2992,22.09
48061,112245,27.63
48063,1247,10.06
48065,2831,45.80
48067,2473,8.12
48069,957,11.86
48071,6360,18.12
48073,8279,16.28
48075,3117,44.27
48077,4061,37.77
48079,662,21.18
48081,3319,99.98
48083,1746,19.63
48085,116558,14.90
48087,216,7.07
48089,4358,20.88
48091,20618,19.01
48093,2172,15.55
48095,1091,26.69
48097,3344,8.70
48099,27332,36.25
48101,140,9.31
48103,389,8.89
48105,292,7.85
48107,278,4.58
48109,187,7.82
48111,2438,36.37
48113,473273,19.99
48115,4082,29.51
48117,3729,19.25
48119,377,7.21
48121,143217,21.61
48123,3849,19.15
48125,485,19.84
48127,2234,22.35
48129,535,14.55
48131,3984,33.82
48133,4032,21.70
48135,30948,22.57
48137,638,31.87
48139,38422,25.68
48141,179137,22.37
48143,13501,35.63
48145,6509,36.43
48147,12951,38.19
48149,7362,29.98
48151,677,17.03
48153,339,5.25
48155,1336,100.00
48157,177770,30.37
48159,744,7.01
48161,3651,18.43
48163,2409,13.99
48165,1836,10.47
48167,101777,34.94
48169,389,6.01
48171,4005,16.13
48173,1204,98.24
48175,2670,37.04
48177,5526,27.90
48179,3813,16.92
48181,32735,27.08
48183,29652,24.36
48185,11629,43.71
48187,41687,31.69
48189,9464,26.09
48191,820,24.45
48193,2134,25.06
48195,2106,37.51
48197,1230,29.72
48199,15213,27.84
48201,886069,21.65
48203,11560,17.61
48205,1450,23.92
48207,879,14.90
48209,30563,19.45
48211,403,10.60
48213,19106,24.33
48215,330466,42.65
48217,1119,3.19
48219,8197,35.74
48221,17970,35.11
48223,5636,16.03
48225,9135,38.49
48227,17220,49.18
48229,3473,99.92
48231,11491,13.34
48233,9504,42.91
48235,1599,99.97
48237,4220,46.67
48239,3124,22.19
48241,7186,20.12
48243,708,30.25
48245,72991,28.93
48247,111,2.10
48249,7568,18.53
48251,34247,22.69
48253,4417,21.86
48255,3621,24.43
48257,8744,8.46
48259,3974,11.89
48261,405,97.38
48263,785,97.20
48265,14887,30.00
48267,1150,24.97
48269,286,100.00
48271,149,4.15
48273,9600,29.94
48275,470,12.63
48277,15754,31.64
48279,505,3.61
48281,4015,20.40
48283,2970,43.12
48285,3108,16.13
48287,1252,7.54
48289,3423,20.37
48291,15789,20.87
48293,4820,20.61
48295,3302,100.00
48297,1181,10.24
48299,6002,31.10
48301,82,100.00
48303,58501,20.98
48305,2004,33.89
48307,1333,16.09
48309,66739,28.41
48311,693,98.00
48313,3872,28.34
48315,1154,10.95
48317,1011,21.07
48319,836,20.83
48321,13643,37.17
48323,17177,31.66
48325,9016,19.60
48327,455,20.28
48329,40560,29.63
48331,5731,23.15
48333,1218,24.68
48335,2801,29.79
48337,3897,19.76
48339,100452,22.04
48341,6929,31.64
48343,515,3.98
48345,223,18.45
48347,19461,30.16
48349,12922,27.07
48351,3815,26.41
48353,3625,23.82
48355,119085,35.00
48357,969,9.48
48359,2052,100.00
48361,19949,24.38
48363,10532,37.46
48365,4697,19.74
48367,21113,18.06
48369,1385,13.49
48371,3285,21.19
48373,10391,22.88
48375,37056,30.61
48377,1318,16.86
48379,0,0.00
48381,25615,21.22
48383,214,6.37
48385,3309,100.00
48387,6000,46.66
48389,3056,22.17
48391,1463,19.81
48393,843,90.76
48395,2920,17.56
48397,18372,23.45
48399,3026,28.82
48401,14339,26.89
48403,2813,25.96
48405,3166,35.71
48407,489,1.85
48409,10955,16.91
48411,1872,30.53
48413,368,10.63
48415,5807,34.32
48417,518,15.34
48419,3832,15.06
48421,754,24.86
48423,42370,20.20
48425,0,0.00
48427,28488,46.73
48429,2321,24.10
48431,1143,100.00
48433,233,15.64
48435,449,10.87
48437,2471,31.46
48439,503753,27.85
48441,37889,28.81
48443,984,100.00
48445,4707,37.21
48447,1641,100.00
48449,4538,14.03
48451,33804,30.67
48453,296491,28.95
48455,2015,13.81
48457,11686,53.69
48459,6502,16.54
48461,1121,33.41
48463,9595,36.34
48465,16556,33.87
48467,2534,4.82
48469,35234,40.60
48471,20157,29.70
48473,6139,14.21
48475,3829,35.92
48477,4547,13.49
48479,44797,17.90
48481,6977,16.90
48483,556,10.28
48485,43104,32.78
48487,3398,25.10
48489,895,4.04
48491,144013,34.07
48493,4295,10.01
48495,430,6.04
48497,3662,6.19
48499,3852,9.18
48501,904,11.48
48503,6517,35.13
48505,6048,43.14
48507,3702,31.70
49001,954,14.39
49003,8873,17.75
49005,36850,32.71
49007,4996,23.34
49009,1059,100.00
49011,85082,27.76
49013,5147,27.66
49015,4429,40.35
49017,1812,35.03
49019,1718,18.62
49021,11916,25.81
49023,4406,43.00
49025,3109,43.64
49027,5078,40.61
49029,40,0.42
49031,1556,100.00
49033,2264,100.00
49035,118179,11.48
49037,7237,49.08
49039,2597,9.34
49041,430,2.07
49043,7428,20.45
49045,15938,27.38
49047,8002,24.55
49049,118502,22.94
49051,1167,4.96
49053,38175,27.64
49055,1009,36.32
49057,57291,24.78
50001,894,2.43
50003,4292,11.56
50005,1994,6.39
50007,31126,19.88
50009,1877,29.77
50011,2087,4.37
50013,222,3.19
50015,543,2.22
50017,3223,11.14
50019,4360,16.01
50021,6358,10.31
50023,5880,9.88
50025,4259,9.57
50027,7079,12.49
51001,1528,4.61
51003,15462,15.62
51005,2221,13.67
51007,1855,14.62
51009,6526,20.17
51011,445,2.97
51013,5136,2.47
51015,9496,12.88
51017,979,20.70
51019,7638,11.12
51021,2752,40.33
51023,7296,22.01
51025,3583,20.55
51027,1357,5.63
51029,2075,12.10
51031,11557,21.07
51033,1432,5.02
51035,1997,6.65
51036,141,1.94
51037,4221,33.54
51041,116514,36.84
51043,312,2.22
51045,644,12.41
51047,2194,4.70
51049,5913,58.83
51051,30,0.19
51053,5848,20.89
51057,2975,26.68
51059,205515,19.00
51061,8123,12.46
51063,4253,27.84
51065,6889,26.81
51067,8932,15.90
51069,14691,18.76
51071,1853,10.72
51073,3765,10.21
51075,3313,15.25
51077,2736,17.62
51079,0,0.00
51081,864,7.06
51083,9534,26.31
51085,19821,19.85
51087,69020,22.49
51089,10402,19.21
51091,2321,100.00
51093,5799,16.44
51095,21539,32.14
51097,732,10.54
51099,0,0.00
51101,1626,10.21
51103,352,3.09
51105,19,0.07
51107,39430,12.63
51109,779,2.35
51111,5,0.04
51113,247,1.85
51115,0,0.00
51117,3599,11.00
51119,108,0.98
51121,7891,8.36
51125,787,5.24
51127,0,0.00
51131,38,0.31
51133,908,7.36
51135,7976,50.31
51137,7443,22.23
51139,692,2.88
51141,907,4.90
51143,9790,15.42
51145,2645,9.43
51147,3510,15.02
51149,10243,28.67
51153,82733,20.58
51155,5227,14.99
51157,5825,79.01
51159,644,6.96
51161,19685,21.31
51163,3642,16.33
51165,14849,19.46
51167,2118,7.33
51169,2780,12.00
51171,2914,6.94
51173,2618,8.13
51175,4232,22.79
51177,33093,27.04
51179,36486,28.29
51181,1643,23.28
51183,3495,28.92
51185,8237,18.27
51187,1917,5.10
51191,6863,12.51
51193,3074,17.61
51195,3924,9.47
51197,1167,3.99
51199,19280,29.45
51510,0,0.00
51515,540,8.67
51520,5023,28.16
51530,6238,93.80
51540,1153,2.65
51550,49801,22.41
51570,3299,18.95
51580,1152,19.33
51590,6395,14.85
51595,101,1.71
51600,0,0.00
51610,166,1.35
51620,4978,58.00
51630,6390,26.31
51640,190,2.69
51650,32202,23.43
51660,4208,8.60
51670,6541,28.95
51678,9,0.13
51680,19951,26.40
51683,2314,6.12
51685,4919,34.46
51690,3489,25.25
51700,33746,18.67
51710,32045,13.20
51720,488,12.34
51730,7216,22.26
51735,5212,42.89
51740,14240,14.91
51750,2600,15.85
51760,41569,20.36
51770,23017,23.72
51775,12140,48.95
51790,1827,7.69
51800,16356,19.34
51810,78720,17.97
51820,3256,15.50
51830,822,5.84
51840,6501,24.81
53001,3810,20.35
53003,4212,19.48
53005,37788,21.57
53007,15758,21.75
53009,15447,21.63
53011,88356,20.77
53013,1080,26.50
53015,27626,26.98
53017,18018,46.88
53019,3695,48.93
53021,24745,31.66
53023,2258,99.66
53025,20205,22.67
53027,14221,19.53
53029,19367,24.67
53031,6318,21.15
53033,333424,17.26
53035,79765,31.76
53037,9172,22.42
53039,4793,23.59
53041,12728,16.87
53043,7517,71.12
53045,3688,6.08
53047,6505,15.82
53049,6891,32.94
53051,4299,33.06
53053,266740,33.54
53055,38,0.24
53057,29820,25.51
53059,505,4.56
53061,173059,24.26
53063,80077,16.99
53065,12902,29.64
53067,79252,31.42
53069,2895,72.77
53071,13944,23.72
53073,50884,25.30
53075,9178,20.50
53077,30242,12.43
54001,178,1.07
54003,25200,24.19
54005,751,3.05
54007,2987,20.57
54009,5403,22.45
54011,12569,13.05
54013,1843,24.17
54015,1449,15.44
54017,170,2.07
54019,6288,13.66
54021,452,5.20
54023,2260,18.93
54025,3720,10.48
54027,6117,25.53
54029,7498,24.44
54031,4798,34.21
54033,11092,16.05
54035,3449,11.81
54037,2827,5.28
54039,48214,24.97
54041,674,4.12
54043,0,0.00
54045,1933,5.26
54047,955,4.32
54049,7896,14.00
54051,8418,25.43
54053,5745,21.03
54055,13304,21.37
54057,3067,10.87
54059,271,1.01
54061,24543,25.52
54063,782,5.79
54065,1618,9.22
54067,1057,4.03
54069,12915,29.06
54071,2364,30.72
54073,21,0.27
54075,4029,46.21
54077,7447,22.22
54079,12706,22.90
54081,25057,31.78
54083,2343,7.97
54085,395,3.78
54087,2543,17.04
54089,1758,12.62
54091,575,3.40
54093,74,1.04
54095,877,9.53
54097,961,3.96
54099,5924,13.95
54101,230,2.51
54103,7203,43.44
54105,66,1.16
54107,16482,18.95
54109,757,3.18
55001,3390,16.24
55003,5074,31.40
55005,3811,8.31
55007,3780,25.17
55009,65133,26.26
55011,3352,24.67
55013,1564,10.12
55015,8927,18.23
55017,11352,18.19
55019,3074,8.86
55021,3367,5.92
55023,5753,34.57
55025,110749,22.69
55027,6929,7.81
55029,3694,13.29
55031,11338,25.67
55033,7321,16.69
55035,26549,26.89
55037,1921,43.44
55039,14228,14.00
55041,3502,37.64
55043,6565,12.82
55045,5301,14.39
55047,1331,6.99
55049,3008,12.70
55051,1139,19.26
55053,7272,35.56
55055,7620,9.11
55057,3869,14.51
55059,46129,27.72
55061,72,0.35
55063,23940,20.88
55065,2590,15.39
55067,6023,30.15
55069,4904,17.06
55071,12908,15.85
55073,27814,20.75
55075,7521,18.01
55077,256,1.66
55078,1256,29.67
55079,124078,13.09
55081,6435,14.41
55083,4460,11.84
55085,4305,11.96
55087,25730,14.56
55089,26067,30.17
55091,0,0.00
55093,5318,12.96
55095,983,2.22
55097,17621,25.17
55099,1638,11.57
55101,57826,29.59
55103,3699,20.52
55105,49550,30.90
55107,3081,20.88
55109,10962,13.00
55111,3246,5.24
55113,4793,28.95
55115,6489,15.47
55117,11446,9.91
55119,4248,20.54
55121,651,2.26
55123,5173,17.38
55125,2604,12.15
55127,30650,29.98
55129,3128,19.66
55131,19101,14.48
55133,160077,41.06
55135,8031,15.32
55137,309,1.26
55139,51314,30.73
55141,19714,26.37
56001,14557,40.10
56003,2176,18.65
56005,10440,22.63
56007,8596,54.11
56009,1734,12.54
56011,5140,72.57
56013,6165,15.37
56015,3899,29.43
56017,394,8.19
56019,1714,20.00
56021,22102,24.09
56023,2471,13.65
56025,32267,42.77
56027,545,21.93
56029,5945,21.08
56031,1799,20.76
56033,12977,44.57
56035,2054,20.05
56037,13392,30.57
56039,6212,29.17
56041,4270,20.22
56043,931,10.92
56045,1240,17.21