GeoID,Pop_2015
1001,55035
1003,203690
1005,26270
1007,22561
1009,57676
1011,10455
1013,20126
1015,115285
1017,34043
1019,25726
1021,43809
1023,13201
1025,24726
1027,13495
1029,14996
1031,51063
1033,54295
1035,12597
1037,10687
1039,37661
1041,13876
1043,81858
1045,49370
1047,40893
1049,70996
1051,81238
1053,37827
1055,102873
1057,16723
1059,31542
1061,26755
1063,8450
1065,15075
1067,17191
1069,104225
1071,52298
1073,660007
1075,13902
1077,92477
1079,33133
1081,156767
1083,91622
1085,10422
1087,19215
1089,353302
1091,19912
1093,30145
1095,94693
1097,414634
1099,21697
1101,226868
1103,119387
1105,9683
1107,20827
1109,33376
1111,22703
1113,58858
1115,86986
1117,208527
1119,13244
1121,80749
1123,40755
1125,204321
1127,65291
1129,16901
1131,11030
1133,23854
2013,3317
2016,5739
2020,298312
2050,17940
2060,892
2068,1913
2070,4999
2090,99639
2100,2484
2105,2118
2110,32603
2122,58044
2130,13689
2150,13789
2158,8109
2164,1567
2170,101120
2180,9875
2185,9690
2188,7764
2195,3149
2198,6360
2220,8844
2230,1058
2240,6826
2261,9308
2275,2400
2282,620
2290,5541
4001,71594
4003,126395
4005,139076
4007,53138
4009,37673
4011,9525
4012,20147
4013,4161637
4015,204165
4017,108363
4019,1008205
4021,406220
4023,46137
4025,221584
4027,203706
5001,18373
5003,20810
5005,41070
5007,250851
5009,37229
5011,11053
5013,5209
5015,27744
5017,10985
5019,22642
5021,15067
5023,25469
5025,8299
5027,24140
5029,20994
5031,104362
5033,61894
5035,48985
5037,17282
5039,7583
5041,12007
5043,18675
5045,121343
5047,17709
5049,12188
5051,97154
5053,18030
5055,44167
5057,22038
5059,33483
5061,13350
5063,37073
5065,13454
5067,17350
5069,71764
5071,26146
5073,6981
5075,16741
5077,9645
5079,13841
5081,12445
5083,21796
5085,71697
5087,15717
5089,16214
5091,43899
5093,43699
5095,7415
5097,8972
5099,8553
5101,7923
5103,24370
5105,10182
5107,19534
5109,10854
5111,24028
5113,20225
5115,63492
5117,8280
5119,392932
5121,17455
5123,26578
5125,117358
5127,10510
5129,7850
5131,127590
5133,17226
5135,16931
5137,12430
5139,40158
5141,16780
5143,224233
5145,79013
5147,6727
5149,21607
6001,1632747
6003,1106
6005,37026
6007,225251
6009,44840
6011,21318
6013,1123231
6015,27301
6017,184359
6019,972130
6021,27961
6023,135383
6025,179806
6027,18251
6029,879497
6031,150331
6033,64446
6035,31333
6037,10112255
6039,154306
6041,261054
6043,17553
6045,87353
6047,267101
6049,8933
6051,13885
6053,432007
6055,141854
6057,98829
6059,3156573
6061,374383
6063,18401
6065,2352892
6067,1496644
6069,58473
6071,2122545
6073,3290245
6075,862004
6077,723496
6079,280960
6081,763191
6083,443815
6085,1910105
6087,273627
6089,179301
6091,2983
6093,43483
6095,434321
6097,501474
6099,535385
6101,95978
6103,63073
6105,13068
6107,458238
6109,53615
6111,847719
6113,212202
6115,74299
8001,490674
8003,16435
8005,629241
8007,12384
8009,3599
8011,5892
8013,318738
8014,64885
8015,18606
8017,1816
8019,9364
8021,8125
8023,3563
8025,5639
8027,4425
8029,29950
8031,680032
8033,1981
8035,322381
8037,53346
8039,24698
8041,674290
8043,46713
8045,57768
8047,5817
8049,14580
8051,16137
8053,769
8055,6459
8057,1352
8059,565143
8061,1414
8063,8234
8065,7461
8067,54770
8069,333869
8071,14067
8073,5551
8075,21946
8077,148401
8079,724
8081,12899
8083,26153
8085,40800
8087,28323
8089,18284
8091,4660
8093,16581
8095,4326
8097,17782
8099,11949
8101,163117
8103,6548
8105,11467
8107,24325
8109,6209
8111,694
8113,7849
8115,2385
8117,29892
8119,23329
8121,4860
8123,285053
8125,10095
9001,944674
9003,894692
9005,183776
9007,163577
9009,859073
9011,270639
9013,151684
9015,116615
10001,173533
10003,555167
10005,215376
11001,670377
12001,259402
12003,27424
12005,181947
12007,26935
12009,567934
12011,1887281
12013,14468
12015,173194
12017,140974
12019,203383
12021,356570
12023,68286
12027,35355
12029,16187
12031,912081
12033,311236
12035,105188
12037,11749
12039,46032
12041,17181
12043,13607
12045,15874
12047,14303
12049,27252
12051,38890
12053,178326
12055,99447
12057,1347077
12059,19329
12061,147792
12063,48590
12065,14071
12067,8628
12069,325518
12071,700285
12073,286187
12075,39688
12077,8323
12079,18398
12081,363110
12083,343514
12085,155804
12086,2692593
12087,78728
12089,78470
12091,198681
12093,39409
12095,1284864
12097,323028
12099,1421843
12101,497292
12103,948391
12105,649425
12107,71910
12109,226658
12111,298307
12113,166850
12115,404903
12117,448722
12119,118882
12121,43651
12123,22471
12125,15180
12127,518190
12129,31516
12131,63459
12133,24671
13001,18437
13003,8350
13005,11281
13007,3160
13009,45431
13011,18468
13013,75107
13015,102533
13017,17354
13019,18966
13021,153540
13023,12782
13025,18449
13027,15692
13029,35052
13031,73213
13033,22742
13035,23548
13037,6465
13039,52543
13043,10935
13045,114689
13047,65897
13049,13009
13051,286622
13053,11462
13055,24882
13057,235609
13059,123629
13061,3080
13063,273567
13065,6885
13067,740144
13069,43071
13071,45755
13073,144080
13075,17085
13077,138278
13079,12411
13081,22850
13083,16202
13085,23256
13087,27183
13089,732758
13091,20863
13093,13923
13095,91259
13097,140671
13099,10487
13101,4045
13103,57155
13105,19302
13107,22659
13109,10724
13111,24285
13113,110546
13115,96303
13117,212125
13119,22319
13121,1007803
13123,29376
13125,3034
13127,83634
13129,56323
13131,25124
13133,16734
13135,892926
13137,43926
13139,193257
13141,8578
13143,28856
13145,33212
13147,25506
13149,11522
13151,217004
13153,149962
13155,9227
13157,63038
13159,13624
13161,14922
13163,16067
13165,8943
13167,9595
13169,28554
13171,18272
13173,10270
13175,47743
13177,29282
13179,62529
13181,7685
13183,17799
13185,113739
13187,31294
13189,21525
13191,13939
13193,13663
13195,28396
13197,8637
13199,21191
13201,5846
13205,22493
13207,27107
13209,8994
13211,18011
13213,39476
13215,199651
13217,105324
13219,35872
13221,14925
13223,152253
13225,26665
13227,30301
13229,19130
13231,17943
13233,41405
13235,11363
13237,21274
13239,2303
13241,16267
13243,7156
13245,201401
13247,88678
13249,5162
13251,14123
13253,8606
13255,64016
13257,25500
13259,5765
13261,30744
13263,6321
13265,1638
13267,25205
13269,8314
13271,16480
13273,9099
13275,45038
13277,40722
13279,27166
13281,11163
13283,6755
13285,69747
13287,8036
13289,8297
13291,22251
13293,26292
13295,68053
13297,88495
13299,35422
13301,5458
13303,20804
13305,29539
13307,2635
13309,7897
13311,28402
13313,103976
13315,8864
13317,9890
13319,9148
13321,20708
15001,196156
15003,993166
15005,88
15007,71478
15009,164269
16001,433467
16003,3839
16005,83911
16007,5901
16009,9035
16011,44976
16013,21548
16015,7012
16017,41796
16019,109997
16021,11334
16023,2501
16025,1065
16027,207086
16029,6765
16031,23497
16033,872
16035,8479
16037,4087
16039,25790
16041,13033
16043,12813
16045,16907
16047,15193
16049,16260
16051,27153
16053,22716
16055,150364
16057,38723
16059,7752
16061,3791
16063,5309
16065,38092
16067,20387
16069,40146
16071,4289
16073,11305
16075,22837
16077,7620
16079,12455
16081,10568
16083,82107
16085,10083
16087,9967
17001,66974
17003,6776
17005,16924
17007,53490
17009,6821
17011,33471
17013,4898
17015,14628
17017,12869
17019,207734
17021,33546
17023,15943
17025,13378
17027,37809
17029,52563
17031,5224823
17033,19413
17035,10857
17037,104541
17039,16260
17041,19753
17043,931819
17045,17644
17047,6520
17049,34396
17051,22059
17053,13726
17055,39427
17057,35750
17059,5278
17061,13313
17063,50499
17065,8198
17067,18539
17069,4113
17071,6971
17073,49459
17075,28651
17077,59220
17079,9591
17081,38390
17083,22306
17085,22034
17087,12837
17089,529702
17091,110795
17093,122946
17095,51416
17097,703413
17099,111304
17101,16513
17103,34427
17105,36749
17107,29540
17109,31342
17111,307188
17113,172673
17115,107377
17117,46089
17119,266071
17121,38378
17123,11980
17125,13689
17127,14752
17129,12454
17131,15839
17133,33893
17135,29196
17137,34605
17139,14921
17141,51657
17143,186315
17145,21458
17147,16380
17149,15981
17151,4204
17153,5672
17155,5636
17157,32846
17159,16043
17161,145958
17163,264079
17165,24574
17167,198496
17169,7043
17171,5114
17173,21801
17175,5764
17177,45791
17179,134735
17181,17399
17183,78990
17185,11554
17187,17507
17189,14246
17191,16427
17193,14349
17195,56963
17197,686687
17199,67589
17201,287168
17203,39158
18001,34967
18003,368040
18005,81011
18007,8674
18009,12287
18011,63400
18013,14919
18015,19890
18017,38078
18019,115090
18021,26485
18023,32567
18025,10510
18027,32836
18029,49475
18031,26393
18033,42557
18035,116019
18037,42421
18039,203284
18041,23426
18043,76761
18045,16536
18047,22890
18049,20328
18051,33762
18053,67692
18055,32450
18057,309172
18059,72392
18061,39639
18063,158059
18065,48894
18067,82581
18069,36607
18071,43941
18073,33501
18075,21155
18077,32465
18079,27913
18081,149338
18083,37891
18085,78815
18087,38671
18089,487649
18091,110762
18093,45485
18095,129495
18097,938058
18099,46756
18101,10191
18103,35902
18105,144257
18107,38167
18109,69646
18111,14002
18113,47759
18115,5936
18117,19516
18119,20809
18121,16878
18123,19322
18125,12476
18127,167631
18129,25490
18131,12871
18133,37621
18135,25133
18137,28699
18139,16725
18141,268134
18143,23707
18145,44442
18147,20727
18149,22940
18151,34343
18153,20927
18155,10509
18157,185741
18159,15292
18161,7195
18163,181941
18165,15634
18167,107708
18169,32075
18171,8280
18173,61894
18175,27721
18177,66984
18179,27937
18181,24224
18183,33395
19001,7211
19003,3758
19005,13882
19007,12551
19009,5738
19011,25663
19013,133499
19015,26571
19017,24779
19019,21084
19021,20289
19023,14896
19025,9828
19027,20507
19029,13354
19031,18362
19033,42988
19035,11567
19037,12085
19039,9245
19041,16491
19043,17674
19045,47617
19047,16998
19049,80777
19051,8777
19053,8185
19055,17406
19057,39985
19059,17122
19061,97034
19063,9732
19065,20223
19067,15954
19069,10308
19071,6902
19073,8960
19075,12413
19077,10663
19079,15213
19081,10985
19083,17276
19085,14248
19087,19892
19089,9367
19091,9546
19093,7004
19095,16381
19097,19454
19099,36729
19101,17853
19103,144567
19105,20395
19107,10129
19109,15155
19111,35071
19113,219792
19115,11231
19117,8692
19119,11749
19121,15746
19123,22291
19125,33141
19127,40512
19129,14815
19131,10787
19133,8974
19135,7947
19137,10227
19139,43017
19141,13989
19143,6127
19145,15521
19147,9139
19149,24913
19151,6991
19153,466688
19155,93534
19157,18512
19159,5054
19161,10009
19163,172170
19165,11913
19167,34752
19169,96346
19171,17341
19173,6229
19175,12447
19177,7325
19179,35248
19181,48706
19183,22251
19185,6386
19187,36992
19189,10567
19191,20754
19193,102464
19195,7562
19197,12803
20001,12724
20003,7824
20005,16409
20007,4821
20009,27092
20011,14724
20013,9745
20015,66601
20017,2676
20019,3392
20021,20561
20023,2687
20025,2089
20027,8340
20029,9235
20031,8359
20033,1839
20035,35777
20037,39231
20039,2926
20041,19292
20043,7756
20045,117915
20047,2970
20049,2602
20051,29024
20053,6330
20055,37000
20057,34263
20059,25559
20061,36981
20063,2657
20065,2589
20067,7690
20069,6095
20071,1317
20073,6244
20075,2481
20077,5781
20079,34908
20081,4058
20083,1896
20085,13328
20087,18886
20089,2978
20091,578758
20093,3948
20095,7653
20097,2558
20099,20749
20101,1663
20103,79207
20105,3126
20107,9561
20109,2814
20111,33243
20113,28944
20115,12120
20117,9906
20119,4288
20121,32727
20123,6319
20125,33316
20127,5650
20129,2992
20131,10209
20133,16333
20135,3015
20137,5552
20139,15912
20141,3684
20143,5946
20145,6805
20147,5431
20149,23194
20151,9718
20153,2538
20155,63647
20157,4722
20159,9943
20161,75312
20163,5159
20165,3102
20167,7029
20169,55516
20171,4980
20173,510360
20175,23159
20177,178541
20179,2501
20181,5976
20183,3693
20185,4236
20187,2053
20189,5731
20191,23494
20193,7915
20195,2923
20197,6905
20199,1513
20201,5564
20203,2145
20205,8852
20207,3124
20209,163095
21001,19264
21003,20561
21005,21929
21007,8219
21009,43676
21011,12261
21013,27294
21015,127163
21017,20073
21019,48488
21021,29807
21023,8329
21025,13430
21027,19993
21029,78653
21031,12860
21033,12690
21035,38441
21037,91925
21039,4903
21041,10718
21043,27224
21045,15815
21047,73484
21049,35684
21051,21047
21053,10135
21055,9198
21057,6756
21059,99333
21061,12040
21063,7650
21065,14361
21067,314767
21069,14613
21071,37679
21073,50273
21075,6259
21077,8562
21079,17175
21081,24740
21083,37251
21085,26233
21087,11022
21089,36031
21091,8710
21093,106486
21095,27613
21097,18712
21099,18489
21101,46388
21103,15544
21105,4642
21107,46281
21109,13346
21111,763509
21113,51936
21115,23212
21117,164342
21119,15700
21121,31668
21123,14193
21125,60101
21127,15893
21129,6737
21131,10707
21133,23091
21135,13576
21137,24388
21139,9324
21141,26739
21143,8289
21145,64973
21147,17861
21149,9496
21151,88276
21153,12794
21155,19263
21157,31109
21159,12352
21161,17077
21163,27853
21165,6363
21167,21448
21169,9920
21171,10653
21173,27631
21175,13292
21177,31146
21179,45117
21181,7088
21183,24216
21185,64626
21187,10710
21189,4470
21191,14463
21193,27546
21195,61804
21197,12271
21199,63827
21201,2158
21203,16950
21205,24667
21207,17636
21209,52327
21211,45591
21213,17990
21215,17979
21217,25567
21219,12437
21221,14210
21223,8763
21225,15053
21227,123159
21229,12105
21231,20404
21233,13239
21235,36000
21237,7230
21239,25876
22001,62601
22003,25602
22005,119373
22007,22846
22009,41077
22011,36477
22013,13871
22015,125588
22017,251405
22019,198693
22021,10032
22023,6802
22025,10074
22027,16251
22029,20197
22031,27064
22033,446216
22035,7295
22037,19675
22039,33789
22041,20403
22043,22346
22045,73953
22047,33136
22049,15866
22051,435555
22053,31434
22055,239429
22057,98162
22059,15004
22061,47719
22063,137675
22065,11575
22067,26428
22069,39137
22071,389738
22073,157018
22075,23568
22077,22245
22079,132316
22081,8629
22083,20529
22085,24146
22087,45384
22089,52702
22091,10569
22093,21517
22095,43639
22097,83790
22099,53921
22101,52854
22103,249968
22105,128756
22107,4726
22109,114025
22111,22445
22113,59961
22115,50706
22117,46322
22119,40075
22121,25484
22123,11282
22125,15368
22127,14527
23001,107245
23003,68752
23005,290464
23007,30039
23009,54268
23011,120209
23013,39779
23015,34017
23017,57156
23019,152478
23021,16926
23023,35173
23025,51056
23027,39129
23029,31604
23031,201158
24001,72531
24003,563837
24005,829209
24009,90620
24011,32591
24013,167651
24015,102397
24017,155923
24019,32391
24021,245377
24023,29446
24025,250138
24027,312711
24029,19768
24031,1036233
24033,906003
24035,48889
24037,111628
24039,25746
24041,37523
24043,149570
24045,102019
24047,51380
24510,621402
25001,214621
25003,127671
25005,556967
25007,17217
25009,776111
25011,70550
25013,469078
25015,161049
25017,1581037
25019,10858
25021,694895
25023,509880
25025,776688
25027,817618
26001,10333
26003,9347
26005,114661
26007,28791
26009,23133
26011,15280
26013,8546
26015,59393
26017,105557
26019,17436
26021,154629
26023,43607
26025,134447
26027,51665
26029,26215
26031,25415
26033,38003
26035,30610
26037,77383
26039,13809
26041,36407
26043,25740
26045,108676
26047,33132
26049,410442
26051,25210
26053,15443
26055,91624
26057,41513
26059,45940
26061,36382
26063,31822
26065,285735
26067,64173
26069,25352
26071,11342
26073,70690
26075,159465
26077,259966
26079,17262
26081,636095
26083,2176
26085,11393
26087,88444
26089,21918
26091,98389
26093,187350
26095,6438
26097,10897
26099,864507
26101,24458
26103,67305
26105,28812
26107,43092
26109,23514
26111,83618
26113,14927
26115,149494
26117,62826
26119,9265
26121,172697
26123,47984
26125,1240301
26127,26118
26129,20950
26131,6008
26133,23066
26135,8278
26137,24244
26139,280023
26141,12849
26143,23803
26145,193290
26147,159874
26149,60843
26151,41476
26153,8157
26155,68517
26157,53804
26159,75064
26161,360847
26163,1757062
26165,32966
27001,15669
27003,343822
27005,33492
27007,45674
27009,39723
27011,5038
27013,65777
27015,25317
27017,35536
27019,98610
27021,28668
27023,12134
27025,54308
27027,62118
27029,8775
27031,5208
27033,11504
27035,63451
27037,414299
27039,20381
27041,37057
27043,14057
27045,20832
27047,30570
27049,46438
27051,5878
27053,1220459
27055,18770
27057,20671
27059,38453
27061,45397
27063,10084
27065,15820
27067,42559
27069,4405
27071,12829
27073,6852
27075,10636
27077,3906
27079,27630
27081,5767
27083,25671
27085,35919
27087,5430
27089,9388
27091,20010
27093,23075
27095,25743
27097,32725
27099,39215
27101,8412
27103,33401
27105,21717
27107,6672
27109,151251
27111,57774
27113,14253
27115,29046
27117,9262
27119,31480
27121,11029
27123,536071
27125,4049
27127,15484
27129,14861
27131,65278
27133,9608
27135,15679
27137,200222
27139,141613
27141,91623
27143,14877
27145,154957
27147,36683
27149,9791
27151,9354
27153,24220
27155,3398
27157,21243
27159,13838
27161,19001
27163,251103
27165,10950
27167,6392
27169,50939
27171,131255
27173,9899
28001,31292
28003,37331
28005,12565
28007,18995
28009,8164
28011,33349
28013,14696
28015,10238
28017,17368
28019,8294
28021,9171
28023,16003
28025,20022
28027,24495
28029,28754
28031,19577
28033,173212
28035,75921
28037,7759
28039,23432
28041,13485
28043,21507
28045,46366
28047,200962
28049,243234
28051,18356
28053,8658
28055,1330
28057,23649
28059,141233
28061,16561
28063,7489
28065,11604
28067,68224
28069,9943
28071,53014
28073,60570
28075,78505
28077,12618
28079,22706
28081,85295
28083,30300
28085,34601
28087,59744
28089,103409
28091,25533
28093,35927
28095,35777
28097,10158
28099,29414
28101,21670
28103,11064
28105,49729
28107,34152
28109,55163
28111,12225
28113,39960
28115,30912
28117,25313
28119,7514
28121,148770
28123,28275
28125,4594
28127,27122
28129,16057
28131,18061
28133,26923
28135,14623
28137,28368
28139,22082
28141,19509
28143,10342
28145,28318
28147,14629
28149,47542
28151,48053
28153,20510
28155,9869
28157,9102
28159,18301
28161,12451
28163,27377
29001,25430
29003,17291
29005,5301
29007,26082
29009,35766
29011,11877
29013,16410
29015,18687
29017,12161
29019,174546
29021,89016
29023,42859
29025,9020
29027,44739
29029,44329
29031,78577
29033,8945
29035,6250
29037,101496
29039,13944
29041,7592
29043,83282
29045,6810
29047,235471
29049,20635
29051,76780
29053,17616
29055,24487
29057,7596
29059,16413
29061,8252
29063,12645
29065,15616
29067,13372
29069,30877
29071,102382
29073,14826
29075,6685
29077,287924
29079,10062
29081,8613
29083,21743
29085,9193
29087,4471
29089,10123
29091,40135
29093,10099
29095,686373
29097,118376
29099,223908
29101,53874
29103,3899
29105,35487
29107,32679
29109,38144
29111,10186
29113,54675
29115,12293
29117,15010
29119,22648
29121,15321
29123,12369
29125,8958
29127,28862
29129,3702
29131,25076
29133,14023
29135,15913
29137,8560
29139,11699
29141,20158
29143,18167
29145,58567
29147,22776
29149,10936
29151,13626
29153,9407
29155,17442
29157,19130
29159,42182
29161,44610
29163,18354
29165,96217
29167,31183
29169,53156
29171,4863
29173,10177
29175,25090
29177,22815
29179,6418
29181,13811
29183,385171
29185,9450
29186,17895
29187,66446
29189,1001705
29195,23109
29197,4434
29199,4859
29201,39004
29203,8233
29205,6132
29207,29786
29209,30902
29211,6323
29213,54333
29215,25651
29217,20803
29219,33545
29221,24795
29223,13373
29225,37526
29227,2051
29229,18257
29510,314875
30001,9261
30003,13256
30005,6587
30007,5679
30009,10388
30011,1171
30013,82118
30015,5757
30017,12147
30019,1763
30021,9625
30023,9148
30025,3184
30027,11384
30029,96079
30031,100736
30033,1312
30035,13634
30037,830
30039,3239
30041,16518
30043,11671
30045,1931
30047,29466
30049,66479
30051,2401
30053,19047
30055,1683
30057,7911
30059,1818
30061,4244
30063,113982
30065,4578
30067,15981
30069,473
30071,4155
30073,6148
30075,1780
30077,6831
30079,1163
30081,41295
30083,11938
30085,11500
30087,9403
30089,11316
30091,3691
30093,34579
30095,9483
30097,3624
30099,6095
30101,5099
30103,695
30105,7626
30107,2104
30109,1121
30111,156946
31001,31585
31003,6398
31005,457
31007,797
31009,492
31011,5295
31013,11311
31015,2011
31017,2943
31019,48732
31021,6581
31023,8104
31025,25523
31027,8568
31029,3986
31031,5829
31033,10156
31035,6311
31037,10541
31039,9130
31041,10802
31043,20713
31045,9041
31047,23845
31049,1924
31051,5789
31053,36676
31055,549168
31057,1800
31059,5628
31061,3015
31063,2617
31065,4849
31067,21863
31069,1927
31071,2021
31073,1968
31075,637
31077,2431
31079,61422
31081,9179
31083,3447
31085,927
31087,2882
31089,10308
31091,733
31093,6392
31095,7243
31097,5187
31099,6580
31101,8062
31103,803
31105,3719
31107,8526
31109,305705
31111,35618
31113,776
31115,582
31117,477
31119,35065
31121,7780
31123,4844
31125,3596
31127,7025
31129,4327
31131,15957
31133,2644
31135,2939
31137,9284
31139,7212
31141,32799
31143,5192
31145,10828
31147,8082
31149,1380
31151,14279
31153,175690
31155,21017
31157,36300
31159,17122
31161,5214
31163,3085
31165,1263
31167,5908
31169,5145
31171,686
31173,7069
31175,4153
31177,20273
31179,9365
31181,3635
31183,753
31185,13822
32001,24159
32003,2109289
32005,47628
32007,51796
32009,807
32011,2027
32013,17002
32015,5879
32017,5048
32019,52339
32021,4452
32023,43086
32027,6599
32029,3967
32031,445460
32033,9815
32510,54405
33001,60427
33003,47222
33005,76089
33007,32293
33009,88799
33011,406015
33013,148094
33015,301640
33017,126504
33019,43028
34001,273035
34003,936010
34005,449675
34007,510295
34009,94843
34011,155241
34013,795039
34015,292106
34017,673765
34019,125390
34021,371199
34023,836079
34025,626775
34027,498419
34029,588791
34031,508398
34033,63941
34035,333015
34037,143385
34039,552949
34041,107071
35001,674959
35003,3459
35005,65529
35006,27322
35007,12387
35009,50206
35011,1831
35013,213567
35015,57611
35017,28564
35019,4364
35021,699
35023,4414
35025,70848
35027,19391
35028,17696
35029,24476
35031,76800
35033,4577
35035,64430
35037,8452
35039,39526
35041,19074
35043,139157
35045,118701
35047,27951
35049,147708
35051,11261
35053,17222
35055,32887
35057,15422
35059,4201
35061,75636
36001,308432
36003,47407
36005,1449196
36007,196618
36009,77909
36011,78316
36013,130811
36015,87120
36017,48979
36019,81154
36021,61491
36023,48429
36025,46074
36027,295228
36029,922957
36031,38371
36033,50502
36035,53960
36037,58810
36039,47695
36041,4698
36043,62924
36045,117260
36047,2624941
36049,27022
36051,64583
36053,71771
36055,749048
36057,49673
36059,1359702
36061,1641168
36063,212522
36065,232025
36067,468275
36069,109654
36071,377130
36073,41604
36075,119962
36077,60530
36079,99265
36081,2327228
36083,160101
36085,473969
36087,325491
36089,110935
36091,226140
36093,154758
36095,31372
36097,18199
36099,34848
36101,97546
36103,1497903
36105,74751
36107,49261
36109,104564
36111,179824
36113,64544
36115,62238
36117,91340
36119,972900
36121,41004
36123,25051
37001,157857
37003,37304
37005,10812
37007,25632
37009,26900
37011,17592
37013,47543
37015,20290
37017,34266
37019,122622
37021,252808
37023,88704
37025,196508
37027,81282
37029,10279
37031,68863
37033,23012
37035,155593
37037,70770
37039,27137
37041,14372
37043,10755
37045,96924
37047,56927
37049,103427
37051,325581
37053,25231
37055,35586
37057,164196
37059,41696
37061,58670
37063,300573
37065,53831
37067,368019
37069,63674
37071,213366
37073,11448
37075,8610
37077,58549
37079,21190
37081,517548
37083,52323
37085,128124
37087,59899
37089,112327
37091,24108
37093,52841
37095,5503
37097,169992
37099,41327
37101,185733
37103,10000
37105,59438
37107,58041
37109,80574
37111,44963
37113,34150
37115,21104
37117,23334
37119,1033466
37121,15183
37123,27508
37125,94436
37127,93919
37129,219868
37131,20433
37133,187033
37135,140696
37137,12784
37139,39673
37141,57680
37143,13410
37145,39198
37147,176182
37149,20344
37151,142553
37153,45436
37155,134292
37157,91675
37159,139021
37161,66462
37163,63568
37165,35418
37167,60586
37169,46372
37171,72548
37173,14428
37175,33202
37177,4140
37179,222384
37181,44351
37183,1021974
37185,20213
37187,12347
37189,53024
37191,124319
37193,68519
37195,81686
37197,37563
37199,17564
38001,2373
38003,11019
38005,6764
38007,920
38009,6712
38011,3281
38013,2312
38015,93104
38017,171524
38019,3830
38021,5108
38023,2446
38025,4574
38027,2367
38029,3393
38031,3328
38033,1846
38035,70746
38037,2391
38039,2309
38041,2693
38043,2409
38045,4128
38047,1933
38049,5965
38051,2757
38053,12792
38055,9729
38057,8831
38059,30368
38061,10307
38063,2975
38065,1849
38067,7072
38069,4301
38071,11632
38073,5460
38075,2567
38077,16390
38079,14662
38081,3866
38083,1302
38085,4396
38087,764
38089,32139
38091,1961
38093,21108
38095,2268
38097,8011
38099,10927
38101,71379
38103,4160
38105,35387
39001,28016
39003,104210
39005,53380
39007,98544
39009,65699
39011,45847
39013,69039
39015,43825
39017,375459
39019,27790
39021,38998
39023,135815
39025,201791
39027,41852
39029,104683
39031,36587
39033,42330
39035,1255025
39037,52100
39039,38349
39041,192884
39043,75471
39045,151326
39047,28646
39049,1250269
39051,42477
39053,30110
39055,94095
39057,164036
39059,39269
39061,807748
39063,75734
39065,31632
39067,15424
39069,27783
39071,43018
39073,28474
39075,43939
39077,58366
39079,32546
39081,67327
39083,60973
39085,229262
39087,61042
39089,170759
39091,45348
39093,305213
39095,433496
39097,44103
39099,231767
39101,65232
39103,176334
39105,23203
39107,40947
39109,104197
39111,14391
39113,531567
39115,14785
39117,35091
39119,86305
39121,14325
39123,40859
39125,18973
39127,35952
39129,56971
39131,28206
39133,162042
39135,41367
39137,34038
39139,121581
39141,77162
39143,59518
39145,76752
39147,55579
39149,48917
39151,374865
39153,541316
39155,203631
39157,92702
39159,54315
39161,28529
39163,13020
39165,224439
39167,61071
39169,116108
39171,37077
39173,129606
39175,22241
40001,22050
40003,5840
40005,13786
40007,5415
40009,23628
40011,9788
40013,44987
40015,29398
40017,133283
40019,48666
40021,48369
40023,15005
40025,2200
40027,274213
40029,5645
40031,124196
40033,5972
40035,14830
40037,70975
40039,29614
40041,41384
40043,4944
40045,4227
40047,63360
40049,27795
40051,54556
40053,4504
40055,6055
40057,2772
40059,3771
40061,12796
40063,13728
40065,25520
40067,6250
40069,10972
40071,45309
40073,15571
40075,9148
40077,10512
40079,49721
40081,34985
40083,45956
40085,9826
40087,38023
40089,33039
40091,19905
40093,7740
40095,16228
40097,40810
40099,13908
40101,69591
40103,11530
40105,10518
40107,12157
40109,775949
40111,39174
40113,47816
40115,31928
40117,16455
40119,80633
40121,44528
40123,38268
40125,71832
40127,11154
40129,3755
40131,90727
40133,25486
40135,41240
40137,44648
40139,21365
40141,7519
40143,638558
40145,76754
40147,52145
40149,11704
40151,9317
40153,21488
41001,15963
41003,88271
41005,401150
41007,37795
41009,49565
41011,63043
41013,21647
41015,22396
41017,174942
41019,107525
41021,1863
41023,7192
41025,7196
41027,23037
41029,213534
41031,22609
41033,84742
41035,65908
41037,7781
41039,362600
41041,46936
41043,120444
41045,30323
41047,329947
41049,11164
41051,789125
41053,79430
41055,1678
41057,25613
41059,76290
41061,25729
41063,6830
41065,25753
41067,572759
41069,1349
41071,102505
42001,102063
42003,1229298
42005,66953
42007,168908
42009,48522
42011,414635
42013,125506
42015,61329
42017,626821
42019,186441
42021,136194
42023,4742
42025,63936
42027,160491
42029,515253
42031,38831
42033,80967
42035,39359
42037,66586
42039,86638
42041,246513
42043,272904
42045,563321
42047,30879
42049,278052
42051,133704
42053,7420
42055,153295
42057,14605
42059,37438
42061,45721
42063,86977
42065,44410
42067,24732
42069,212175
42071,536349
42073,88036
42075,137729
42077,360852
42079,317812
42081,115829
42083,42416
42085,113992
42087,46481
42089,166499
42091,818363
42093,18358
42095,301190
42097,93144
42099,45679
42101,1564964
42103,55927
42105,17041
42107,144321
42109,40599
42111,75649
42113,6292
42115,41448
42117,41633
42119,45494
42121,53101
42123,40344
42125,208268
42127,51091
42129,357699
42131,27756
42133,441929
44001,49265
44003,164618
44005,82916
44007,632488
44009,126320
45001,24971
45003,166111
45005,9420
45007,194532
45009,14631
45011,21706
45013,179782
45015,202776
45017,14802
45019,389291
45021,56493
45023,32285
45025,46036
45027,33803
45029,37740
45031,67534
45033,31235
45035,152536
45037,26503
45039,22880
45041,138807
45043,61243
45045,490661
45047,69902
45049,20056
45051,309871
45053,27889
45055,63521
45057,86026
45059,66545
45061,17865
45063,281555
45065,9702
45067,31729
45069,27541
45071,37896
45073,75744
45075,88869
45077,121493
45079,406842
45081,20171
45083,297088
45085,107382
45087,27775
45089,32573
45091,251021
46003,2726
46005,18206
46007,3431
46009,6975
46011,33897
46013,38699
46015,5282
46017,2099
46019,10263
46021,1404
46023,9374
46025,3665
46027,13951
46029,27913
46031,4213
46033,8450
46035,19791
46037,5564
46039,4319
46041,5701
46043,2976
46045,4009
46047,6838
46049,2334
46051,7111
46053,4198
46055,1859
46057,6046
46059,3331
46061,3388
46063,1271
46065,17521
46067,7316
46069,1397
46071,3313
46073,2015
46075,920
46077,4980
46079,12589
46081,24886
46083,52826
46085,3880
46087,5575
46089,2404
46091,4787
46093,27048
46095,2050
46097,2246
46099,185285
46101,6426
46102,14383
46103,108561
46105,3002
46107,2313
46109,10275
46111,2364
46115,6478
46117,2951
46119,1417
46121,10005
46123,5413
46125,8203
46127,14831
46129,5520
46135,22666
46137,2789
47001,75698
47003,46940
47005,16107
47007,14580
47009,127142
47011,103907
47013,39728
47015,13854
47017,28131
47019,56430
47021,39690
47023,17413
47025,31687
47027,7773
47029,35096
47031,54279
47033,14566
47035,58278
47037,678323
47039,11657
47041,19205
47043,51461
47045,37878
47047,39220
47049,17917
47051,41514
47053,49442
47055,29079
47057,22835
47059,68551
47061,13456
47063,63414
47065,353604
47067,6554
47069,25732
47071,25718
47073,56443
47075,18028
47077,27984
47079,32205
47081,24315
47083,8131
47085,18122
47087,11517
47089,53288
47091,17821
47093,451444
47095,7572
47097,26959
47099,42531
47101,11866
47103,33695
47105,50978
47107,52636
47109,25997
47111,23108
47113,97609
47115,28462
47117,31518
47119,87735
47121,11872
47123,45677
47125,193294
47127,6290
47129,21492
47131,30633
47133,22156
47135,7914
47137,5142
47139,16744
47141,74974
47143,32392
47145,52726
47147,68452
47149,298423
47151,21974
47153,14789
47155,95661
47157,936131
47159,19253
47161,13240
47163,156661
47165,175866
47167,61605
47169,8035
47171,17820
47173,19126
47175,5686
47177,40338
47179,126357
47181,16738
47183,33831
47185,26495
47187,211674
47189,128772
48001,57487
48003,18026
48005,87938
48007,25261
48009,8711
48011,1925
48013,48435
48015,29548
48017,7232
48019,21216
48021,80208
48023,3671
48025,32673
48027,334812
48029,1895482
48031,11067
48033,641
48035,17910
48037,93503
48039,345661
48041,215867
48043,9099
48045,1504
48047,7212
48049,37981
48051,17525
48053,45181
48055,40445
48057,21922
48059,13596
48061,419893
48063,12721
48065,5972
48067,30387
48069,7678
48071,38768
48073,51431
48075,7050
48077,10324
48079,2945
48081,3230
48083,8333
48085,913079
48087,3019
48089,20880
48091,129113
48093,13365
48095,4155
48097,39110
48099,75471
48101,1431
48103,5039
48105,3742
48107,5985
48109,2233
48111,7107
48113,2545775
48115,13075
48117,18807
48119,5215
48121,778491
48123,20786
48125,2197
48127,10995
48129,3407
48131,11399
48133,18133
48135,159689
48137,1911
48139,163474
48141,833783
48143,41379
48145,17158
48147,33640
48149,25046
48151,3853
48153,5901
48155,1215
48157,713849
48159,10553
48161,19693
48163,18930
48165,20276
48167,321538
48169,6383
48171,26074
48173,1333
48175,7526
48177,20554
48179,23236
48181,125537
48183,123827
48185,27418
48187,151164
48189,34201
48191,3114
48193,8127
48195,5607
48197,3851
48199,55804
48201,4533341
48203,66606
48205,5761
48207,5774
48209,194574
48211,4270
48213,79416
48215,839314
48217,34846
48219,23461
48221,55344
48223,36177
48225,22675
48227,37202
48229,3425
48231,89847
48233,21755
48235,1546
48237,8823
48239,14846
48241,35460
48243,2179
48245,254167
48247,5196
48249,41456
48251,159674
48253,19972
48255,15275
48257,114472
48259,40452
48261,412
48263,770
48265,51011
48267,4394
48269,285
48271,3556
48273,31570
48275,3851
48277,49636
48279,13342
48281,20505
48283,7638
48285,19821
48287,16902
48289,17102
48291,79696
48293,23421
48295,3553
48297,12219
48299,19838
48301,115
48303,299008
48305,5695
48307,8315
48309,245203
48311,825
48313,13916
48315,10142
48317,5723
48319,4015
48321,36840
48323,57440
48325,48385
48327,2159
48329,161272
48331,24484
48333,4883
48335,8860
48337,19269
48339,536434
48341,22048
48343,12497
48345,1142
48347,65641
48349,48255
48351,14007
48353,15050
48355,360118
48357,10698
48359,2059
48361,84283
48363,27882
48365,23717
48367,126085
48369,9788
48371,16059
48373,46984
48375,121374
48377,6881
48379,11134
48381,130283
48383,3731
48385,3300
48387,12385
48389,14789
48391,7359
48393,918
48395,16648
48397,90672
48399,10528
48401,52934
48403,10378
48405,8384
48407,27313
48409,67356
48411,5944
48413,3196
48415,17566
48417,3316
48419,25421
48421,3062
48423,222478
48425,8729
48427,63625
48429,9904
48431,1359
48433,1412
48435,3904
48437,7513
48439,1981410
48441,136325
48443,855
48445,12755
48447,1560
48449,32689
48451,117942
48453,1174818
48455,14421
48457,21274
48459,40481
48461,3626
48463,27112
48465,48857
48467,53501
48469,92237
48471,70507
48473,48630
48475,11668
48477,35005
48479,268929
48481,41526
48483,5666
48485,131522
48487,13037
48489,21883
48491,508059
48493,47456
48495,7996
48497,62836
48499,43647
48501,8513
48503,18228
48505,14397
48507,12227
49001,6344
49003,51998
49005,120060
49007,20430
49009,1110
49011,335768
49013,20781
49015,10352
49017,4991
49019,9493
49021,48294
49023,10566
49025,7120
49027,12649
49029,11091
49031,1503
49033,2296
49035,1104622
49037,15707
49039,28801
49041,20940
49043,39481
49045,62879
49047,37789
49049,574796
49051,29165
49053,155450
49055,2703
49057,243453
50001,36934
50003,36404
50005,30791
50007,161466
50009,6157
50011,48935
50013,6872
50015,25204
50017,28878
50019,27088
50021,59706
50023,58706
50025,43275
50027,55672
51001,32995
51003,105603
51005,15685
51007,12869
51009,31636
51011,15428
51013,227897
51015,74537
51017,4502
51019,77648
51021,6565
51023,33378
51025,16473
51027,22780
51029,16996
51031,55161
51033,29940
51035,29736
51036,7072
51037,12177
51041,335539
51043,14291
51045,5193
51047,49369
51049,9696
51051,15135
51053,27967
51057,11122
51059,1137472
51061,68696
51063,15640
51065,26199
51067,56229
51069,83177
51071,16767
51073,37058
51075,22315
51077,15169
51079,19206
51081,11869
51083,35128
51085,103171
51087,325142
51089,51821
51091,2208
51093,36393
51095,73081
51097,7197
51099,25456
51101,16231
51103,10982
51105,24712
51107,374559
51109,34618
51111,12337
51113,13092
51115,8866
51117,31011
51119,10676
51121,97636
51125,14788
51127,20424
51131,12139
51133,12256
51135,15651
51137,35244
51139,23679
51141,18041
51143,62079
51145,28047
51147,23221
51149,38308
51153,450179
51155,34308
51157,7401
51159,8774
51161,93916
51163,22437
51165,78860
51167,27809
51169,22160
51171,43051
51173,31389
51175,18167
51177,130603
51179,141792
51181,6670
51183,11720
51185,42934
51187,39147
51191,54294
51193,17553
51195,39654
51197,29191
51199,67963
51510,153172
51520,17157
51530,6595
51540,46185
51550,235431
51570,17647
51580,5589
51590,42129
51595,5482
51600,23723
51610,13964
51620,8387
51630,27967
51640,6871
51650,136354
51660,52322
51670,22350
51678,7074
51680,79505
51683,41603
51685,15902
51690,13577
51700,181985
51710,246130
51720,3926
51730,32044
51735,12058
51740,96356
51750,17350
51760,219628
51770,99969
51775,25404
51790,24338
51800,88116
51810,451854
51820,21588
51830,15144
51840,27358
53001,19150
53003,22089
53005,190337
53007,75442
53009,73522
53011,458394
53013,3938
53015,103378
53017,40565
53019,7584
53021,88825
53023,2225
53025,93124
53027,71023
53029,80796
53031,30446
53033,2114256
53035,260514
53037,43057
53039,20993
53041,75754
53043,10312
53045,61036
53047,41359
53049,20888
53051,13066
53053,842676
53055,16234
53057,121724
53059,11309
53061,770165
53063,490526
53065,43800
53067,269183
53069,4022
53071,60149
53073,212164
53075,48150
53077,248115
54001,16968
54003,111635
54005,23263
54007,14460
54009,23348
54011,96653
54013,7430
54015,8905
54017,8506
54019,44822
54021,8320
54023,11765
54025,35433
54027,23331
54029,29844
54031,13904
54033,68570
54035,29158
54037,56199
54039,188207
54041,16447
54043,21370
54045,34514
54047,19698
54049,56771
54051,32126
54053,27005
54055,61043
54057,27413
54059,25249
54061,103991
54063,13501
54065,17523
54067,25547
54069,42893
54071,7186
54073,7609
54075,8561
54077,33744
54079,56799
54081,77433
54083,29174
54085,9991
54087,14430
54089,13073
54091,16864
54093,6933
54095,8953
54097,24726
54099,40974
54101,8732
54103,15813
54105,5840
54107,86254
54109,22152
55001,20161
55003,15883
55005,45474
55007,14936
55009,258520
55011,13220
55013,15142
55015,49792
55017,63535
55019,34441
55021,56754
55023,16394
55025,522878
55027,88434
55029,27540
55031,43623
55033,44552
55035,102119
55037,4467
55039,101943
55041,9043
55043,52303
55045,37153
55047,18829
55049,23829
55051,5786
55053,20589
55055,84640
55057,26204
55059,168168
55061,20381
55063,118060
55065,16812
55067,19189
55069,27966
55071,79717
55073,135782
55075,40854
55077,15056
55078,4514
55079,956314
55081,45519
55083,37512
55085,35540
55087,183264
55089,87909
55091,7293
55093,40884
55095,43437
55097,70534
55099,13659
55101,194917
55103,17484
55105,161334
55107,14137
55109,87502
55111,63646
55113,16351
55115,41206
55117,115591
55119,20483
55121,29552
55123,30523
55125,21391
55127,102725
55129,15556
55131,133815
55133,396311
55135,51925
55137,24041
55139,169565
55141,73288
56001,38079
56003,11991
56005,49333
56007,15554
56009,14321
56011,7414
56013,40355
56015,13592
56017,4745
56019,8587
56021,97183
56023,18757
56025,82191
56027,2497
56029,29056
56031,8805
56033,30069
56035,9877
56037,44693
56039,23073
56041,20819
56043,8334
56045,7230