GeoID,County,State,Year,D_Etab,D_Emp,D_Pay,G_Etab,G_Emp,G_Pay,Pop_2014,D_Cap,G_Cap,FD_num_2014,FD_pct_2014
1003,Baldwin County,Alabama,2014,49,356,6297,29,1725,35783,199189,4065,6868,43141,21.66
1007,Bibb County,Alabama,2014,5,40,624,5,124,2519,22541,4508,4508,2377,10.55
1015,Calhoun County,Alabama,2014,32,239,4170,27,880,16001,115995,3624,4296,23645,20.38
1017,Chambers County,Alabama,2014,10,67,1016,7,226,3755,33980,3398,4854,6351,18.69
1021,Chilton County,Alabama,2014,11,74,1048,6,187,3881,43769,3979,7294,10694,24.43
1045,Dale County,Alabama,2014,12,106,1486,8,131,2402,49417,4118,6177,11415,23.1
1047,Dallas County,Alabama,2014,15,105,1462,8,252,4955,41562,2770,5195,10863,26.14
1051,Elmore County,Alabama,2014,17,132,2061,10,307,5757,80568,4739,8056,18451,22.9
1053,Escambia County,Alabama,2014,16,214,2054,4,198,2858,37738,2358,9434,29425,77.97
1055,Etowah County,Alabama,2014,26,219,3382,13,391,7426,103407,3977,7954,26175,25.31
1059,Franklin County,Alabama,2014,8,79,1071,8,181,2804,31561,3945,3945,5917,18.75
1061,Geneva County,Alabama,2014,9,66,1115,10,277,4133,26597,2955,2659,1628,6.12
1067,Henry County,Alabama,2014,4,30,541,3,105,1515,17082,4270,5694,2420,14.17
1069,Houston County,Alabama,2014,36,271,3641,16,818,17497,104156,2893,6509,37341,35.85
1073,Jefferson County,Alabama,2014,128,1228,18769,108,4822,99210,659918,5155,6110,137546,20.84
1077,Lauderdale County,Alabama,2014,28,218,3377,17,648,10096,93013,3321,5471,27039,29.07
1091,Marengo County,Alabama,2014,8,82,987,3,90,1931,19980,2497,6660,6733,33.7
1095,Marshall County,Alabama,2014,25,252,3437,21,601,8848,94277,3771,4489,28581,30.32
1097,Mobile County,Alabama,2014,110,967,14409,60,2685,47371,414590,3769,6909,124490,30.03
1103,Morgan County,Alabama,2014,27,219,3246,16,500,10944,119458,4424,7466,27219,22.79
1109,Pike County,Alabama,2014,8,60,899,6,159,2912,33197,4149,5532,6155,18.54
1113,Russell County,Alabama,2014,20,188,2916,12,266,6326,59211,2960,4934,13469,22.75
1117,Shelby County,Alabama,2014,24,207,3236,26,1328,30490,206356,8598,7936,31936,15.48
1119,Sumter County,Alabama,2014,6,43,683,3,64,816,13275,2212,4425,-932,-7.02
1123,Tallapoosa County,Alabama,2014,14,109,1667,6,238,4454,40887,2920,6814,11465,28.04
1125,Tuscaloosa County,Alabama,2014,37,382,5705,21,1266,25172,203097,5489,9671,49312,24.28
1131,Wilcox County,Alabama,2014,6,41,732,7,60,1160,10953,1825,1564,-6854,-62.58
2050,Bethel Census Area,Alaska,2014,13,246,4392,22,452,8419,17933,1379,815,-2766,-15.42
4001,Apache County,Arizona,2014,10,79,1226,9,294,6322,71820,7182,7980,15872,22.1
4003,Cochise County,Arizona,2014,24,184,2715,19,695,16480,127352,5306,6702,23793,18.68
4005,Coconino County,Arizona,2014,17,115,2166,21,1272,27710,137583,8093,6551,21080,15.32
4007,Gila County,Arizona,2014,8,66,994,7,351,8709,53070,6633,7581,12428,23.42
4009,Graham County,Arizona,2014,6,50,624,6,301,5666,38124,6354,6354,11718,30.74
4013,Maricopa County,Arizona,2014,246,3102,50820,494,29038,726938,4095508,16648,8290,199757,4.88
4015,Mohave County,Arizona,2014,32,330,5191,19,1368,34297,203474,6358,10709,38360,18.85
4017,Navajo County,Arizona,2014,22,154,2513,14,699,15564,107724,4896,7694,21613,20.06
4019,Pima County,Arizona,2014,90,964,14679,127,7839,196642,1004675,11163,7910,93679,9.32
4021,Pinal County,Arizona,2014,31,301,4886,29,1632,37353,395915,12771,13652,52714,13.31
4025,Yavapai County,Arizona,2014,32,270,4570,32,2062,50497,217739,6804,6804,30116,13.83
4027,Yuma County,Arizona,2014,23,218,3496,31,1298,23518,204283,8881,6589,34675,16.97
5001,Arkansas County,Arkansas,2014,6,43,870,4,214,3399,18476,3079,4619,514,2.78
5009,Boone County,Arkansas,2014,11,121,1979,4,167,3328,37102,3372,9275,11382,30.68
5009,Miami County,Indiana,2014,11,121,1979,4,167,3328,37102,3372,9275,11382,30.68
5015,Carroll County,Arkansas,2014,8,48,736,5,146,2907,27735,3466,5547,4211,15.18
5033,Crawford County,Arkansas,2014,15,98,1748,8,148,2953,61817,4121,7727,11562,18.7
5035,Crittenden County,Arkansas,2014,14,112,1606,9,376,6282,49577,3541,5508,13545,27.32
5045,Faulkner County,Arkansas,2014,23,194,2711,10,687,12170,120567,5242,12056,36406,30.2
5051,Garland County,Arkansas,2014,22,167,2779,17,569,11929,97754,4443,5750,17841,18.25
5057,Hempstead County,Arkansas,2014,5,55,791,3,98,1939,22338,4467,7446,6615,29.61
5059,Hot Spring County,Arkansas,2014,7,45,742,6,102,1660,33400,4771,5566,5297,15.86
5063,Independence County,Arkansas,2014,9,67,982,6,149,2810,37079,4119,6179,7769,20.95
5065,Izard County,Arkansas,2014,9,49,696,4,105,1435,13553,1505,3388,73,0.54
5069,Jefferson County,Arkansas,2014,21,197,2945,17,571,9867,72469,3450,4262,19152,26.43
5085,Lonoke County,Arkansas,2014,18,119,1966,8,339,5904,71338,3963,8917,18506,25.94
5091,Miller County,Arkansas,2014,12,85,1265,7,241,4424,43566,3630,6223,10223,23.47
5111,Poinsett County,Arkansas,2014,9,61,839,5,205,2743,24152,2683,4830,5690,23.56
5115,Pope County,Arkansas,2014,15,146,2008,7,451,7261,63111,4207,9015,22741,36.03
5119,Pulaski County,Arkansas,2014,72,684,10214,63,3098,66622,392990,5458,6237,79452,20.22
5131,Sebastian County,Arkansas,2014,25,228,3811,19,530,10440,126784,5071,6672,23061,18.19
5139,Union County,Arkansas,2014,12,103,1522,6,162,3363,40140,3345,6690,9971,24.84
6001,Alameda County,California,2014,57,1142,19460,377,12230,352443,1608674,28222,4267,-19220,-1.19
6007,Butte County,California,2014,17,218,3426,46,1685,49296,223570,13151,4860,18075,8.08
6013,Contra Costa County,California,2014,42,878,13502,196,8808,262807,1109358,26413,5659,22199,2.0
6017,El Dorado County,California,2014,7,117,2446,33,1579,48504,183161,26165,5550,30466,16.63
6019,Fresno County,California,2014,88,1107,16529,250,5696,153257,961311,10923,3845,47311,4.92
6023,Humboldt County,California,2014,16,113,2046,45,1411,36935,134514,8407,2989,6253,4.65
6029,Kern County,California,2014,95,965,16356,185,5872,139827,869957,9157,4702,63744,7.33
6037,Los Angeles County,California,2014,661,9702,189118,2076,76502,1965424,10048408,15201,4840,-13434,-0.13
6039,Madera County,California,2014,9,137,2021,38,994,27192,153590,17065,4041,23643,15.39
6041,Marin County,California,2014,14,185,2848,71,3673,115759,260435,18602,3668,5744,2.21
6045,Mendocino County,California,2014,13,97,1329,47,1347,37903,87257,6712,1856,-46,-0.05
6047,Merced County,California,2014,22,334,4980,64,1281,30064,264649,12029,4135,27731,10.48
6053,Monterey County,California,2014,26,261,4720,113,3158,86195,428980,16499,3796,11289,2.63
6057,Nevada County,California,2014,5,32,415,27,1199,35428,98589,19717,3651,22763,23.09
6059,Orange County,California,2014,169,2505,45451,529,27991,712116,3130322,18522,5917,67592,2.16
6061,Placer County,California,2014,19,295,4672,66,3448,105303,369326,19438,5595,20723,5.61
6065,Riverside County,California,2014,139,2040,31706,367,16603,446499,2317955,16675,6315,88899,3.84
6067,Sacramento County,California,2014,70,1696,19159,267,10437,302050,1475618,21080,5526,103347,7.0
6071,San Bernardino County,California,2014,152,2635,44241,324,14031,351620,2100776,13820,6483,115821,5.51
6073,San Diego County,California,2014,140,2321,38357,623,27018,667715,3250993,23221,5218,80080,2.46
6075,San Francisco County,California,2014,34,380,7424,363,7731,229255,851116,25032,2344,-57591,-6.77
6077,San Joaquin County,California,2014,37,781,11107,158,4074,116372,711771,19237,4504,37032,5.2
6079,San Luis Obispo County,California,2014,11,193,2960,73,2996,71443,278296,25299,3812,42738,15.36
6081,San Mateo County,California,2014,29,664,15658,174,6985,209539,757670,26126,4354,-34726,-4.58
6083,Santa Barbara County,California,2014,18,293,4504,133,4664,118756,439358,24408,3303,30323,6.9
6085,Santa Clara County,California,2014,60,961,14523,350,14305,414465,1892984,31549,5408,6689,0.35
6087,Santa Cruz County,California,2014,13,151,2800,71,3142,86290,271035,20848,3817,19552,7.21
6089,Shasta County,California,2014,16,202,3046,37,1376,39214,178905,11181,4835,18236,10.19
6095,Solano County,California,2014,17,362,5103,69,2833,78819,429155,25244,6219,47642,11.1
6097,Sonoma County,California,2014,27,347,4622,139,6026,171167,498803,18474,3588,16438,3.3
6099,Stanislaus County,California,2014,38,597,8115,134,3689,93300,528346,13903,3942,42218,7.99
6101,Sutter County,California,2014,5,125,1451,23,524,15631,94830,18966,4123,30390,32.05
6103,Tehama County,California,2014,6,74,1048,10,367,10297,62788,10464,6278,16093,25.63
6107,Tulare County,California,2014,42,497,7813,122,2757,67416,455602,10847,3734,29176,6.4
6109,Tuolumne County,California,2014,7,65,797,14,473,14456,53828,7689,3844,7309,13.58
6111,Ventura County,California,2014,59,816,14115,173,7058,184884,842946,14287,4872,31583,3.75
6113,Yolo County,California,2014,13,178,2279,40,1657,46825,208518,16039,5212,28089,13.47
6115,Yuba County,California,2014,5,38,704,12,232,5753,73562,14712,6130,21177,28.79
8005,Arapahoe County,Colorado,2014,46,459,7218,94,5490,155928,618798,13452,6582,32194,5.2
8013,Boulder County,Colorado,2014,8,102,1444,60,3834,108240,313298,39162,5221,57428,18.33
8015,Chaffee County,Colorado,2014,4,36,450,7,157,4391,18453,4613,2636,-679,-3.68
8031,Denver County,Colorado,2014,43,409,6978,120,5279,142722,664870,15462,5540,27314,4.11
8037,Eagle County,Colorado,2014,5,20,454,18,846,26699,53323,10664,2962,3229,6.06
8041,El Paso County,Colorado,2014,42,470,7365,59,3625,98376,663266,15792,11241,55384,8.35
8043,Fremont County,Colorado,2014,5,43,604,6,211,5937,46133,9226,7688,14333,31.07
8059,Jefferson County,Colorado,2014,32,380,5477,62,4810,143382,559085,17471,9017,36981,6.61
8069,Larimer County,Colorado,2014,19,210,3058,37,2605,70205,324061,17055,8758,39672,12.24
8071,Las Animas County,Colorado,2014,4,32,570,4,86,2138,14044,3511,3511,-2614,-18.61
8071,Pecos County,Texas,2014,4,32,570,4,86,2138,14044,3511,3511,-2614,-18.61
8077,Mesa County,Colorado,2014,11,94,1499,20,1312,31359,147312,13392,7365,28005,19.01
8085,Montrose County,Colorado,2014,6,30,529,9,379,10653,40596,6766,4510,4574,11.27
8087,Morgan County,Colorado,2014,5,27,497,6,175,3994,28120,5624,4686,3421,12.17
8089,Otero County,Colorado,2014,5,45,750,4,76,1865,18367,3673,4591,105,0.57
8099,Prowers County,Colorado,2014,6,85,2746,3,78,1980,12089,2014,4029,-14147,-117.02
8101,Pueblo County,Colorado,2014,26,219,3880,17,956,24238,161480,6210,9498,25082,15.53
8123,Weld County,Colorado,2014,21,151,2549,29,1542,41200,276037,13144,9518,31462,11.4
9001,Fairfield County,Connecticut,2014,42,378,4829,216,10792,293159,944355,22484,4372,26507,2.81
9003,Hartford County,Connecticut,2014,92,972,17534,245,10418,238107,897493,9755,3663,60595,6.75
9005,Litchfield County,Connecticut,2014,11,106,2061,40,2342,57350,185398,16854,4634,25619,13.82
9009,New Haven County,Connecticut,2014,74,791,13425,200,8548,210709,862996,11662,4314,46888,5.43
9011,New London County,Connecticut,2014,30,305,5866,43,2787,64552,271465,9048,6313,29244,10.77
10001,Kent County,Delaware,2014,24,218,19799,24,1097,19813,171458,7144,7144,-114044,-66.51
10003,New Castle County,Delaware,2014,51,806,10896,91,5212,105484,550851,10801,6053,98187,17.82
10005,Sussex County,Delaware,2014,46,368,5810,50,1945,40567,210287,4571,4205,41062,19.53
11001,District of Columbia,District of Columbia,2014,30,163,3222,198,5213,134645,662513,22083,3346,6892,1.04
11001,District of Columbia,District of Columbia,2014,30,163,3222,198,5213,134645,662513,22083,3346,6892,1.04
12001,Alachua County,Florida,2014,31,291,4538,37,3071,61235,255499,8241,6905,51232,20.05
12011,Broward County,Florida,2014,185,1695,23709,374,17360,411878,1861602,10062,4977,178783,9.6
12021,Collier County,Florida,2014,28,248,4016,62,3880,96105,347326,12404,5602,33820,9.74
12051,Hendry County,Florida,2014,9,70,1128,12,215,4064,38508,4278,3209,3230,8.39
12057,Hillsborough County,Florida,2014,156,1270,20738,265,11456,242880,1317571,8445,4971,147918,11.23
12063,Jackson County,Florida,2014,20,140,2253,8,214,3967,48733,2436,6091,13644,28.0
12073,Leon County,Florida,2014,41,352,5208,41,2809,56112,283785,6921,6921,57498,20.26
12086,Miami-Dade County,Florida,2014,334,1976,35068,663,23096,522597,2660389,7965,4012,202300,7.6
12095,Orange County,Florida,2014,151,1239,19910,225,9961,224191,1256908,8323,5586,135655,10.79
12097,Osceola County,Florida,2014,43,380,5469,51,2271,49434,311137,7235,6100,50642,16.28
12099,Palm Beach County,Florida,2014,94,992,13497,269,14127,344798,1399039,14883,5200,100663,7.2
12107,Putnam County,Florida,2014,26,173,2735,13,480,8473,71968,2768,5536,20928,29.08
12115,Sarasota County,Florida,2014,34,324,4686,88,4627,106408,396445,11660,4505,45417,11.46
12117,Seminole County,Florida,2014,43,353,6222,63,4219,93109,441453,10266,7007,52108,11.8
12121,Suwannee County,Florida,2014,9,91,1289,6,216,4743,43784,4864,7297,11450,26.15
13009,Baldwin County,Georgia,2014,10,100,1553,7,373,6500,45914,4591,6559,12278,26.74
13013,Barrow County,Georgia,2014,10,104,1381,13,669,13126,72853,7285,5604,18689,25.65
13015,Bartow County,Georgia,2014,22,165,2443,14,548,10799,101291,4604,7235,23703,23.4
13021,Bibb County,Georgia,2014,43,397,6006,35,1511,29874,154333,3589,4409,42927,27.81
13029,Bryan County,Georgia,2014,6,56,865,7,412,7837,33667,5611,4809,8068,23.96
13045,Carroll County,Georgia,2014,30,221,3996,24,1042,20251,113942,3798,4747,22388,19.65
13047,Catoosa County,Georgia,2014,11,124,1764,8,247,4264,65477,5952,8184,18041,27.55
13051,Chatham County,Georgia,2014,43,362,5991,56,2590,51931,282197,6562,5039,45353,16.07
13055,Chattooga County,Georgia,2014,7,44,733,7,135,2007,24857,3551,3551,1036,4.17
13063,Clayton County,Georgia,2014,46,390,6104,54,1384,27216,266678,5797,4938,42371,15.89
13071,Colquitt County,Georgia,2014,13,112,1589,13,205,4055,45893,3530,3530,7457,16.25
13075,Cook County,Georgia,2014,6,47,687,4,161,3003,17298,2883,4324,1099,6.35
13081,Crisp County,Georgia,2014,6,49,639,14,343,4635,23063,3843,1647,1726,7.48
13083,Dade County,Georgia,2014,6,44,540,4,173,2872,16282,2713,4070,1788,10.98
13087,Decatur County,Georgia,2014,8,63,976,6,158,3244,27178,3397,4529,3091,11.37
13089,DeKalb County,Georgia,2014,90,868,12882,153,6055,129694,725039,8055,4738,96488,13.31
13097,Douglas County,Georgia,2014,16,134,2174,14,1044,22448,138055,8628,9861,28704,20.79
13111,Fannin County,Georgia,2014,9,72,1126,9,358,5760,23856,2650,2650,2726,11.43
13113,Fayette County,Georgia,2014,15,106,1653,17,1437,30236,109217,7281,6424,23880,21.86
13115,Floyd County,Georgia,2014,25,196,3042,19,501,9539,95890,3835,5046,20722,21.61
13117,Forsyth County,Georgia,2014,14,101,1519,36,2122,47955,202659,14475,5629,32789,16.18
13119,Franklin County,Georgia,2014,9,68,983,5,154,3227,22176,2464,4435,2855,12.87
13121,Fulton County,Georgia,2014,87,957,15088,204,9159,212140,992022,11402,4862,83572,8.42
13131,Grady County,Georgia,2014,6,45,699,5,99,1877,25214,4202,5042,3203,12.7
13135,Gwinnett County,Georgia,2014,67,653,9318,145,7277,162048,871394,13005,6009,88927,10.21
13137,Habersham County,Georgia,2014,15,98,1458,6,399,6490,43583,2905,7263,15048,34.53
13139,Hall County,Georgia,2014,22,164,2910,34,1540,33172,189239,8601,5565,24750,13.08
13151,Henry County,Georgia,2014,25,228,3331,26,1594,32079,213047,8521,8194,41030,19.26
13153,Houston County,Georgia,2014,21,184,2711,14,1076,20339,148701,7081,10621,36695,24.68
13157,Jackson County,Georgia,2014,13,83,1313,6,492,10033,62103,4777,10350,18103,29.15
13175,Laurens County,Georgia,2014,15,132,2000,9,478,7841,47599,3173,5288,14325,30.1
13177,Lee County,Georgia,2014,8,49,683,6,233,4868,29132,3641,4855,4633,15.9
13179,Liberty County,Georgia,2014,13,108,1748,6,211,3393,64107,4931,10684,18008,28.09
13187,Lumpkin County,Georgia,2014,6,41,518,3,87,1442,31147,5191,10382,12133,38.95
13199,Meriwether County,Georgia,2014,8,64,996,8,222,3373,21213,2651,2651,773,3.64
13215,Muscogee County,Georgia,2014,41,387,6510,39,1327,30786,200552,4891,5142,31560,15.74
13217,Newton County,Georgia,2014,16,130,1992,19,806,15827,103470,6466,5445,19807,19.14
13223,Paulding County,Georgia,2014,17,125,2089,15,976,20133,148538,8737,9902,29243,19.69
13225,Peach County,Georgia,2014,8,77,1155,4,121,2124,27024,3378,6756,6632,24.54
13229,Pierce County,Georgia,2014,7,53,842,4,87,1536,19008,2715,4752,1042,5.48
13233,Polk County,Georgia,2014,11,91,1241,8,287,5766,40866,3715,5108,9331,22.83
13237,Putnam County,Georgia,2014,6,24,535,4,135,2464,21154,3525,5288,757,3.58
13247,Rockdale County,Georgia,2014,15,129,1909,18,916,19310,87193,5812,4844,17446,20.01
13255,Spalding County,Georgia,2014,13,150,2200,11,395,6763,63694,4899,5790,16180,25.4
13257,Stephens County,Georgia,2014,4,41,531,4,171,3221,25424,6356,6356,8969,35.28
13261,Sumter County,Georgia,2014,11,99,1269,6,134,2566,31169,2833,5194,8322,26.7
13271,Telfair County,Georgia,2014,5,39,531,4,113,1124,16459,3291,4114,1585,9.63
13273,Terrell County,Georgia,2014,3,26,365,6,80,1345,9083,3027,1513,-5413,-59.59
13273,Crittenden County,Kentucky,2014,3,26,365,6,80,1345,9083,3027,1513,-5413,-59.59
13275,Thomas County,Georgia,2014,17,140,2127,7,300,6459,44759,2632,6394,13208,29.51
13297,Walton County,Georgia,2014,13,102,1483,9,489,9848,87521,6732,9724,22298,25.48
13313,Whitfield County,Georgia,2014,26,200,3007,22,563,10374,103137,3966,4688,22429,21.75
13317,Wilkes County,Georgia,2014,4,27,462,3,99,1867,9946,2486,3315,-3825,-38.46
15001,Hawaii County,Hawaii,2014,7,68,962,45,2183,57752,193736,27676,4305,41382,21.36
15007,Kauai County,Hawaii,2014,4,24,458,22,860,20294,70324,17581,3196,22853,32.5
15009,Maui County,Hawaii,2014,10,67,1298,41,1759,51768,163064,16306,3977,13086,8.03
16005,Bannock County,Idaho,2014,9,72,1043,10,462,9361,83534,9281,8353,21379,25.59
16027,Canyon County,Idaho,2014,16,200,3517,22,936,18768,202514,12657,9205,33545,16.56
16031,Cassia County,Idaho,2014,10,110,1293,6,257,4328,23518,2351,3919,8454,35.95
16031,Seward County,Kansas,2014,10,110,1293,6,257,4328,23518,2351,3919,8454,35.95
16083,Twin Falls County,Idaho,2014,11,111,2005,17,578,11878,80996,7363,4764,12058,14.89
17019,Champaign County,Illinois,2014,20,350,5066,35,1364,24931,207959,10397,5941,41653,20.03
17021,Christian County,Illinois,2014,5,41,708,7,221,3856,33810,6762,4830,7366,21.79
17031,Cook County,Illinois,2014,453,3639,58880,1493,44642,883628,5257481,11605,3521,362760,6.9
17043,DuPage County,Illinois,2014,50,469,7542,169,8272,162089,933820,18676,5525,92470,9.9
17049,Effingham County,Illinois,2014,7,137,1774,7,312,5480,34119,4874,4874,12287,36.01
17053,Ford County,Illinois,2014,5,72,1437,3,142,2300,13539,2707,4513,-2020,-14.92
17073,Henry County,Illinois,2014,8,130,2260,9,174,3405,49830,6228,5536,8732,17.52
17081,Jefferson County,Illinois,2014,7,70,1114,10,304,5741,38377,5482,3837,6076,15.83
17083,Jersey County,Illinois,2014,5,24,478,4,104,1503,22467,4493,5616,2871,12.78
17089,Kane County,Illinois,2014,33,431,6738,80,3124,60172,526028,15940,6575,62230,11.83
17091,Kankakee County,Illinois,2014,12,255,4257,24,705,12840,111907,9325,4662,20764,18.55
17097,Lake County,Illinois,2014,45,365,5638,114,6185,112467,704618,15658,6180,91033,12.92
17099,LaSalle County,Illinois,2014,16,314,4763,21,1060,19072,111669,6979,5317,29207,26.15
17103,Lee County,Illinois,2014,4,27,416,6,158,2714,34904,8726,5817,11519,33.0
17107,Logan County,Illinois,2014,7,63,1025,5,148,2617,29656,4236,5931,5566,18.77
17109,McDonough County,Illinois,2014,6,113,1516,6,351,6606,31792,5298,5298,11327,35.63
17111,McHenry County,Illinois,2014,19,315,4560,45,2173,32729,307414,16179,6831,63484,20.65
17113,McLean County,Illinois,2014,16,200,3337,28,988,18834,174121,10882,6218,28370,16.29
17115,Macon County,Illinois,2014,20,271,4458,16,545,11551,108520,5426,6782,21310,19.64
17119,Madison County,Illinois,2014,33,347,4946,41,1768,37103,266618,8079,6502,45534,17.08
17121,Marion County,Illinois,2014,8,49,791,4,146,2383,38558,4819,9639,11469,29.74
17141,Ogle County,Illinois,2014,6,41,501,8,272,4446,51949,8658,6493,15992,30.78
17143,Peoria County,Illinois,2014,27,279,5275,54,1619,32343,187531,6945,3472,18612,9.92
17145,Perry County,Illinois,2014,5,22,376,6,135,2777,21540,4308,3590,94,0.44
17163,St. Clair County,Illinois,2014,36,314,4998,35,1460,31995,265922,7386,7597,40079,15.07
17179,Tazewell County,Illinois,2014,20,240,4200,17,731,14526,135363,6768,7962,24162,17.85
17183,Vermilion County,Illinois,2014,20,325,5947,15,531,8652,79786,3989,5319,15269,19.14
17189,Washington County,Illinois,2014,4,50,1226,8,301,5420,14391,3597,1798,-5630,-39.12
17195,Whiteside County,Illinois,2014,9,131,2097,8,348,5616,57019,6335,7127,15709,27.55
17197,Will County,Illinois,2014,40,370,5662,102,4898,82756,685369,17134,6719,89352,13.04
17201,Winnebago County,Illinois,2014,40,560,9810,55,2056,47230,288775,7219,5250,33365,11.55
18003,Allen County,Indiana,2014,39,291,5621,50,1835,38178,365199,9364,7303,36652,10.04
18011,Boone County,Indiana,2014,4,38,553,6,294,4946,61625,15406,10270,31354,50.88
18023,Clinton County,Indiana,2014,5,76,1180,5,103,1833,32471,6494,6494,9390,28.92
18029,Dearborn County,Indiana,2014,9,59,860,7,250,5005,49420,5491,7060,11438,23.14
18033,DeKalb County,Indiana,2014,11,49,776,6,220,4708,42398,3854,7066,8603,20.29
18039,Elkhart County,Indiana,2014,23,171,2687,36,1444,26451,201476,8759,5596,32643,16.2
18041,Fayette County,Indiana,2014,4,23,432,3,161,3456,23444,5861,7814,7119,30.37
18045,Fountain County,Indiana,2014,5,49,696,4,208,2649,16690,3338,4172,2942,17.63
18053,Grant County,Indiana,2014,13,140,1888,7,233,4125,68336,5256,9762,21352,31.25
18063,Hendricks County,Indiana,2014,16,133,1915,9,671,13519,155812,9738,17312,40729,26.14
18065,Henry County,Indiana,2014,7,95,1348,8,213,4208,48889,6984,6111,12981,26.55
18077,Jefferson County,Indiana,2014,6,58,875,6,147,2920,32403,5400,5400,6505,20.08
18081,Johnson County,Indiana,2014,13,108,1538,13,519,10765,147103,11315,11315,32379,22.01
18085,Kosciusko County,Indiana,2014,13,104,1676,15,519,9395,78382,6029,5225,14653,18.69
18087,LaGrange County,Indiana,2014,7,70,1345,8,203,3866,38435,5490,4804,4660,12.12
18089,Lake County,Indiana,2014,71,634,10203,81,3724,71316,490973,6915,6061,80672,16.43
18091,LaPorte County,Indiana,2014,15,100,1556,19,577,10178,111737,7449,5880,19861,17.77
18095,Madison County,Indiana,2014,19,199,3138,20,844,15367,129744,6828,6487,26225,20.21
18097,Marion County,Indiana,2014,135,1330,21596,163,5883,125457,935449,6929,5738,125388,13.4
18105,Monroe County,Indiana,2014,9,132,2489,20,1257,24116,143410,15934,7170,34438,24.01
18107,Montgomery County,Indiana,2014,6,59,848,8,267,5266,38144,6357,4768,8557,22.43
18123,Perry County,Indiana,2014,3,23,325,4,88,1038,19332,6444,4833,5661,29.28
18133,Putnam County,Indiana,2014,7,46,712,4,176,3380,37673,5381,9418,11614,30.83
18137,Ripley County,Indiana,2014,6,40,671,8,173,2232,28341,4723,3542,3017,10.65
18163,Vanderburgh County,Indiana,2014,32,403,6240,40,1322,25200,181935,5685,4548,35726,19.64
18167,Vigo County,Indiana,2014,22,302,5037,17,744,15251,107960,4907,6350,22725,21.05
18175,Washington County,Indiana,2014,6,39,630,6,184,2559,27892,4648,4648,4679,16.78
19005,Allamakee County,Iowa,2014,3,47,779,7,167,2551,14058,4686,2008,-984,-7.0
19013,Black Hawk County,Iowa,2014,14,212,3304,24,1575,28689,133403,9528,5558,32763,24.56
19023,Butler County,Iowa,2014,4,24,296,4,59,879,14963,3740,3740,-251,-1.68
19045,Clinton County,Iowa,2014,10,174,3161,7,546,9564,47894,4789,6842,12302,25.69
19049,Dallas County,Iowa,2014,9,96,1858,11,1439,27467,77742,8638,7067,23439,30.15
19061,Dubuque County,Iowa,2014,11,232,3659,16,1502,26148,96483,8771,6030,32163,33.34
19065,Fayette County,Iowa,2014,6,74,1223,5,186,2805,20289,3381,4057,2066,10.18
19127,Marshall County,Iowa,2014,6,83,1683,9,427,8439,40735,6789,4526,6505,15.97
19141,O'Brien County,Iowa,2014,5,56,1027,7,275,4224,14043,2808,2006,-2672,-19.03
19153,Polk County,Iowa,2014,37,457,7870,76,6660,129747,460977,12458,6065,78967,17.13
19155,Pottawattamie County,Iowa,2014,8,94,1445,12,1121,20385,93274,11659,7772,31016,33.25
19187,Webster County,Iowa,2014,4,54,779,5,430,8090,37070,9267,7414,17620,47.53
19189,Winnebago County,Iowa,2014,4,60,1005,3,135,1938,10554,2638,3518,-1859,-17.61
19189,Lake County,Minnesota,2014,4,60,1005,3,135,1938,10554,2638,3518,-1859,-17.61
20005,Atchison County,Kansas,2014,3,27,468,3,78,868,16524,5508,5508,4003,24.23
20021,Cherokee County,Kansas,2014,5,42,637,4,65,1173,20766,4153,5191,2582,12.43
20045,Douglas County,Kansas,2014,9,110,1713,16,1421,27028,116448,12938,7278,34488,29.62
20057,Ford County,Kansas,2014,5,49,741,7,236,3613,34958,6991,4994,9659,27.63
20091,Johnson County,Kansas,2014,22,191,2966,76,6590,139845,573043,26047,7540,84073,14.67
20111,Lyon County,Kansas,2014,5,145,2752,9,243,3317,33154,6630,3683,5320,16.05
20121,Miami County,Kansas,2014,6,68,1084,3,192,4048,32868,5478,10956,12871,39.16
20131,Nemaha County,Kansas,2014,5,57,808,5,131,1552,10087,2017,2017,-2791,-27.67
20159,Rice County,Kansas,2014,4,60,1003,3,64,992,9968,2492,3322,-3300,-33.11
20173,Sedgwick County,Kansas,2014,64,509,7863,69,3893,74340,509072,7954,7377,83723,16.45
20177,Shawnee County,Kansas,2014,20,181,2697,28,1500,27387,178586,8929,6378,35668,19.97
20209,Wyandotte County,Kansas,2014,28,216,3647,27,838,17562,162320,5797,6011,24775,15.26
21013,Bell County,Kentucky,2014,11,95,1432,7,328,6036,27847,2531,3978,5877,21.1
21019,Boyd County,Kentucky,2014,13,130,2826,7,359,6770,48840,3756,6977,6232,12.76
21037,Campbell County,Kentucky,2014,12,96,1666,17,985,20629,91637,7636,5390,16831,18.37
21043,Carter County,Kentucky,2014,6,53,778,6,186,2583,27521,4586,4586,5501,19.99
21047,Christian County,Kentucky,2014,17,159,2460,13,286,5108,73379,4316,5644,15341,20.91
21051,Clay County,Kentucky,2014,6,38,583,6,148,1925,21094,3515,3515,1200,5.69
21067,Fayette County,Kentucky,2014,29,270,4029,60,2699,58530,311955,10757,5199,40643,13.03
21071,Floyd County,Kentucky,2014,14,86,1449,18,403,6118,38010,2715,2111,4118,10.83
21089,Greenup County,Kentucky,2014,10,60,812,7,160,2323,36280,3628,5182,7470,20.59
21095,Harlan County,Kentucky,2014,10,67,1114,9,293,5064,28018,2801,3113,2502,8.93
21099,Hart County,Kentucky,2014,8,63,902,5,114,1503,18511,2313,3702,1581,8.54
21111,Jefferson County,Kentucky,2014,104,969,16442,155,6373,142238,761973,7326,4915,86360,11.33
21115,Johnson County,Kentucky,2014,6,30,488,4,154,2731,23259,3876,5814,3644,15.67
21117,Kenton County,Kentucky,2014,16,135,2194,25,1264,26818,163210,10200,6528,27144,16.63
21121,Knox County,Kentucky,2014,8,43,784,10,269,4705,31558,3944,3155,1711,5.42
21127,Lawrence County,Kentucky,2014,5,29,428,3,131,1761,15892,3178,5297,1934,12.17
21147,McCreary County,Kentucky,2014,5,29,449,5,129,2048,17922,3584,3584,-29,-0.16
21159,Martin County,Kentucky,2014,5,29,443,3,83,1439,12514,2502,4171,-1653,-13.21
21159,Lawrence County,Mississippi,2014,5,29,443,3,83,1439,12514,2502,4171,-1653,-13.21
21173,Montgomery County,Kentucky,2014,8,64,1074,5,169,3919,27372,3421,5474,3255,11.89
21195,Pike County,Kentucky,2014,28,235,3831,21,855,13018,62944,2248,2997,22741,36.13
21225,Union County,Kentucky,2014,6,39,504,5,75,1163,15092,2515,3018,-1364,-9.04
22001,Acadia Parish,Louisiana,2014,15,99,1824,21,433,7470,62664,4177,2984,6132,9.79
22003,Allen Parish,Louisiana,2014,10,56,1035,5,144,2127,25729,2572,5145,2950,11.47
22005,Ascension Parish,Louisiana,2014,19,160,2474,22,992,18708,117287,6173,5331,23423,19.97
22009,Avoyelles Parish,Louisiana,2014,22,140,2310,10,192,3371,41089,1867,4108,11054,26.9
22015,Bossier Parish,Louisiana,2014,26,205,3172,16,833,16383,124875,4802,7804,29434,23.57
22017,Caddo Parish,Louisiana,2014,54,467,7718,27,1781,35102,252604,4677,9355,59038,23.37
22019,Calcasieu Parish,Louisiana,2014,54,387,6655,32,1402,25896,196562,3640,6142,47761,24.3
22033,East Baton Rouge Parish,Louisiana,2014,79,782,11640,120,4067,77985,444798,5630,3706,85748,19.28
22039,Evangeline Parish,Louisiana,2014,10,65,1133,16,164,2760,33756,3375,2109,-896,-2.65
22045,Iberia Parish,Louisiana,2014,20,173,2787,22,543,12200,73744,3687,3352,10972,14.88
22047,Iberville Parish,Louisiana,2014,7,56,741,8,194,3008,33135,4733,4141,6224,18.78
22051,Jefferson Parish,Louisiana,2014,71,648,11378,98,3623,76128,434131,6114,4429,57112,13.16
22053,Jefferson Davis Parish,Louisiana,2014,9,57,965,6,150,2925,31448,3494,5241,3996,12.71
22055,Lafayette Parish,Louisiana,2014,49,357,6054,57,2245,44875,235650,4809,4134,41747,17.72
22057,Lafourche Parish,Louisiana,2014,23,159,2646,14,921,17512,97906,4256,6993,24093,24.61
22063,Livingston Parish,Louisiana,2014,28,170,3085,14,842,13276,135517,4839,9679,31847,23.5
22067,Morehouse Parish,Louisiana,2014,7,57,789,3,139,3272,26655,3807,8885,8430,31.63
22069,Natchitoches Parish,Louisiana,2014,9,82,1018,8,268,4680,39117,4346,4889,9895,25.3
22071,Orleans Parish,Louisiana,2014,41,458,7741,148,2726,53320,383930,9364,2594,24839,6.47
22073,Ouachita Parish,Louisiana,2014,37,388,5464,20,1294,22583,156351,4225,7817,51700,33.07
22077,Pointe Coupee Parish,Louisiana,2014,5,21,509,9,198,3919,22309,4461,2478,-2313,-10.37
22087,St. Bernard Parish,Louisiana,2014,14,118,2084,12,266,4907,44441,3174,3703,5301,11.93
22091,St. Helena Parish,Louisiana,2014,5,26,390,4,47,717,10524,2104,2631,-4523,-42.98
22093,St. James Parish,Louisiana,2014,6,47,753,6,212,4536,21516,3586,3586,485,2.25
22095,St. John the Baptist Parish,Louisiana,2014,10,88,1455,10,226,4825,43723,4372,4372,5463,12.49
22097,St. Landry Parish,Louisiana,2014,30,221,3446,31,669,12718,83674,2789,2699,18872,22.55
22099,St. Martin Parish,Louisiana,2014,14,94,1633,14,393,7803,53299,3807,3807,6771,12.7
22101,St. Mary Parish,Louisiana,2014,14,88,1593,13,433,7719,53283,3805,4098,7858,14.75
22103,St. Tammany Parish,Louisiana,2014,45,312,5487,42,1943,39662,245232,5449,5838,40310,16.44
22105,Tangipahoa Parish,Louisiana,2014,39,323,4986,20,818,16209,127022,3256,6351,36969,29.1
22109,Terrebonne Parish,Louisiana,2014,29,192,3618,18,1046,18822,113470,3912,6303,25135,22.15
22111,Union Parish,Louisiana,2014,6,39,606,4,131,3839,22561,3760,5640,1932,8.56
22113,Vermilion Parish,Louisiana,2014,14,80,1576,16,347,6481,59545,4253,3721,5328,8.95
22117,Washington Parish,Louisiana,2014,17,153,2583,13,293,5521,46324,2724,3563,7755,16.74
22119,Webster Parish,Louisiana,2014,15,102,1631,6,183,3230,40282,2685,6713,10589,26.29
23005,Cumberland County,Maine,2014,35,417,7094,68,4283,100772,288137,8232,4237,34421,11.95
23009,Hancock County,Maine,2014,10,152,3170,31,741,17772,54502,5450,1758,-4498,-8.25
23013,Knox County,Maine,2014,7,127,1918,15,531,11415,39894,5699,2659,6626,16.61
23015,Lincoln County,Maine,2014,5,47,855,10,422,10481,34048,6809,3404,3705,10.88
23017,Oxford County,Maine,2014,8,95,1544,15,346,8532,57271,7158,3818,7464,13.03
23019,Penobscot County,Maine,2014,24,305,5140,27,1621,36271,153224,6384,5674,26144,17.06
23021,Piscataquis County,Maine,2014,7,56,1191,7,223,4893,17033,2433,2433,-4970,-29.18
23023,Sagadahoc County,Maine,2014,4,76,1271,8,329,7387,35075,8768,4384,9972,28.43
23025,Somerset County,Maine,2014,8,65,1053,10,356,6876,51241,6405,5124,9989,19.49
23027,Waldo County,Maine,2014,8,77,1587,10,359,8448,39036,4879,3903,1399,3.58
24003,Anne Arundel County,Maryland,2014,40,527,7670,96,5192,127490,559691,13992,5830,54812,9.79
24005,Baltimore County,Maryland,2014,77,1099,16086,149,8314,193191,825006,10714,5536,100212,12.15
24013,Carroll County,Maryland,2014,11,128,2113,25,1776,36943,167317,15210,6692,36666,21.91
24015,Cecil County,Maryland,2014,13,114,1791,18,658,12702,102201,7861,5677,19032,18.62
24017,Charles County,Maryland,2014,13,161,2173,21,1069,28166,154373,11874,7351,27884,18.06
24021,Frederick County,Maryland,2014,18,150,2111,38,2552,56667,243417,13523,6405,39932,16.4
24023,Garrett County,Maryland,2014,6,47,805,6,153,3092,29649,4941,4941,3933,13.27
24025,Harford County,Maryland,2014,17,198,2873,36,2693,56402,249330,14666,6925,47617,19.1
24027,Howard County,Maryland,2014,10,104,1506,45,3054,74940,306998,30699,6822,59679,19.44
24031,Montgomery County,Maryland,2014,40,414,5804,202,10867,295519,1025617,25640,5077,32504,3.17
24033,Prince George's County,Maryland,2014,82,1214,17666,160,6428,161037,899223,10966,5620,87796,9.76
24035,Queen Anne's County,Maryland,2014,7,54,899,5,495,8144,48793,6970,9758,18352,37.61
24510,Baltimore city,Maryland,2014,73,702,12041,304,4954,110044,623165,8536,2049,11318,1.82
25001,Barnstable County,Massachusetts,2014,21,316,8230,75,3777,99196,214299,10204,2857,-14870,-6.94
25003,Berkshire County,Massachusetts,2014,23,203,2787,34,2201,54881,128845,5601,3789,21441,16.64
25011,Franklin County,Massachusetts,2014,7,95,1623,20,673,14959,71295,10185,3564,12838,18.01
25015,Hampshire County,Massachusetts,2014,11,105,1605,37,2266,53803,160924,14629,4349,27116,16.85
25023,Plymouth County,Massachusetts,2014,40,479,8891,85,6851,156293,506565,12664,5959,52292,10.32
25025,Suffolk County,Massachusetts,2014,52,447,7896,217,7696,177271,773839,14881,3566,34177,4.42
26005,Allegan County,Michigan,2014,20,160,2438,16,652,11000,113357,5667,7084,25399,22.41
26007,Alpena County,Michigan,2014,6,46,749,9,283,5667,28887,4814,3209,2423,8.39
26009,Antrim County,Michigan,2014,7,30,372,5,171,3951,23146,3306,4629,2123,9.17
26011,Arenac County,Michigan,2014,4,48,964,4,60,1024,15316,3829,3829,-2154,-14.06
26017,Bay County,Michigan,2014,21,235,3628,23,622,12994,106066,5050,4611,19478,18.36
26021,Berrien County,Michigan,2014,36,344,5602,36,1183,22113,155989,4333,4333,32360,20.75
26025,Calhoun County,Michigan,2014,27,219,3193,23,431,9322,134812,4993,5861,25126,18.64
26027,Cass County,Michigan,2014,7,64,1154,9,156,3195,51566,7366,5729,9202,17.85
26029,Charlevoix County,Michigan,2014,6,50,921,8,149,4019,26216,4369,3277,-991,-3.78
26031,Cheboygan County,Michigan,2014,6,31,427,6,170,3425,25636,4272,4272,2814,10.98
26033,Chippewa County,Michigan,2014,5,54,715,13,273,5201,38242,7648,2941,7794,20.38
26035,Clare County,Michigan,2014,10,79,1328,11,230,4885,30728,3072,2793,724,2.36
26037,Clinton County,Michigan,2014,5,28,422,7,157,3051,76965,15393,10995,30299,39.37
26045,Eaton County,Michigan,2014,14,120,1960,11,291,6348,108650,7760,9877,21593,19.87
26049,Genesee County,Michigan,2014,72,514,8159,84,2377,47561,412868,5734,4915,63135,15.29
26051,Gladwin County,Michigan,2014,8,89,1466,3,81,1542,25498,3187,8499,6942,27.23
26053,Gogebic County,Michigan,2014,4,22,372,3,107,1953,15755,3938,5251,1130,7.17
26055,Grand Traverse County,Michigan,2014,11,89,1255,24,837,16885,90853,8259,3785,16115,17.74
26057,Gratiot County,Michigan,2014,7,63,842,7,124,1734,41462,5923,5923,10282,24.8
26063,Huron County,Michigan,2014,6,37,562,7,228,3287,32038,5339,4576,6465,20.18
26065,Ingham County,Michigan,2014,41,287,5354,51,1237,22821,285654,6967,5601,32418,11.35
26067,Ionia County,Michigan,2014,10,79,1071,9,315,5191,64231,6423,7136,16603,25.85
26075,Jackson County,Michigan,2014,27,204,3414,19,772,13490,159437,5905,8391,31119,19.52
26077,Kalamazoo County,Michigan,2014,30,279,4548,44,1291,22810,258962,8632,5885,36640,14.15
26079,Kalkaska County,Michigan,2014,6,47,955,6,235,4447,17365,2894,2894,-2699,-15.54
26081,Kent County,Michigan,2014,91,693,10490,98,2792,57346,631451,6939,6443,88278,13.98
26087,Lapeer County,Michigan,2014,13,111,1498,10,389,7884,88199,6784,8819,21845,24.77
26093,Livingston County,Michigan,2014,11,81,1313,18,790,16884,185532,16866,10307,38337,20.66
26099,Macomb County,Michigan,2014,93,786,11613,134,5014,106098,862959,9279,6439,101432,11.75
26101,Manistee County,Michigan,2014,8,82,1335,11,209,4341,24409,3051,2219,-1057,-4.33
26103,Marquette County,Michigan,2014,10,93,1576,15,470,8760,67773,6777,4518,11478,16.94
26105,Mason County,Michigan,2014,6,37,589,4,98,1736,28732,4788,7183,6566,22.85
26107,Mecosta County,Michigan,2014,5,52,751,6,95,1734,43197,8639,7199,13903,32.19
26115,Monroe County,Michigan,2014,15,114,1894,25,735,13774,149852,9990,5994,23399,15.61
26117,Montcalm County,Michigan,2014,17,95,1544,10,309,4833,62804,3694,6280,14111,22.47
26121,Muskegon County,Michigan,2014,32,264,4224,22,461,8691,172266,5383,7830,31663,18.38
26123,Newaygo County,Michigan,2014,9,77,1466,8,252,4416,47785,5309,5973,7880,16.49
26125,Oakland County,Michigan,2014,133,961,15683,235,8918,204260,1242993,9345,5289,104519,8.41
26127,Oceana County,Michigan,2014,6,48,1012,6,170,3286,26352,4392,4392,853,3.24
26133,Osceola County,Michigan,2014,8,61,875,5,115,2451,23212,2901,4642,2689,11.58
26137,Otsego County,Michigan,2014,5,82,1225,6,117,2435,24103,4820,4017,3660,15.18
26139,Ottawa County,Michigan,2014,18,134,2127,38,959,19464,277890,15438,7312,36077,12.98
26143,Roscommon County,Michigan,2014,7,44,659,5,94,1697,24021,3431,4804,2450,10.2
26145,Saginaw County,Michigan,2014,36,257,3944,40,1118,19657,195254,5423,4881,35292,18.07
26147,St. Clair County,Michigan,2014,23,157,2425,27,799,15472,160085,6960,5929,25384,15.86
26149,St. Joseph County,Michigan,2014,13,72,1517,12,243,4307,61009,4693,5084,6425,10.53
26155,Shiawassee County,Michigan,2014,18,95,1378,10,353,6694,68799,3822,6879,16574,24.09
26159,Van Buren County,Michigan,2014,17,110,1765,18,442,7650,75236,4425,4179,12604,16.75
26161,Washtenaw County,Michigan,2014,22,210,3306,63,2924,65613,360035,16365,5714,41666,11.57
26163,Wayne County,Michigan,2014,264,2073,32552,439,9610,194994,1771931,6711,4036,206440,11.65
26165,Wexford County,Michigan,2014,8,67,1015,7,107,3017,32855,4106,4693,3566,10.85
27015,Brown County,Minnesota,2014,4,26,385,6,452,8041,25271,6317,4211,7820,30.94
27017,Carlton County,Minnesota,2014,3,35,425,4,211,3932,35367,11789,8841,21866,61.83
27021,Cass County,Minnesota,2014,4,22,257,10,237,4479,28552,7138,2855,5291,18.53
27035,Crow Wing County,Minnesota,2014,16,257,5240,15,540,12302,63099,3943,4206,2652,4.2
27049,Goodhue County,Minnesota,2014,8,39,428,13,351,5874,46021,5752,3540,8503,18.48
27057,Hubbard County,Minnesota,2014,8,78,2133,4,196,4207,20633,2579,5158,-5259,-25.49
27115,Pine County,Minnesota,2014,5,21,385,5,175,2704,29081,5816,5816,6509,22.38
27119,Polk County,Minnesota,2014,6,61,887,7,302,6000,31492,5248,4498,6525,20.72
27135,Roseau County,Minnesota,2014,6,76,1176,6,218,2620,15678,2613,2613,622,3.97
27137,St. Louis County,Minnesota,2014,22,313,7621,36,1684,35742,200647,9120,5573,8768,4.37
27145,Stearns County,Minnesota,2014,15,337,5625,33,1549,26065,153972,10264,4665,33393,21.69
27153,Todd County,Minnesota,2014,5,38,512,7,189,2978,24357,4871,3479,3516,14.44
27165,Watonwan County,Minnesota,2014,4,51,1082,3,118,1666,10985,2746,3661,-3865,-35.18
27171,Wright County,Minnesota,2014,9,71,996,12,957,17955,129801,14422,10816,38621,29.75
28011,Bolivar County,Mississippi,2014,12,99,1321,8,203,3766,33822,2818,4227,7775,22.99
28021,Claiborne County,Mississippi,2014,3,22,338,3,79,1712,9168,3056,3056,-3825,-41.72
28023,Clarke County,Mississippi,2014,9,57,934,4,91,1579,16279,1808,4069,16,0.1
28029,Copiah County,Mississippi,2014,10,100,1456,3,34,459,28980,2898,9660,10818,37.33
28035,Forrest County,Mississippi,2014,28,352,4692,14,389,6720,75895,2710,5421,33223,43.77
28045,Hancock County,Mississippi,2014,12,84,1343,3,230,3407,45973,3831,15324,20643,44.9
28047,Harrison County,Mississippi,2014,58,460,7888,21,772,14941,198344,3419,9444,51588,26.01
28049,Hinds County,Mississippi,2014,62,611,8709,35,1926,34692,245278,3956,7007,78582,32.04
28059,Jackson County,Mississippi,2014,40,335,4956,19,713,12485,141439,3535,7444,42812,30.27
28061,Jasper County,Mississippi,2014,7,54,781,3,79,1043,16531,2361,5510,2349,14.21
28067,Jones County,Mississippi,2014,25,248,3924,9,366,6418,68405,2736,7600,23856,34.87
28073,Lamar County,Mississippi,2014,14,116,1632,7,293,4518,60089,4292,8584,18604,30.96
28075,Lauderdale County,Mississippi,2014,23,199,3273,12,430,6939,79266,3446,6605,20890,26.35
28081,Lee County,Mississippi,2014,28,267,3836,17,489,9515,84761,3027,4985,26207,30.92
28085,Lincoln County,Mississippi,2014,13,107,1774,4,185,3776,34739,2672,8684,10538,30.33
28087,Lowndes County,Mississippi,2014,20,189,2692,10,322,5405,59813,2990,5981,19722,32.97
28091,Marion County,Mississippi,2014,7,80,1107,5,141,2345,25682,3668,5136,5785,22.53
28101,Newton County,Mississippi,2014,8,60,1008,4,102,1797,21714,2714,5428,2308,10.63
28101,Jefferson County,Oregon,2014,8,60,1008,4,102,1797,21714,2714,5428,2308,10.63
28101,Lincoln County,West Virginia,2014,8,60,1008,4,102,1797,21714,2714,5428,2308,10.63
28109,Pearl River County,Mississippi,2014,19,169,2579,10,309,5870,55134,2901,5513,15190,27.55
28113,Pike County,Mississippi,2014,15,120,1770,7,226,4442,39957,2663,5708,10942,27.38
28117,Prentiss County,Mississippi,2014,10,83,1146,7,176,2640,25408,2540,3629,4645,18.28
28121,Rankin County,Mississippi,2014,32,281,4062,12,853,17855,148425,4638,12368,43054,29.01
28141,Tishomingo County,Mississippi,2014,9,55,765,8,150,2299,19427,2158,2428,75,0.39
28143,Tunica County,Mississippi,2014,6,44,626,4,61,949,10495,1749,2623,-3462,-32.99
28149,Warren County,Mississippi,2014,11,129,1655,5,276,5370,47944,4358,9588,18538,38.67
28151,Washington County,Mississippi,2014,18,161,2207,11,395,7477,49012,2722,4455,15464,31.55
28153,Wayne County,Mississippi,2014,7,64,1052,4,164,2663,20453,2921,5113,2692,13.16
28161,Yalobusha County,Mississippi,2014,6,41,677,3,73,1189,12308,2051,4102,-1983,-16.11
29019,Boone County,Missouri,2014,11,114,1498,32,1960,34257,172795,15708,5399,45386,26.27
29031,Cape Girardeau County,Missouri,2014,13,104,1452,10,458,8246,77906,5992,7790,19992,25.66
29037,Cass County,Missouri,2014,11,168,2794,10,867,15660,100833,9166,10083,29170,28.93
29047,Clay County,Missouri,2014,21,192,2641,31,2438,48629,233045,11097,7517,47535,20.4
29071,Franklin County,Missouri,2014,18,135,1826,21,484,9955,101946,5663,4854,18149,17.8
29077,Greene County,Missouri,2014,28,236,3470,41,2346,47159,285240,10187,6957,46789,16.4
29079,Grundy County,Missouri,2014,3,47,845,4,173,2928,10182,3394,2545,-3042,-29.88
29095,Jackson County,Missouri,2014,84,1031,19377,110,5820,117872,683033,8131,6209,78744,11.53
29099,Jefferson County,Missouri,2014,21,166,2335,20,972,20925,221986,10570,11099,39575,17.83
29113,Lincoln County,Missouri,2014,8,39,637,6,163,3648,54200,6775,9033,13173,24.3
29127,Marion County,Missouri,2014,9,79,1357,6,273,4494,28765,3196,4794,4807,16.71
29133,Mississippi County,Missouri,2014,4,32,440,5,114,1837,14158,3539,2831,-1277,-9.02
29159,Pettis County,Missouri,2014,7,67,941,6,213,4564,42198,6028,7033,11210,26.57
29165,Platte County,Missouri,2014,7,41,594,10,1210,22812,94856,13550,9485,35146,37.05
29169,Pulaski County,Missouri,2014,8,52,851,5,198,3200,53532,6691,10706,16556,30.93
29175,Randolph County,Missouri,2014,5,31,495,3,85,1629,25045,5009,8348,7264,29.0
29183,St. Charles County,Missouri,2014,25,323,6184,46,2534,58217,379858,15194,8257,38359,10.1
29185,St. Clair County,Missouri,2014,4,23,382,3,62,1054,9433,2358,3144,-4378,-46.41
29189,St. Louis County,Missouri,2014,98,1052,14760,178,9863,227977,1000588,10210,5621,119318,11.92
29213,Taney County,Missouri,2014,11,89,2161,10,438,8433,53826,4893,5382,4229,7.86
30013,Cascade County,Montana,2014,5,78,976,12,710,13671,82058,16411,6838,34423,41.95
30029,Flathead County,Montana,2014,6,55,888,16,976,22593,94577,15762,5911,27178,28.74
30031,Gallatin County,Montana,2014,5,47,675,19,1309,26354,97508,19501,5132,38119,39.09
30081,Ravalli County,Montana,2014,3,2,63,12,506,9294,40743,13581,3395,18292,44.9
30093,Silver Bow County,Montana,2014,3,33,423,7,266,5623,34758,11586,4965,16268,46.8
31001,Adams County,Nebraska,2014,4,39,518,5,306,5460,31396,7849,6279,12805,40.79
31013,Box Butte County,Nebraska,2014,4,50,950,4,124,2335,11299,2824,2824,-4296,-38.02
31017,Brown County,Nebraska,2014,4,52,906,3,59,753,2974,743,991,-9472,-318.49
31019,Buffalo County,Nebraska,2014,5,36,576,10,273,4135,48205,9641,4820,13804,28.64
31039,Cuming County,Nebraska,2014,5,60,1153,3,79,1459,9018,1803,3006,-5619,-62.31
31041,Custer County,Nebraska,2014,3,48,901,6,123,1915,10773,3591,1795,-4606,-42.76
31047,Dawson County,Nebraska,2014,6,63,973,4,100,1812,23998,3999,5999,4616,19.23
31053,Dodge County,Nebraska,2014,5,46,680,7,448,7358,36616,7323,5230,12592,34.39
31055,Douglas County,Nebraska,2014,34,267,4728,89,6789,122271,543098,15973,6102,88102,16.22
31067,Gage County,Nebraska,2014,5,43,917,5,99,1390,21555,4311,4311,98,0.45
31089,Holt County,Nebraska,2014,6,96,1638,7,132,1675,10361,1726,1480,-4786,-46.19
31109,Lancaster County,Nebraska,2014,16,148,2059,50,3727,61759,302644,18915,6052,72368,23.91
31111,Lincoln County,Nebraska,2014,7,84,1430,10,212,3997,35652,5093,3565,3752,10.52
31119,Madison County,Nebraska,2014,7,71,1156,8,522,9048,35100,5014,4387,8588,24.47
31141,Platte County,Nebraska,2014,5,67,939,6,444,7815,32752,6550,5458,12109,36.97
31185,York County,Nebraska,2014,3,31,493,3,102,1704,13918,4639,4639,1643,11.8
32003,Clark County,Nevada,2014,116,1623,28455,230,15152,374082,2054263,17709,8931,105618,5.14
32005,Douglas County,Nevada,2014,6,53,796,5,228,7253,47382,7897,9476,13581,28.66
32031,Washoe County,Nevada,2014,34,383,6786,60,2993,83399,436493,12838,7274,27716,6.35
32510,Carson City,Nevada,2014,4,37,740,9,420,12180,54096,13524,6010,16852,31.15
33003,Carroll County,New Hampshire,2014,11,85,1470,16,588,14952,47429,4311,2964,2141,4.51
33007,Coos County,New Hampshire,2014,9,82,1287,10,284,5008,32783,3642,3278,4027,12.28
33009,Grafton County,New Hampshire,2014,17,101,1720,28,1473,32448,89926,5289,3211,12663,14.08
33017,Strafford County,New Hampshire,2014,9,76,1308,22,1657,32487,126523,14058,5751,32553,25.73
34001,Atlantic County,New Jersey,2014,35,345,4654,87,2324,51402,272656,7790,3133,33936,12.45
34003,Bergen County,New Jersey,2014,73,604,10077,257,11662,310063,923757,12654,3594,16204,1.75
34005,Burlington County,New Jersey,2014,42,335,4684,71,4605,102284,448224,10672,6313,61430,13.71
34007,Camden County,New Jersey,2014,53,430,6886,156,4172,93175,508554,9595,3259,35544,6.99
34011,Cumberland County,New Jersey,2014,22,188,2955,37,1005,22816,156086,7094,4218,19057,12.21
34013,Essex County,New Jersey,2014,84,699,13480,382,6346,155173,788975,9392,2065,-20036,-2.54
34015,Gloucester County,New Jersey,2014,35,332,4518,41,2362,50526,290530,8300,7086,52126,17.94
34017,Hudson County,New Jersey,2014,87,528,8322,269,3534,92254,660502,7591,2455,14373,2.18
34021,Mercer County,New Jersey,2014,39,348,4871,130,4095,97392,369017,9461,2838,29062,7.88
34023,Middlesex County,New Jersey,2014,69,634,9171,222,6311,140475,824349,11947,3713,59286,7.19
34025,Monmouth County,New Jersey,2014,48,491,7576,162,7530,180280,625647,13034,3862,44910,7.18
34027,Morris County,New Jersey,2014,24,241,3554,105,5895,144061,494982,20624,4714,44238,8.94
34029,Ocean County,New Jersey,2014,47,538,7951,104,6038,133610,584449,12435,5619,70876,12.13
34031,Passaic County,New Jersey,2014,54,551,8340,245,4708,102876,504758,9347,2060,22612,4.48
34033,Salem County,New Jersey,2014,9,54,969,14,488,10288,64328,7147,4594,9759,15.17
34035,Somerset County,New Jersey,2014,13,125,1704,74,3909,95764,329342,25334,4450,45168,13.71
34037,Sussex County,New Jersey,2014,11,80,1192,31,2144,40938,144578,13143,4663,35217,24.36
34039,Union County,New Jersey,2014,51,540,9351,163,4632,109692,548282,10750,3363,26390,4.81
34041,Warren County,New Jersey,2014,7,64,1041,28,1550,35188,106994,15284,3821,24738,23.12
35001,Bernalillo County,New Mexico,2014,60,591,9778,75,5133,120397,676229,11270,9016,70968,10.49
35007,Colfax County,New Mexico,2014,3,18,287,3,104,2002,12718,4239,4239,-92,-0.72
35009,Curry County,New Mexico,2014,9,81,1355,4,226,4097,51115,5679,12778,17765,34.75
35031,McKinley County,New Mexico,2014,14,132,2600,12,521,11648,72807,5200,6067,9527,13.09
35035,Otero County,New Mexico,2014,9,58,890,7,200,3995,65362,7262,9337,16482,25.22
35039,Rio Arriba County,New Mexico,2014,7,61,1207,4,111,2279,39739,5677,9934,10088,25.39
35043,Sandoval County,New Mexico,2014,9,89,1425,13,659,12415,137039,15226,10541,36291,26.48
35045,San Juan County,New Mexico,2014,24,201,3544,9,687,13430,129094,5378,14343,32416,25.11
35049,Santa Fe County,New Mexico,2014,13,122,2457,28,1905,46587,147819,11370,5279,18102,12.25
35055,Taos County,New Mexico,2014,8,37,656,7,348,7900,32971,4121,4710,3518,10.67
35061,Valencia County,New Mexico,2014,13,67,1403,8,349,6977,75915,5839,9489,14579,19.2
36005,Bronx County,New York,2014,222,1422,23642,1255,7396,135934,1431538,6448,1140,-75035,-5.24
36009,Cattaraugus County,New York,2014,13,103,1580,20,617,10250,78685,6052,3934,14568,18.51
36011,Cayuga County,New York,2014,9,80,1173,11,681,12256,78768,8752,7160,22030,27.97
36013,Chautauqua County,New York,2014,25,195,3216,30,1095,19999,131750,5270,4391,23858,18.11
36015,Chemung County,New York,2014,16,142,2145,15,830,15702,87179,5448,5811,20577,23.6
36017,Chenango County,New York,2014,12,86,1303,11,326,5294,49326,4110,4484,9628,19.52
36019,Clinton County,New York,2014,16,110,1802,20,637,12359,81460,5091,4073,12734,15.63
36021,Columbia County,New York,2014,17,111,1947,22,757,17579,61938,3643,2815,5715,9.23
36023,Cortland County,New York,2014,8,69,1034,7,440,7418,48743,6092,6963,14557,29.86
36027,Dutchess County,New York,2014,31,266,4157,94,3482,79993,295146,9520,3139,26505,8.98
36029,Erie County,New York,2014,130,1176,19223,303,11641,198820,921794,7090,3042,159889,17.35
36033,Franklin County,New York,2014,10,54,949,13,279,5795,51102,5110,3930,5104,9.99
36037,Genesee County,New York,2014,9,56,984,10,320,6060,58740,6526,5874,10748,18.3
36039,Greene County,New York,2014,11,69,1048,13,477,8810,47962,4360,3689,8065,16.82
36043,Herkimer County,New York,2014,8,69,1189,13,356,6891,63384,7923,4875,11399,17.98
36045,Jefferson County,New York,2014,24,161,3140,31,840,16276,118005,4916,3806,13424,11.38
36047,Kings County,New York,2014,480,2578,45806,2429,16419,334141,2602680,5422,1071,-149716,-5.75
36051,Livingston County,New York,2014,13,98,1546,15,712,11983,64586,4968,4305,14414,22.32
36053,Madison County,New York,2014,12,105,1768,12,570,9653,72204,6017,6017,15888,22.0
36055,Monroe County,New York,2014,69,780,11345,191,11379,199274,747425,10832,3913,148063,19.81
36059,Nassau County,New York,2014,105,833,11668,558,14252,345139,1355029,12905,2428,18978,1.4
36061,New York County,New York,2014,170,1384,26877,1342,19939,497516,1630946,9593,1215,-191042,-11.71
36063,Niagara County,New York,2014,32,306,4518,32,1999,33879,213322,6666,6666,51027,23.92
36065,Oneida County,New York,2014,38,448,5862,65,1799,34645,232626,6121,3578,47961,20.62
36067,Onondaga County,New York,2014,55,535,7784,121,6689,112680,467342,8497,3862,102532,21.94
36069,Ontario County,New York,2014,17,146,2475,19,1390,24874,109334,6431,5754,25847,23.64
36075,Oswego County,New York,2014,18,144,2110,23,772,15259,120588,6699,5242,21478,17.81
36081,Queens County,New York,2014,364,1933,36871,1573,13476,286761,2300148,6319,1462,-69218,-3.01
36083,Rensselaer County,New York,2014,16,127,2137,39,1612,34430,159661,9978,4093,21518,13.48
36085,Richmond County,New York,2014,39,322,5003,233,3988,86525,472075,12104,2026,8638,1.83
36087,Rockland County,New York,2014,20,174,2972,106,2592,70697,321176,16058,3029,8373,2.61
36091,Saratoga County,New York,2014,24,220,3527,26,1950,39743,224518,9354,8635,41214,18.36
36099,Seneca County,New York,2014,5,45,543,7,189,3813,34887,6977,4983,9273,26.58
36101,Steuben County,New York,2014,15,121,1836,27,1052,18700,98173,6544,3636,18927,19.28
36103,Suffolk County,New York,2014,113,1010,15220,511,15179,374583,1495757,13236,2927,31759,2.12
36105,Sullivan County,New York,2014,14,106,1482,28,743,14275,75647,5403,2701,11450,15.14
36109,Tompkins County,New York,2014,9,72,1197,20,1270,25421,103385,11487,5169,24317,23.52
36111,Ulster County,New York,2014,22,171,3143,49,2098,44789,180419,8200,3682,20582,11.41
36113,Warren County,New York,2014,8,78,1561,28,899,21176,64870,8108,2316,3733,5.75
36117,Wayne County,New York,2014,19,139,2157,14,644,11941,91806,4831,6557,20852,22.71
36119,Westchester County,New York,2014,67,550,8749,481,11939,277139,967407,14438,2011,-2672,-0.28
36121,Wyoming County,New York,2014,6,62,1414,8,361,6548,41129,6854,5141,6581,16.0
37001,Alamance County,North Carolina,2014,34,280,4308,30,1041,18039,155425,4571,5180,35031,22.54
37003,Alexander County,North Carolina,2014,8,55,771,4,161,2188,36992,4624,9248,12458,33.68
37013,Beaufort County,North Carolina,2014,13,109,1555,10,407,7483,47328,3640,4732,11514,24.33
37017,Bladen County,North Carolina,2014,9,61,886,7,203,3222,34386,3820,4912,6558,19.07
37019,Brunswick County,North Carolina,2014,23,180,2785,20,1045,20322,118308,5143,5915,25945,21.93
37021,Buncombe County,North Carolina,2014,31,300,4863,56,4837,108523,249122,8036,4448,42265,16.97
37023,Burke County,North Carolina,2014,22,182,2456,19,667,10690,89289,4058,4699,24755,27.72
37025,Cabarrus County,North Carolina,2014,26,217,3485,32,1300,23694,191490,7365,5984,32945,17.2
37027,Caldwell County,North Carolina,2014,19,139,2109,12,553,8269,81665,4298,6805,22213,27.2
37031,Carteret County,North Carolina,2014,16,132,2009,13,744,13340,68634,4289,5279,17873,26.04
37035,Catawba County,North Carolina,2014,31,269,4006,31,1214,19614,155139,5004,5004,37093,23.91
37037,Chatham County,North Carolina,2014,10,65,1006,13,515,8729,66665,6666,5128,14154,21.23
37039,Cherokee County,North Carolina,2014,12,88,1165,4,237,3823,27075,2256,6768,10706,39.54
37047,Columbus County,North Carolina,2014,19,152,2365,16,457,7642,56878,2993,3554,13164,23.14
37049,Craven County,North Carolina,2014,23,197,2544,14,669,11029,104078,4525,7434,31939,30.69
37051,Cumberland County,North Carolina,2014,53,568,8758,48,1960,32941,332383,6271,6924,67721,20.37
37061,Duplin County,North Carolina,2014,17,112,1966,12,401,7032,59442,3496,4953,11148,18.75
37063,Durham County,North Carolina,2014,35,416,6262,47,2369,45693,295199,8434,6280,53178,18.01
37065,Edgecombe County,North Carolina,2014,14,147,2036,12,322,5027,54875,3919,4572,14269,26.0
37067,Forsyth County,North Carolina,2014,54,582,8338,76,2970,53327,364537,6750,4796,72864,19.99
37069,Franklin County,North Carolina,2014,12,81,1206,7,316,5817,62689,5224,8955,16646,26.55
37071,Gaston County,North Carolina,2014,42,339,5476,32,1456,25630,210573,5013,6580,45916,21.81
37081,Guilford County,North Carolina,2014,71,719,10269,109,3923,69964,512275,7215,4699,92618,18.08
37083,Halifax County,North Carolina,2014,18,174,2370,17,353,5817,52839,2935,3108,14151,26.78
37091,Hertford County,North Carolina,2014,10,89,1544,8,258,3994,24582,2458,3072,1926,7.84
37093,Hoke County,North Carolina,2014,9,72,1034,6,167,2635,51588,5732,8598,14432,27.98
37097,Iredell County,North Carolina,2014,28,249,4021,28,1258,22027,166514,5946,5946,33696,20.24
37101,Johnston County,North Carolina,2014,26,253,4829,33,1396,23489,180758,6952,5477,27987,15.48
37105,Lee County,North Carolina,2014,15,136,2040,12,513,7654,59430,3962,4952,16201,27.26
37107,Lenoir County,North Carolina,2014,17,153,2305,15,572,10772,58261,3427,3884,13734,23.57
37109,Lincoln County,North Carolina,2014,15,111,1856,14,519,9821,79418,5294,5672,14579,18.36
37111,McDowell County,North Carolina,2014,13,100,1478,8,330,5495,45018,3462,5627,11702,25.99
37123,Montgomery County,North Carolina,2014,7,28,466,5,143,2133,27291,3898,5458,4022,14.74
37125,Moore County,North Carolina,2014,17,135,1928,20,971,16487,92825,5460,4641,22708,24.46
37127,Nash County,North Carolina,2014,30,236,3635,22,732,12528,94216,3140,4282,26216,27.83
37129,New Hanover County,North Carolina,2014,30,324,4946,45,2343,43125,215996,7199,4799,44354,20.53
37135,Orange County,North Carolina,2014,7,56,667,20,1407,29209,140333,20047,7016,43751,31.18
37137,Pamlico County,North Carolina,2014,4,50,433,4,127,1958,12874,3218,3218,1997,15.51
37141,Pender County,North Carolina,2014,12,71,1196,10,556,9319,55908,4659,5590,12771,22.84
37145,Person County,North Carolina,2014,8,83,1172,5,229,3695,39122,4890,7824,12640,32.31
37147,Pitt County,North Carolina,2014,41,375,5452,26,1303,22219,174998,4268,6730,50821,29.04
37151,Randolph County,North Carolina,2014,25,194,3018,20,599,10498,142510,5700,7125,27838,19.53
37153,Richmond County,North Carolina,2014,14,112,1743,12,288,4392,45778,3269,3814,8790,19.2
37155,Robeson County,North Carolina,2014,34,320,4707,29,841,12903,134945,3968,4653,36309,26.91
37157,Rockingham County,North Carolina,2014,24,168,2467,20,495,7687,91800,3825,4590,21438,23.35
37159,Rowan County,North Carolina,2014,27,236,3785,19,804,14578,138142,5116,7270,30137,21.82
37161,Rutherford County,North Carolina,2014,19,174,2666,13,459,8467,66567,3503,5120,16698,25.08
37163,Sampson County,North Carolina,2014,15,157,3498,11,387,6767,63820,4254,5801,5728,8.98
37165,Scotland County,North Carolina,2014,12,105,1390,7,201,3007,35665,2972,5095,10291,28.85
37167,Stanly County,North Carolina,2014,16,114,1588,15,476,8232,60619,3788,4041,13792,22.75
37171,Surry County,North Carolina,2014,22,222,3099,17,562,9292,72492,3295,4264,22702,31.32
37173,Swain County,North Carolina,2014,6,45,607,3,164,2726,14240,2373,4746,1515,10.64
37179,Union County,North Carolina,2014,24,196,3156,34,1395,25578,217738,9072,6404,34850,16.01
37183,Wake County,North Carolina,2014,90,931,14272,185,9629,180049,997789,11086,5393,138721,13.9
37189,Watauga County,North Carolina,2014,11,165,2407,11,584,9053,52397,4763,4763,16732,31.93
37191,Wayne County,North Carolina,2014,26,229,3404,25,790,13808,124631,4793,4985,27489,22.06
37193,Wilkes County,North Carolina,2014,13,105,1601,13,405,5914,68432,5264,5264,14937,21.83
37195,Wilson County,North Carolina,2014,24,241,3100,19,537,8580,81006,3375,4263,27066,33.41
37197,Yadkin County,North Carolina,2014,11,82,1144,8,218,3663,37850,3440,4731,8032,21.22
38101,Ward County,North Dakota,2014,4,66,1377,9,529,9243,68865,17216,7651,30809,44.74
39001,Adams County,Ohio,2014,11,62,1060,4,88,1539,28085,2553,7021,5682,20.23
39003,Allen County,Ohio,2014,23,171,2640,14,514,8562,104846,4558,7489,25188,24.02
39005,Ashland County,Ohio,2014,8,51,789,13,368,5805,53158,6644,4089,10095,18.99
39007,Ashtabula County,Ohio,2014,25,174,2683,15,501,10092,99017,3960,6601,22639,22.86
39009,Athens County,Ohio,2014,12,91,1600,11,451,9878,64778,5398,5888,10551,16.29
39015,Brown County,Ohio,2014,12,85,1303,8,381,7994,43933,3661,5491,9155,20.84
39017,Butler County,Ohio,2014,42,415,5833,43,2437,56134,373776,8899,8692,58184,15.57
39021,Champaign County,Ohio,2014,7,33,552,10,205,3602,39074,5582,3907,4765,12.19
39023,Clark County,Ohio,2014,25,184,2982,19,786,17295,136316,5452,7174,24583,18.03
39025,Clermont County,Ohio,2014,24,169,2687,26,1570,33627,201450,8393,7748,33406,16.58
39027,Clinton County,Ohio,2014,11,83,1438,8,341,7923,41787,3798,5223,5820,13.93
39029,Columbiana County,Ohio,2014,21,165,2491,16,570,9976,105619,5029,6601,23585,22.33
39031,Coshocton County,Ohio,2014,7,85,1416,8,242,4381,36529,5218,4566,6252,17.12
39033,Crawford County,Ohio,2014,8,58,855,7,202,3864,42406,5300,6058,8992,21.2
39035,Cuyahoga County,Ohio,2014,180,1628,24890,294,9448,193737,1263283,7018,4296,172192,13.63
39037,Darke County,Ohio,2014,10,60,1003,11,389,7087,52182,5218,4743,8847,16.95
39043,Erie County,Ohio,2014,11,87,1529,11,330,7040,75814,6892,6892,13306,17.55
39047,Fayette County,Ohio,2014,4,30,482,7,218,4102,28647,7161,4092,6531,22.8
39049,Franklin County,Ohio,2014,131,1811,29331,265,10041,222759,1238527,9454,4673,123807,10.0
39051,Fulton County,Ohio,2014,8,71,1164,7,296,5003,42403,5300,6057,9754,23.0
39057,Greene County,Ohio,2014,17,201,2790,16,1116,23216,164686,9687,10292,38195,23.19
39059,Guernsey County,Ohio,2014,9,68,1138,12,248,4116,39689,4409,3307,4009,10.1
39063,Hancock County,Ohio,2014,8,69,1057,11,466,8384,75275,9409,6843,19536,25.95
39067,Harrison County,Ohio,2014,5,28,521,4,56,593,15516,3103,3879,-1759,-11.34
39069,Henry County,Ohio,2014,4,25,380,4,120,1877,27591,6897,6897,9278,33.63
39071,Highland County,Ohio,2014,12,86,1401,8,257,5333,43086,3590,5385,7503,17.41
39075,Holmes County,Ohio,2014,7,36,476,12,396,6525,43787,6255,3648,8733,19.94
39077,Huron County,Ohio,2014,12,77,1184,10,340,4912,58610,4884,5861,13165,22.46
39079,Jackson County,Ohio,2014,9,69,1309,9,261,4964,32770,3641,3641,1734,5.29
39085,Lake County,Ohio,2014,28,241,3957,38,2016,41253,229873,8209,6049,36161,15.73
39089,Licking County,Ohio,2014,22,186,3090,20,1203,26444,169423,7701,8471,29219,17.25
39093,Lorain County,Ohio,2014,49,445,6506,53,1989,39212,304461,6213,5744,56432,18.54
39097,Madison County,Ohio,2014,6,39,718,5,163,3260,43982,7330,8796,12397,28.19
39099,Mahoning County,Ohio,2014,47,348,6126,42,1827,33245,233389,4965,5556,44108,18.9
39107,Mercer County,Ohio,2014,7,57,824,7,244,3644,40730,5818,5818,10469,25.7
39109,Miami County,Ohio,2014,18,149,2149,10,505,10864,103843,5769,10384,25878,24.92
39113,Montgomery County,Ohio,2014,86,768,12344,84,3742,85703,532469,6191,6338,79448,14.92
39119,Muskingum County,Ohio,2014,18,142,2214,16,523,10540,85900,4772,5368,16342,19.02
39121,Noble County,Ohio,2014,3,22,386,4,38,393,14532,4844,3633,-158,-1.09
39123,Ottawa County,Ohio,2014,7,36,588,9,342,7234,40904,5843,4544,6428,15.71
39133,Portage County,Ohio,2014,21,184,2573,17,846,18178,162459,7736,9556,33335,20.52
39141,Ross County,Ohio,2014,15,118,2008,13,431,8681,77093,5139,5930,13344,17.31
39145,Scioto County,Ohio,2014,20,143,2767,12,475,10240,77321,3866,6443,12435,16.08
39147,Seneca County,Ohio,2014,8,151,1743,11,346,7198,55802,6975,5072,18199,32.61
39151,Stark County,Ohio,2014,58,498,8131,62,2792,57268,375565,6475,6057,59703,15.9
39153,Summit County,Ohio,2014,67,643,9849,85,5418,103026,542462,8096,6381,97841,18.04
39155,Trumbull County,Ohio,2014,45,359,6116,45,1477,27563,204982,4555,4555,38052,18.56
39157,Tuscarawas County,Ohio,2014,22,238,4023,18,795,13102,92668,4212,5148,21959,23.7
39159,Union County,Ohio,2014,6,49,840,5,178,3948,53723,8953,10744,17860,33.24
39165,Warren County,Ohio,2014,15,135,2618,30,1740,39194,221306,14753,7376,31641,14.3
39167,Washington County,Ohio,2014,13,95,1812,13,493,10088,61152,4704,4704,7910,12.93
39173,Wood County,Ohio,2014,20,173,2516,17,675,13570,129336,6466,7608,26749,20.68
40019,Carter County,Oklahoma,2014,19,160,2822,9,218,4287,48581,2556,5397,10104,20.8
40031,Comanche County,Oklahoma,2014,19,164,2827,12,291,4930,124823,6569,10401,24279,19.45
40051,Grady County,Oklahoma,2014,8,69,1200,8,134,2477,53898,6737,6737,10540,19.56
40101,Muskogee County,Oklahoma,2014,20,173,2324,13,302,5775,69743,3487,5364,19063,27.33
40109,Oklahoma County,Oklahoma,2014,113,945,15511,181,5152,135452,767316,6790,4239,63017,8.21
40111,Okmulgee County,Oklahoma,2014,8,58,996,8,138,2479,39097,4887,4887,5117,13.09
40123,Pontotoc County,Oklahoma,2014,8,57,942,7,82,1279,38308,4788,5472,5779,15.09
40133,Seminole County,Oklahoma,2014,6,39,624,5,106,1856,25361,4226,5072,3176,12.52
40137,Stephens County,Oklahoma,2014,12,74,1220,8,163,3091,44593,3716,5574,7297,16.36
40143,Tulsa County,Oklahoma,2014,87,785,12774,83,4856,97613,631441,7257,7607,101005,16.0
41001,Baker County,Oregon,2014,3,36,647,5,207,4068,16012,5337,3202,980,6.12
41009,Columbia County,Oregon,2014,4,18,290,8,231,4646,49499,12374,6187,18341,37.05
41017,Deschutes County,Oregon,2014,11,172,2001,36,1489,35894,169506,15409,4708,33722,19.89
41019,Douglas County,Oregon,2014,5,80,1095,26,715,17388,106702,21340,4103,33499,31.39
41029,Jackson County,Oregon,2014,14,232,3036,36,1782,45859,209226,14944,5811,34787,16.63
41035,Klamath County,Oregon,2014,5,99,1014,18,423,11052,65277,13055,3626,20896,32.01
41039,Lane County,Oregon,2014,18,258,4020,63,3124,72944,358076,19893,5683,45106,12.6
41047,Marion County,Oregon,2014,14,211,3271,40,1881,46106,324578,23184,8114,49352,15.2
41067,Washington County,Oregon,2014,20,270,3802,92,5021,127403,562539,28126,6114,56565,10.06
42001,Adams County,Pennsylvania,2014,11,65,1057,10,711,11861,101350,9213,10135,27541,27.17
42003,Allegheny County,Pennsylvania,2014,161,1392,21162,225,13374,278996,1233073,7658,5480,193412,15.69
42007,Beaver County,Pennsylvania,2014,29,247,3862,29,1226,19888,168998,5827,5827,36236,21.44
42011,Berks County,Pennsylvania,2014,42,380,5308,73,3579,64069,414593,9871,5679,70984,17.12
42013,Blair County,Pennsylvania,2014,28,289,4102,18,1204,24351,125276,4474,6959,36514,29.15
42015,Bradford County,Pennsylvania,2014,12,77,1130,14,434,7665,61955,5162,4425,11492,18.55
42017,Bucks County,Pennsylvania,2014,52,528,6604,104,8084,159427,625334,12025,6012,114282,18.28
42021,Cambria County,Pennsylvania,2014,38,288,4547,28,1047,19510,137520,3618,4911,34396,25.01
42025,Carbon County,Pennsylvania,2014,15,108,2047,10,438,8098,64270,4284,6427,11700,18.2
42029,Chester County,Pennsylvania,2014,36,351,5345,75,6216,121140,512852,14245,6838,84647,16.51
42031,Clarion County,Pennsylvania,2014,9,91,1261,9,202,4380,38917,4324,4324,6836,17.57
42033,Clearfield County,Pennsylvania,2014,19,152,2458,17,563,10401,81020,4264,4765,15917,19.65
42037,Columbia County,Pennsylvania,2014,12,103,1501,10,776,12290,67127,5593,6712,21265,31.68
42041,Cumberland County,Pennsylvania,2014,24,207,2962,38,3423,60782,243301,10137,6402,59027,24.26
42043,Dauphin County,Pennsylvania,2014,33,309,5003,58,2948,54209,272241,8249,4693,47514,17.45
42045,Delaware County,Pennsylvania,2014,55,527,7078,128,5284,108572,562748,10231,4396,75879,13.48
42049,Erie County,Pennsylvania,2014,45,374,5538,40,2507,46183,279437,6209,6985,61987,22.18
42051,Fayette County,Pennsylvania,2014,28,248,4573,33,1040,17925,133989,4785,4060,21241,15.85
42059,Greene County,Pennsylvania,2014,9,61,1048,9,432,9324,37756,4195,4195,4682,12.4
42063,Indiana County,Pennsylvania,2014,12,112,1684,9,604,9258,87423,7285,9713,26142,29.9
42067,Juniata County,Pennsylvania,2014,5,22,410,5,230,3456,24486,4897,4897,4425,18.07
42069,Lackawanna County,Pennsylvania,2014,38,281,4015,49,2858,50369,212858,5601,4344,53880,25.31
42071,Lancaster County,Pennsylvania,2014,53,673,10840,110,7410,122635,533320,10062,4848,112778,21.15
42075,Lebanon County,Pennsylvania,2014,12,128,1970,30,1547,26115,136524,11377,4550,32247,23.62
42077,Lehigh County,Pennsylvania,2014,31,325,4955,82,4766,87755,357693,11538,4362,64415,18.01
42079,Luzerne County,Pennsylvania,2014,50,428,6696,61,3576,57576,319152,6383,5232,74889,23.46
42085,Mercer County,Pennsylvania,2014,23,210,3128,15,734,13504,114680,4986,7645,28975,25.27
42089,Monroe County,Pennsylvania,2014,22,195,3145,20,1943,34973,167313,7605,8365,41362,24.72
42091,Montgomery County,Pennsylvania,2014,57,629,8610,141,11309,230491,815880,14313,5786,127347,15.61
42101,Philadelphia County,Pennsylvania,2014,214,1638,23502,635,11850,249609,1565604,7315,2465,130131,8.31
42107,Schuylkill County,Pennsylvania,2014,22,167,2942,30,1282,21119,145391,6608,4846,26403,18.16
42109,Snyder County,Pennsylvania,2014,10,125,1594,11,473,8547,40232,4023,3657,11585,28.8
42111,Somerset County,Pennsylvania,2014,23,117,1811,16,379,5984,76151,3310,4759,16914,22.21
42115,Susquehanna County,Pennsylvania,2014,9,55,962,8,246,4495,42090,4676,5261,6567,15.6
42117,Tioga County,Pennsylvania,2014,10,93,1442,10,280,4455,41896,4189,4189,7684,18.34
42123,Warren County,Pennsylvania,2014,9,39,691,8,256,4152,40655,4517,5081,6481,15.94
42125,Washington County,Pennsylvania,2014,24,184,2955,30,1612,29837,207946,8664,6931,37054,17.82
42127,Wayne County,Pennsylvania,2014,9,59,837,13,547,9978,52045,5782,4003,10620,20.41
42129,Westmoreland County,Pennsylvania,2014,57,459,7722,51,2453,51424,358975,6297,7038,56404,15.71
44001,Bristol County,Rhode Island,2014,5,62,1184,8,421,9144,49073,9814,6134,13801,28.12
44003,Kent County,Rhode Island,2014,22,279,5250,21,1608,39489,164503,7477,7833,21662,13.17
44005,Newport County,Rhode Island,2014,8,95,1481,18,745,19148,83350,10418,4630,14722,17.66
44007,Providence County,Rhode Island,2014,63,689,12390,147,5426,122599,632737,10043,4304,45382,7.17
44009,Washington County,Rhode Island,2014,15,174,4135,29,1587,36700,126354,8423,4357,7373,5.84
45001,Abbeville County,South Carolina,2014,5,42,587,5,140,2210,24775,4955,4955,5122,20.67
45003,Aiken County,South Carolina,2014,37,300,5109,29,1307,26088,164213,4438,5662,33098,20.16
45007,Anderson County,South Carolina,2014,44,341,5314,32,1498,29468,191807,4359,5993,44679,23.29
45009,Bamberg County,South Carolina,2014,8,63,923,4,90,1714,15156,1894,3789,48,0.32
45013,Beaufort County,South Carolina,2014,24,241,3758,31,1734,39116,175042,7293,5646,28954,16.54
45015,Berkeley County,South Carolina,2014,26,228,3596,22,1097,21302,198232,7624,9010,36876,18.6
45019,Charleston County,South Carolina,2014,62,532,8521,102,4620,93132,379814,6126,3723,64771,17.05
45025,Chesterfield County,South Carolina,2014,14,114,1561,12,316,5082,46161,3297,3846,10912,23.64
45027,Clarendon County,South Carolina,2014,12,62,1066,6,326,3884,34181,2848,5696,9229,27.0
45031,Darlington County,South Carolina,2014,23,183,2943,13,491,7802,67654,2941,5204,19327,28.57
45033,Dillon County,South Carolina,2014,10,93,1293,8,197,3228,31298,3129,3912,6146,19.64
45035,Dorchester County,South Carolina,2014,20,199,2922,17,1344,25192,148791,7439,8752,36916,24.81
45041,Florence County,South Carolina,2014,35,340,5132,37,1095,18626,138791,3965,3751,34670,24.98
45043,Georgetown County,South Carolina,2014,15,102,1570,16,654,13379,60850,4056,3803,10878,17.88
45045,Greenville County,South Carolina,2014,93,731,11316,81,4080,87953,481436,5176,5943,93353,19.39
45051,Horry County,South Carolina,2014,82,671,10636,54,2680,57244,297708,3630,5513,77485,26.03
45053,Jasper County,South Carolina,2014,6,51,691,5,261,5155,26675,4445,5335,6140,23.02
45057,Lancaster County,South Carolina,2014,14,129,1733,19,587,11617,83446,5960,4391,16630,19.93
45063,Lexington County,South Carolina,2014,51,383,6020,42,2069,40881,277446,5440,6605,54882,19.78
45067,Marion County,South Carolina,2014,12,98,1292,12,192,3023,31955,2662,2662,5376,16.82
45069,Marlboro County,South Carolina,2014,9,60,920,8,186,3429,28018,3113,3502,2331,8.32
45071,Newberry County,South Carolina,2014,9,57,807,4,144,2486,37669,4185,9417,11785,31.29
45073,Oconee County,South Carolina,2014,18,137,2113,17,611,11115,75211,4178,4424,15829,21.05
45077,Pickens County,South Carolina,2014,24,183,2492,16,1138,21687,120542,5022,7533,33450,27.75
45079,Richland County,South Carolina,2014,61,577,8634,54,3006,60893,400361,6563,7414,76386,19.08
45085,Sumter County,South Carolina,2014,27,227,3564,19,958,15297,107653,3987,5665,30217,28.07
45089,Williamsburg County,South Carolina,2014,10,90,1309,7,243,4167,32746,3274,4678,7132,21.78
45091,York County,South Carolina,2014,39,287,4576,35,1704,32220,244503,6269,6985,45300,18.53
46099,Minnehaha County,South Dakota,2014,20,191,3455,25,2683,47649,180832,9041,7233,44052,24.36
47001,Anderson County,Tennessee,2014,12,111,1785,13,657,11371,75139,6261,5779,17340,23.08
47003,Itasca County,Minnesota,2014,9,80,1306,6,170,3766,46288,5143,7714,10192,22.02
47003,Bedford County,Tennessee,2014,9,80,1306,6,170,3766,46288,5143,7714,10192,22.02
47005,Benton County,Tennessee,2014,5,28,442,4,45,683,16173,3234,4043,-1009,-6.24
47009,Blount County,Tennessee,2014,19,136,2438,16,748,14072,125839,6623,7864,22864,18.17
47013,Campbell County,Tennessee,2014,10,78,1205,9,263,3836,39891,3989,4432,7611,19.08
47023,Chester County,Tennessee,2014,4,38,526,6,104,1495,17112,4278,2852,244,1.43
47031,Coffee County,Tennessee,2014,13,99,1570,10,289,5288,53522,4117,5352,10312,19.27
47035,Cumberland County,Tennessee,2014,15,119,1834,9,405,7993,57851,3856,6427,14056,24.3
47037,Davidson County,Tennessee,2014,96,910,14484,137,5397,129195,670180,6981,4891,78716,11.75
47041,DeKalb County,Tennessee,2014,4,26,378,4,69,1126,19251,4812,4812,2580,13.4
47045,Dyer County,Tennessee,2014,11,93,1379,7,256,4475,37811,3437,5401,8876,23.47
47047,Fayette County,Tennessee,2014,7,41,662,4,185,3804,39040,5577,9760,11792,30.2
47051,Franklin County,Tennessee,2014,9,61,881,7,194,3427,41272,4585,5896,8669,21.0
47053,Gibson County,Tennessee,2014,15,97,1389,16,345,5231,49375,3291,3085,9239,18.71
47077,Henderson County,Tennessee,2014,10,73,1023,4,119,1951,27990,2799,6997,7936,28.35
47079,Henry County,Tennessee,2014,9,109,1007,4,121,2106,32239,3582,8059,15760,48.88
47093,Knox County,Tennessee,2014,52,518,8162,72,4474,89236,447892,8613,6220,73227,16.35
47107,McMinn County,Tennessee,2014,15,103,1587,7,277,4719,52555,3503,7507,14363,27.33
47115,Marion County,Tennessee,2014,9,60,964,4,130,2031,28358,3150,7089,6546,23.08
47117,Marshall County,Tennessee,2014,8,68,977,5,132,2629,31242,3905,6248,6821,21.83
47119,Maury County,Tennessee,2014,23,172,2254,15,696,15344,85370,3711,5691,23201,27.18
47123,Monroe County,Tennessee,2014,11,75,1054,10,422,7479,45392,4126,4539,10027,22.09
47125,Montgomery County,Tennessee,2014,33,321,5027,17,768,16867,188964,5726,11115,40042,21.19
47141,Putnam County,Tennessee,2014,16,151,2290,17,445,8485,74946,4684,4408,14116,18.83
47151,Scott County,Tennessee,2014,6,44,547,3,60,804,21988,3664,7329,6169,28.06
47155,Sevier County,Tennessee,2014,26,211,3764,23,1197,22705,94512,3635,4109,20711,21.91
47157,Shelby County,Tennessee,2014,174,1692,25751,164,6782,144240,938576,5394,5723,180555,19.24
47163,Sullivan County,Tennessee,2014,29,214,3823,20,1360,22193,156504,5396,7825,35985,22.99
47167,Tipton County,Tennessee,2014,13,90,1310,8,374,7117,61594,4738,7699,15754,25.58
47177,Warren County,Tennessee,2014,14,135,1983,6,194,4012,39991,2856,6665,11888,29.73
47179,Washington County,Tennessee,2014,20,145,2422,18,1265,21813,125753,6287,6986,29416,23.39
47187,Williamson County,Tennessee,2014,14,133,1809,30,2213,49145,205258,14661,6841,39906,19.44
48001,Anderson County,Texas,2014,12,69,1227,5,204,4300,57849,4820,11569,15308,26.46
48027,Bell County,Texas,2014,60,373,6584,30,1689,36402,330208,5503,11006,57177,17.32
48037,Bowie County,Texas,2014,26,153,2741,15,638,10930,93502,3596,6233,21204,22.68
48039,Brazoria County,Texas,2014,37,288,4891,29,2088,51330,337698,9126,11644,44283,13.11
48041,Brazos County,Texas,2014,20,169,2589,18,1785,34915,209030,10451,11612,45765,21.89
48061,Cameron County,Texas,2014,67,485,7410,36,2613,56169,419467,6260,11651,79476,18.95
48083,Coleman County,Texas,2014,4,32,405,3,99,1764,8417,2104,2805,-3658,-43.46
48085,Collin County,Texas,2014,49,545,8175,103,7932,180354,885827,18078,8600,90516,10.22
48113,Dallas County,Texas,2014,281,2611,48884,387,20432,454220,2520434,8969,6512,215393,8.55
48121,Denton County,Texas,2014,50,478,7276,66,4258,92636,753429,15068,11415,83496,11.08
48135,Ector County,Texas,2014,23,178,4166,20,1430,30844,154674,6724,7733,18039,11.66
48139,Ellis County,Texas,2014,21,145,2284,16,769,14711,159259,7583,9953,31246,19.62
48141,El Paso County,Texas,2014,145,1294,19737,114,4785,93349,834992,5758,7324,158789,19.02
48157,Fort Bend County,Texas,2014,44,350,6347,86,5227,111998,684345,15553,7957,65008,9.5
48167,Galveston County,Texas,2014,42,335,5197,48,2340,51727,313426,7462,6529,46129,14.72
48181,Grayson County,Texas,2014,28,232,3695,16,701,12341,123615,4414,7725,30379,24.58
48183,Gregg County,Texas,2014,33,245,4047,15,925,19038,123174,3732,8211,32030,26.0
48199,Hardin County,Texas,2014,11,63,1082,6,275,5907,55508,5046,9251,13014,23.45
48201,Harris County,Texas,2014,412,3799,67532,771,36225,772075,4458709,10822,5783,356067,7.99
48203,Harrison County,Texas,2014,16,118,1730,10,345,7544,66610,4163,6661,15025,22.56
48215,Hidalgo County,Texas,2014,141,1023,15907,68,5423,113024,830824,5892,12218,160345,19.3
48221,Hood County,Texas,2014,9,61,983,7,477,10830,53820,5980,7688,12571,23.36
48245,Jefferson County,Texas,2014,47,305,5784,42,1985,40012,252915,5381,6021,38887,15.38
48249,Jim Wells County,Texas,2014,8,58,885,9,316,6882,41503,5187,4611,6577,15.85
48257,Kaufman County,Texas,2014,15,105,1715,12,789,13629,110913,7394,9242,26642,24.02
48279,Lamb County,Texas,2014,5,40,673,6,132,2336,13484,2696,2247,-3816,-28.3
48291,Liberty County,Texas,2014,16,83,1756,10,413,8308,78056,4878,7805,12662,16.22
48321,Matagorda County,Texas,2014,8,57,905,5,275,6294,36501,4562,7300,8216,22.51
48337,Montague County,Texas,2014,5,28,389,4,91,1469,19368,3873,4842,2001,10.33
48339,Montgomery County,Texas,2014,45,369,6328,53,4420,92537,517328,11496,9760,69240,13.38
48341,Moore County,Texas,2014,5,39,787,5,147,2536,22006,4401,4401,1028,4.67
48349,Navarro County,Texas,2014,18,138,2290,6,269,5799,47947,2663,7991,13946,29.09
48361,Orange County,Texas,2014,21,145,2379,11,552,10389,83249,3964,7568,20561,24.7
48363,Palo Pinto County,Texas,2014,5,26,407,6,83,1371,28034,5606,4672,4155,14.82
48365,Panola County,Texas,2014,5,18,310,3,151,2760,23749,4749,7916,6483,27.3
48365,Wyoming County,West Virginia,2014,5,18,310,3,151,2760,23749,4749,7916,6483,27.3
48373,Polk County,Texas,2014,11,68,1144,5,290,5910,45830,4166,9166,12104,26.41
48395,Robertson County,Texas,2014,6,35,618,4,103,1763,16468,2744,4117,-1071,-6.5
48399,Runnels County,Texas,2014,4,24,442,3,82,1433,10297,2574,3432,-3872,-37.6
48401,Rusk County,Texas,2014,10,57,1032,7,310,6009,53238,5323,7605,11172,20.99
48439,Tarrant County,Texas,2014,200,1766,28566,238,14712,302503,1946639,9733,8179,235189,12.08
48451,Tom Green County,Texas,2014,15,124,2224,14,658,15545,116327,7755,8309,19000,16.33
48453,Travis County,Texas,2014,76,620,11628,148,12150,291587,1152758,15167,7788,77112,6.69
48479,Webb County,Texas,2014,34,281,4392,29,2188,45962,267732,7874,9232,48410,18.08
48481,Wharton County,Texas,2014,8,41,753,7,496,10413,41124,5140,5874,7990,19.43
48485,Wichita County,Texas,2014,23,178,3031,21,1152,18625,132649,5767,6316,29370,22.14
48495,Winkler County,Texas,2014,3,26,603,4,68,2129,7826,2608,1956,-8526,-108.94
48497,Wise County,Texas,2014,10,71,1044,9,149,1475,61705,6170,6856,13974,22.65
49003,Box Elder County,Utah,2014,6,55,713,5,385,7617,51303,8550,10260,20623,40.2
49013,Duchesne County,Utah,2014,5,52,886,5,276,5353,20206,4041,4041,1868,9.24
49027,Millard County,Utah,2014,4,40,528,5,170,2238,12544,3136,2508,-767,-6.11
49035,Salt Lake County,Utah,2014,59,684,12684,147,8097,192751,1090257,18478,7416,60710,5.57
49049,Utah County,Utah,2014,22,212,3002,43,2804,58736,560751,25488,13040,79261,14.13
49053,Washington County,Utah,2014,12,132,1971,19,1111,23772,151109,12592,7953,32228,21.33
49057,Weber County,Utah,2014,17,252,5491,34,1800,39357,240212,14130,7065,25499,10.62
50003,Bennington County,Vermont,2014,10,78,1210,14,507,11370,36173,3617,2583,2697,7.46
50005,Caledonia County,Vermont,2014,7,47,854,9,392,6558,30868,4409,3429,3892,12.61
50011,Franklin County,Vermont,2014,8,49,883,17,669,13438,48749,6093,2867,6025,12.36
50015,Lamoille County,Vermont,2014,5,40,1107,9,406,8083,25130,5026,2792,-1664,-6.62
50017,Orange County,Vermont,2014,9,36,605,7,244,4839,28878,3208,4125,2441,8.45
50019,Orleans County,Vermont,2014,10,87,1607,13,396,7514,27021,2702,2078,-601,-2.22
50021,Rutland County,Vermont,2014,14,111,1736,19,755,16005,60031,4287,3159,9203,15.33
50023,Washington County,Vermont,2014,9,79,1587,26,1028,22221,58960,6551,2267,4258,7.22
50025,Windham County,Vermont,2014,9,58,1053,22,717,16253,43663,4851,1984,551,1.26
50027,Windsor County,Vermont,2014,8,119,2468,25,558,11793,55730,6966,2229,938,1.68
51001,Accomack County,Virginia,2014,10,78,1272,11,206,3600,32970,3297,2997,2354,7.14
51013,Arlington County,Virginia,2014,10,62,1449,45,1835,51695,226043,22604,5023,25605,11.33
51015,Augusta County,Virginia,2014,13,88,1303,11,251,4301,73880,5683,6716,15091,20.43
51041,Chesterfield County,Virginia,2014,31,356,4814,42,2945,55941,332148,10714,7908,65984,19.87
51047,Culpeper County,Virginia,2014,7,57,969,10,365,6763,49248,7035,4924,10054,20.42
51059,Fairfax County,Virginia,2014,43,405,5949,189,8483,245074,1136573,26431,6013,24128,2.12
51061,Fauquier County,Virginia,2014,7,35,543,12,535,12678,68132,9733,5677,14550,21.36
51083,Halifax County,Virginia,2014,8,71,1004,10,186,2984,35190,4398,3519,5103,14.5
51087,Henrico County,Virginia,2014,35,523,7015,63,3559,70655,321924,9197,5109,67323,20.91
51103,Lancaster County,Virginia,2014,4,22,381,3,102,2504,10862,2715,3620,-3714,-34.19
51105,Lee County,Virginia,2014,8,41,640,6,165,2351,24716,3089,4119,2541,10.28
51107,Loudoun County,Virginia,2014,20,218,3044,59,3505,83602,362290,18114,6140,46456,12.82
51121,Montgomery County,Virginia,2014,8,94,1213,11,740,12730,97117,12139,8828,32754,33.73
51153,Prince William County,Virginia,2014,20,217,3133,63,3453,82573,443926,22196,7046,53121,11.97
51155,Pulaski County,Virginia,2014,8,74,1194,6,336,5767,34342,4292,5723,8211,23.91
51165,Rockingham County,Virginia,2014,11,71,1093,12,329,5543,77885,7080,6490,15768,20.25
51171,Shenandoah County,Virginia,2014,11,90,1090,11,223,3978,42731,3884,3884,8901,20.83
51191,Washington County,Virginia,2014,13,114,1745,15,602,9012,54604,4200,3640,13063,23.92
51195,Wise County,Virginia,2014,14,91,1534,10,713,9946,39908,2850,3990,12997,32.57
51197,Wythe County,Virginia,2014,7,49,719,6,203,2832,29044,4149,4840,5749,19.79
51199,York County,Virginia,2014,8,113,1427,8,529,9194,66573,8321,8321,24457,36.74
51510,Alexandria city,Virginia,2014,8,50,668,38,1671,44308,151431,18928,3985,25511,16.85
51590,Danville city,Virginia,2014,21,195,3061,15,467,8073,42267,2012,2817,12975,30.7
51640,Galax city,Virginia,2014,6,87,1238,4,195,3077,6904,1150,1726,-2480,-35.92
51640,Lexington city,Virginia,2014,6,87,1238,4,195,3077,6904,1150,1726,-2480,-35.92
51660,Harrisonburg city,Virginia,2014,12,104,1796,17,695,12532,52558,4379,3091,8435,16.05
51680,Lynchburg city,Virginia,2014,14,157,2490,16,761,13831,78155,5582,4884,17456,22.34
51690,Martinsville city,Virginia,2014,5,65,776,4,171,3338,13317,2663,3329,981,7.37
51700,Newport News city,Virginia,2014,23,257,3584,32,1195,22799,181576,7894,5674,35101,19.33
51710,Norfolk city,Virginia,2014,35,375,5430,43,1656,28323,246587,7045,5734,49760,20.18
51730,Petersburg city,Virginia,2014,8,84,1377,14,210,3990,32236,4029,2302,514,1.59
51740,Portsmouth city,Virginia,2014,19,207,2998,12,609,10604,95826,5043,7985,27279,28.47
51760,Richmond city,Virginia,2014,35,325,5198,60,1923,35957,217003,6200,3616,34843,16.06
51770,Roanoke city,Virginia,2014,26,214,3489,25,949,17192,99443,3824,3977,22212,22.34
51790,Staunton city,Virginia,2014,4,32,567,7,415,7618,24287,6071,3469,5096,20.98
51800,Suffolk city,Virginia,2014,9,93,1425,14,635,10433,86892,9654,6206,22540,25.94
51810,Virginia Beach city,Virginia,2014,45,518,7102,76,4023,74024,448913,9975,5906,81639,18.19
51820,Dakota County,Nebraska,2014,7,71,974,7,405,8345,21312,3044,3044,2753,12.92
51820,Waynesboro city,Virginia,2014,7,71,974,7,405,8345,21312,3044,3044,2753,12.92
51840,Winchester city,Virginia,2014,8,51,755,9,353,7082,27394,3424,3043,2297,8.39
53005,Benton County,Washington,2014,11,316,5355,27,1257,30055,186542,16958,6908,34563,18.53
53007,Chelan County,Washington,2014,6,105,2281,23,711,15053,74170,12361,3224,11925,16.08
53011,Clark County,Washington,2014,12,196,2760,59,2836,70982,448277,37356,7597,73584,16.41
53015,Cowlitz County,Washington,2014,8,169,3856,12,559,15041,101799,12724,8483,14703,14.44
53025,Grant County,Washington,2014,6,57,1426,25,685,15036,92968,15494,3718,17243,18.55
53027,Grays Harbor County,Washington,2014,6,84,1965,31,576,14042,70783,11797,2283,4473,6.32
53033,King County,Washington,2014,65,966,14539,506,19373,545264,2085730,32088,4121,-24363,-1.17
53035,Kitsap County,Washington,2014,8,125,1839,50,2095,54521,253415,31676,5068,51969,20.51
53041,Lewis County,Washington,2014,5,111,2566,28,666,15796,74858,14971,2673,10944,14.62
53053,Pierce County,Washington,2014,33,501,7543,163,5266,141838,828920,25118,5085,37491,4.52
53061,Snohomish County,Washington,2014,22,356,5371,162,6361,169692,757417,34428,4675,44644,5.89
53063,Spokane County,Washington,2014,23,386,6457,78,4021,101944,482926,20996,6191,42171,8.73
53065,Stevens County,Washington,2014,3,21,370,11,259,6314,43470,14490,3951,17615,40.52
53067,Thurston County,Washington,2014,7,155,2092,56,1844,48749,264975,37853,4731,63271,23.88
53077,Yakima County,Washington,2014,10,191,2927,66,1696,40028,247046,24704,3743,38836,15.72
54005,Boone County,West Virginia,2014,7,68,1124,7,180,3447,23710,3387,3387,760,3.21
54011,Cabell County,West Virginia,2014,23,215,3615,15,619,11807,96634,4201,6442,21236,21.98
54025,Greenbrier County,West Virginia,2014,15,143,2248,6,261,5317,35581,2372,5930,10411,29.26
54027,Hampshire County,West Virginia,2014,7,43,651,4,78,1429,23439,3348,5859,3348,14.28
54033,Harrison County,West Virginia,2014,20,152,2655,13,487,9334,68680,3434,5283,13868,20.19
54035,Jackson County,West Virginia,2014,8,50,790,4,176,3078,29131,3641,7282,7045,24.18
54039,Kanawha County,West Virginia,2014,47,363,5963,35,1493,30050,190353,4050,5438,42141,22.14
54045,Logan County,West Virginia,2014,8,60,956,12,246,4895,35248,4406,2937,2331,6.61
54049,Marion County,West Virginia,2014,13,89,1569,9,311,5864,56780,4367,6308,10411,18.34
54051,Marshall County,West Virginia,2014,7,58,982,6,231,4633,32338,4619,5389,5311,16.42
54055,Mercer County,West Virginia,2014,18,141,2023,9,396,7867,61762,3431,6862,17814,28.84
54057,Mineral County,West Virginia,2014,6,39,566,7,221,3793,27538,4589,3934,3922,14.24
54061,Monongalia County,West Virginia,2014,11,103,1689,16,756,16003,103486,9407,6467,20320,19.64
54067,Nicholas County,West Virginia,2014,9,64,984,7,119,1797,25718,2857,3674,2164,8.41
54069,Ohio County,West Virginia,2014,7,39,748,12,406,8078,43261,6180,3605,5304,12.26
54077,Preston County,West Virginia,2014,9,79,1708,5,88,1280,33918,3768,6783,3266,9.63
54081,Raleigh County,West Virginia,2014,22,182,3022,15,526,10557,78185,3553,5212,16554,21.17
54097,Upshur County,West Virginia,2014,5,31,499,4,110,2404,24662,4932,6165,4525,18.35
54099,Wayne County,West Virginia,2014,6,46,657,7,137,1941,41507,6917,5929,10493,25.28
54103,Wetzel County,West Virginia,2014,6,39,614,8,123,2521,15957,2659,1994,-3950,-24.75
54109,Panola County,Texas,2014,7,74,1135,6,155,2509,22576,3225,3762,2231,9.88
54109,Wyoming County,West Virginia,2014,7,74,1135,6,155,2509,22576,3225,3762,2231,9.88
55005,Barron County,Wisconsin,2014,10,210,4329,14,471,7632,45343,4534,3238,1661,3.66
55021,Hawkins County,Tennessee,2014,7,57,574,6,308,4858,56638,8091,9439,21666,38.25
55021,Columbia County,Wisconsin,2014,7,57,574,6,308,4858,56638,8091,9439,21666,38.25
55025,Dane County,Wisconsin,2014,26,505,7901,80,5408,104469,516338,19859,6454,83552,16.18
55035,Eau Claire County,Wisconsin,2014,9,96,1280,12,975,14272,101688,11298,8474,35769,35.18
55043,Grant County,Wisconsin,2014,9,202,3051,13,329,4073,51681,5742,3975,14200,27.48
55045,Jasper County,Iowa,2014,6,96,1758,11,274,4757,36856,6142,3350,4524,12.27
55045,Green County,Wisconsin,2014,6,96,1758,11,274,4757,36856,6142,3350,4524,12.27
55055,Jefferson County,Wisconsin,2014,5,39,496,13,626,10046,84369,16873,6489,33974,40.27
55059,Kenosha County,Wisconsin,2014,14,121,1735,29,1700,28743,167856,11989,5788,39012,23.24
55075,Marinette County,Wisconsin,2014,7,45,721,9,366,6034,41047,5863,4560,8620,21.0
55079,Milwaukee County,Wisconsin,2014,77,956,14918,221,7496,152509,958546,12448,4337,88842,9.27
55085,Oneida County,Wisconsin,2014,5,28,499,9,499,8080,35323,7064,3924,9550,27.04
55087,Outagamie County,Wisconsin,2014,18,413,7612,24,1713,28331,182170,10120,7590,37604,20.64
55095,Polk County,Wisconsin,2014,8,52,1118,12,359,6001,43331,5416,3610,4191,9.67
55099,Price County,Wisconsin,2014,6,53,930,4,182,3004,13656,2276,3414,-1656,-12.13
55101,Racine County,Wisconsin,2014,16,265,4074,38,1469,27106,194833,12177,5127,36016,18.49
55105,Rock County,Wisconsin,2014,18,316,5660,25,1024,22448,160950,8941,6438,22671,14.09
55111,Sauk County,Wisconsin,2014,13,250,5014,13,514,9260,62975,4844,4844,6482,10.29
55115,Shawano County,Wisconsin,2014,7,33,598,8,256,3993,41347,5906,5168,7778,18.81
55117,Sheboygan County,Wisconsin,2014,11,244,4388,20,1075,16050,114998,10454,5749,28172,24.5
55121,Trempealeau County,Wisconsin,2014,7,85,1674,8,145,1887,29409,4201,3676,881,3.0
55129,Washburn County,Wisconsin,2014,7,47,779,6,222,4181,15658,2236,2609,-2014,-12.86
55133,Waukesha County,Wisconsin,2014,17,280,6101,66,4226,86629,395431,23260,5991,51533,13.03
55137,Waushara County,Wisconsin,2014,7,60,1370,8,190,2863,24093,3441,3011,-2454,-10.19
56005,Campbell County,Wyoming,2014,4,69,1411,5,410,6649,48132,12033,9626,23052,47.89
56013,Fremont County,Wyoming,2014,7,80,2022,8,417,8449,40562,5794,5070,2286,5.64
56021,Laramie County,Wyoming,2014,10,82,1136,8,703,13339,96038,9603,12004,30335,31.59
56023,Lincoln County,Wyoming,2014,6,54,693,8,169,3632,18563,3093,2320,-861,-4.64
56025,Natrona County,Wyoming,2014,6,55,960,7,557,11416,81375,13562,11625,30102,36.99
