GeoID,Year,D_Etab,D_Emp,D_Pay,G_Etab,G_Emp,G_Pay,Pop_2010,FD_num_2010,FD_pct_2010
1003,2010,37,271,5046,25,1190,25820,182265,35211,19.32
1015,2010,30,207,3464,24,734,12338,118572,30901,26.06
1017,2010,9,66,983,8,200,3634,34215,6748,19.72
1019,2010,9,43,755,4,114,1612,25989,79,0.31
1025,2010,15,158,2467,7,252,4142,25833,5061,19.59
1039,2010,13,83,1428,9,284,5022,37765,3334,8.83
1045,2010,10,55,963,7,152,2544,50251,13847,27.56
1047,2010,12,107,1383,11,250,4935,43820,7786,17.77
1051,2010,14,105,1509,8,363,6083,79303,15012,18.93
1053,2010,14,154,2261,6,255,4310,38319,5189,13.54
1055,2010,25,205,3489,19,522,9510,104430,24779,23.73
1057,2010,6,39,654,7,100,1538,17241,438,2.54
1063,2010,4,38,479,3,55,874,9045,3287,36.34
1071,2010,12,79,1229,13,249,3856,53227,4855,9.12
1073,2010,98,965,14728,105,4835,93295,658466,209261,31.78
1089,2010,54,427,7659,35,2126,44675,334811,110052,32.87
1091,2010,7,43,906,4,109,2240,21027,5587,26.57
1093,2010,10,42,767,4,85,1280,30776,538,1.75
1095,2010,22,170,2593,20,580,8163,93019,12814,13.78
1097,2010,97,849,13932,58,2410,44913,412992,112774,27.31
1099,2010,10,59,1181,6,159,2200,23068,7149,30.99
1101,2010,36,369,5621,33,1441,28812,229363,64260,28.02
1103,2010,27,202,3090,20,634,12716,119490,14010,11.72
1107,2010,10,85,1259,4,142,1960,19746,851,4.31
1109,2010,5,41,709,8,255,4358,32899,3733,11.35
1111,2010,6,43,644,4,113,1943,22913,1061,4.63
1113,2010,15,139,2121,8,369,6074,52947,8512,16.08
1117,2010,24,204,3864,26,1403,29517,195085,52014,26.66
1121,2010,24,181,2626,10,341,6425,82291,12352,15.01
1123,2010,12,104,1460,6,239,4707,41616,4598,11.05
1125,2010,33,300,4733,27,1342,26500,194656,39478,20.28
1131,2010,6,31,529,10,80,1273,11670,5173,44.33
2050,2010,15,356,4333,24,413,6419,17013,13273,78.01
2110,2010,3,38,961,7,376,8867,31275,10138,32.42
2122,2010,5,51,1160,20,644,17851,55400,11290,20.38
4001,2010,12,75,1509,11,332,6217,71518,46747,65.36
4003,2010,28,192,3202,15,996,19343,131346,51625,39.3
4005,2010,14,111,2078,17,1332,24732,134421,40657,30.25
4009,2010,3,25,359,8,341,5892,37220,11663,31.33
4013,2010,219,2349,39616,494,37913,670315,3817117,492281,12.9
4017,2010,20,149,2376,16,731,15449,107449,35575,33.11
4019,2010,80,694,12041,120,9243,172176,980263,232208,23.69
4021,2010,25,216,3589,31,2309,36046,375770,65190,17.35
4023,2010,15,63,1124,8,269,6110,47420,13052,27.52
4027,2010,21,185,2898,35,1329,23356,195751,43753,22.35
5003,2010,9,87,1115,6,109,1943,21853,4342,19.87
5005,2010,6,42,683,8,272,4220,41513,4980,12.0
5007,2010,28,212,3521,28,942,19088,221339,43591,19.69
5009,2010,9,95,1362,4,183,3229,36903,11075,30.01
5031,2010,21,147,2499,19,492,8794,96443,24130,25.02
5033,2010,12,107,1649,9,184,3168,61948,13071,21.1
5035,2010,12,98,1373,10,362,5713,50902,6121,12.03
5051,2010,18,147,2308,14,463,9832,96024,30262,31.52
5063,2010,10,70,1036,6,119,2717,36647,6847,18.68
5065,2010,7,49,584,4,106,1460,13696,810,5.92
5069,2010,18,179,2914,15,477,8948,77435,13186,17.03
5091,2010,10,62,1035,9,278,4530,43462,10974,25.25
5093,2010,12,111,1708,15,351,6219,46480,6002,12.91
5119,2010,51,497,7886,60,2614,57930,382748,116978,30.56
5123,2010,7,57,731,7,109,1709,28258,8547,30.24
5139,2010,11,89,1190,9,223,4049,41639,9035,21.7
5143,2010,28,176,3130,28,1513,26506,203065,40441,19.92
6001,2010,53,798,12612,371,11780,337487,1510271,160425,10.62
6007,2010,14,205,3287,50,1708,48401,220000,48749,22.16
6013,2010,41,575,9952,204,8745,249529,1049025,206022,19.64
6015,2010,3,11,233,9,258,5110,28610,7755,27.11
6017,2010,7,105,2052,33,1707,48814,181058,50566,27.93
6019,2010,52,682,9773,216,5172,140848,930450,113632,12.21
6023,2010,18,122,2152,42,1480,36153,134623,21978,16.33
6029,2010,53,600,9292,193,5265,123214,839631,128065,15.25
6031,2010,8,96,1197,33,688,16363,152982,32733,21.4
6037,2010,583,7272,142094,2024,70433,1821874,9818605,613459,6.25
6039,2010,7,95,1124,34,1015,28445,150865,29906,19.82
6041,2010,13,106,2323,60,3181,101018,252409,41396,16.4
6045,2010,11,79,1365,49,1312,35964,87841,15812,18.0
6047,2010,12,160,2397,55,1246,36166,255793,36594,14.31
6053,2010,24,231,3899,107,3026,87980,415057,49442,11.91
6057,2010,5,37,704,27,1137,32522,98764,23640,23.94
6059,2010,134,1717,31782,535,23489,615868,3010232,220587,7.33
6061,2010,14,218,4362,58,3206,96959,348432,53006,15.21
6065,2010,89,1317,21801,342,14331,373082,2189641,433981,19.82
6067,2010,55,1043,16981,249,10011,290775,1418788,190246,13.41
6071,2010,104,1529,29863,335,12996,330746,2035210,454074,22.31
6073,2010,126,1950,34160,622,22924,584033,3095313,456714,14.76
6075,2010,33,274,6216,327,6930,196435,805235,26692,3.31
6077,2010,21,500,7660,160,4225,126732,685306,77979,11.38
6081,2010,22,452,10241,162,6595,190033,718451,82647,11.5
6083,2010,19,253,3903,123,3691,96523,423895,58464,13.79
6085,2010,62,720,12895,343,14135,392430,1781642,170081,9.55
6087,2010,10,127,2294,73,2880,75478,262382,42380,16.15
6089,2010,13,161,2578,36,1430,39276,177223,40860,23.06
6095,2010,15,291,4417,73,2722,76007,413344,92520,22.38
6097,2010,25,272,5011,129,5224,148446,483878,79444,16.42
6099,2010,25,434,6373,135,3793,102444,514453,68988,13.41
6107,2010,29,352,4918,110,2207,55193,442179,63227,14.3
6111,2010,59,748,13946,163,6170,164031,823318,127283,15.46
6113,2010,7,114,1962,44,1556,40703,200849,18875,9.4
8005,2010,31,379,6538,75,4289,125878,572003,97261,17.0
8013,2010,12,123,2219,52,2870,80729,294567,45863,15.57
8035,2010,4,34,763,23,2089,57781,285465,52932,18.54
8037,2010,6,30,569,14,529,18365,52197,7969,15.27
8043,2010,7,43,665,6,170,5112,46824,14902,31.83
8069,2010,8,79,1254,30,2084,56966,299630,67259,22.45
8087,2010,5,27,477,5,151,3206,28159,3336,11.85
8099,2010,4,79,3028,4,84,1849,12551,3793,30.22
8123,2010,17,116,2281,32,1163,30658,252825,38751,15.33
9001,2010,41,223,4123,205,9384,261112,916829,262579,28.64
9003,2010,75,740,13969,211,9714,227932,894014,281196,31.45
9005,2010,9,64,1376,43,2231,52015,189927,30056,15.83
9007,2010,10,112,2412,38,1568,41622,165676,55378,33.43
9009,2010,67,581,11760,187,8180,190181,862477,252394,29.26
9011,2010,23,255,5339,46,2540,58935,274055,78554,28.66
9013,2010,5,31,716,24,1499,31720,152691,50030,32.77
10001,2010,21,217,3362,17,873,17765,162310,31140,19.19
10003,2010,42,388,6200,84,4088,102356,538479,164990,30.64
10005,2010,42,348,5512,49,1610,37448,197145,34073,17.28
11001,2010,24,140,2959,174,4432,123025,601723,16971,2.82
12001,2010,24,200,3680,46,3065,56618,247336,49066,19.84
12003,2010,4,32,513,7,164,2954,27115,9154,33.76
12011,2010,136,962,16979,368,16609,361122,1748066,196467,11.24
12019,2010,21,161,2470,27,1506,29223,190865,44093,23.1
12021,2010,17,145,2686,59,3241,80238,321520,90021,28.0
12027,2010,3,25,367,5,164,3187,34862,3913,11.22
12031,2010,106,961,15816,200,7247,149231,864263,215253,24.91
12033,2010,44,333,5737,49,1612,33126,297619,118775,39.91
12055,2010,13,111,1617,19,729,14159,98786,36950,37.4
12057,2010,105,892,15263,283,10553,211055,1229226,309584,25.19
12063,2010,16,104,1691,7,219,3973,49746,3390,6.81
12071,2010,50,406,7758,116,5872,131703,618754,173208,27.99
12075,2010,10,60,1050,10,311,5127,40801,3954,9.69
12079,2010,6,43,552,3,138,2761,19224,4279,22.26
12081,2010,35,259,4413,58,2924,60217,322833,74392,23.04
12086,2010,289,1303,24345,605,20952,432236,2496435,162697,6.52
12095,2010,102,815,14661,236,8992,189551,1145956,224405,19.58
12101,2010,49,394,6039,71,3873,75251,464697,103438,22.26
12103,2010,93,734,12152,189,9508,191130,916542,160837,17.55
12107,2010,15,103,1828,12,493,9101,74364,18371,24.7
12115,2010,26,225,3613,72,3936,84424,379448,105119,27.7
12119,2010,9,55,845,16,605,12149,93420,9896,10.59
12121,2010,6,52,794,8,206,4119,41551,7180,17.28
13009,2010,10,78,1287,10,286,5159,45720,8230,18.0
13017,2010,3,27,404,4,103,1563,17634,3939,22.34
13021,2010,30,310,4823,42,1319,28246,155547,35466,22.8
13031,2010,11,93,1454,7,267,4280,70217,10800,15.38
13033,2010,4,29,409,3,112,1717,23316,2235,9.59
13039,2010,7,41,701,6,271,4959,50513,18301,36.23
13045,2010,24,185,3023,24,922,17126,110527,27518,24.9
13051,2010,29,288,4644,49,2002,40709,265128,52409,19.77
13059,2010,13,109,1902,19,895,19198,116714,42684,36.57
13063,2010,34,276,4335,47,1355,28496,259424,102802,39.63
13071,2010,12,99,1335,12,188,3664,45498,8478,18.63
13085,2010,4,28,410,4,260,5391,22330,0,0.0
13089,2010,70,616,9872,145,5980,123892,691893,181655,26.25
13091,2010,5,33,552,9,122,1951,21796,440,2.02
13095,2010,21,223,3324,24,844,14453,94565,39406,41.67
13099,2010,6,34,591,5,106,1625,11008,1070,9.72
13103,2010,8,58,943,5,215,3662,52250,6349,12.15
13107,2010,7,47,715,6,92,1338,22598,6645,29.41
13111,2010,8,65,1017,10,272,4786,23682,28,0.12
13113,2010,6,62,1042,14,1123,24847,106567,42925,40.28
13119,2010,9,59,881,7,174,2876,22084,715,3.24
13127,2010,15,132,1940,21,693,14478,79626,21864,27.46
13131,2010,7,42,718,3,116,2096,25011,2634,10.53
13135,2010,58,438,7042,151,6135,141631,805321,260733,32.38
13137,2010,13,95,1642,7,358,6208,43041,9084,21.11
13139,2010,19,147,2487,36,1352,29578,179684,51370,28.59
13143,2010,6,27,398,6,91,1437,28780,1099,3.82
13147,2010,4,28,392,5,177,2910,25213,832,3.3
13151,2010,23,192,2921,28,1439,30620,203922,70656,34.65
13153,2010,20,145,2401,23,1014,20397,139900,50674,36.22
13157,2010,10,60,932,8,487,10409,60485,584,0.97
13163,2010,10,62,873,7,213,3426,16930,336,1.99
13175,2010,15,116,1866,11,418,7215,48434,4791,9.89
13179,2010,10,91,1496,8,211,3569,63453,24802,39.09
13185,2010,21,186,3095,13,623,12246,109233,22947,21.01
13199,2010,8,58,886,7,184,3019,21992,321,1.46
13215,2010,31,330,5954,39,1376,29886,189885,62464,32.9
13217,2010,14,118,1889,18,740,14918,99958,25557,25.57
13227,2010,6,34,571,6,297,5748,29431,1813,6.16
13233,2010,8,67,1060,7,227,5075,41475,4735,11.42
13245,2010,38,366,5167,35,1210,22144,200549,67308,33.56
13247,2010,10,83,1516,21,816,17452,85215,39854,46.77
13251,2010,4,39,470,3,119,1643,14593,3131,21.45
13253,2010,3,27,424,4,85,1252,8729,641,7.34
13255,2010,10,132,1817,12,479,8677,64073,10916,17.04
13261,2010,10,76,1024,8,214,3569,32819,7427,22.63
13273,2010,3,26,377,4,86,1347,9315,116,1.25
13275,2010,13,130,1811,7,296,5725,44720,12043,26.93
13277,2010,12,91,1344,7,185,3453,40118,3927,9.79
13279,2010,8,67,1009,6,180,2505,27223,4540,16.68
13293,2010,4,34,476,9,175,2552,27153,4930,18.15
13297,2010,10,73,1157,8,498,9687,83768,15470,18.47
13303,2010,3,25,345,3,104,1525,21187,5635,26.6
15001,2010,10,97,1273,38,1897,46883,185079,68849,37.2
15009,2010,8,42,908,40,1746,44144,154834,55755,36.01
16005,2010,8,54,1034,9,378,8069,82839,25194,30.41
16017,2010,5,39,663,13,281,6123,40877,7651,18.72
16027,2010,16,204,3266,21,714,16409,188923,39744,21.04
16055,2010,7,70,1019,18,882,19929,138494,34524,24.93
16069,2010,3,68,1223,10,373,9029,39265,6993,17.81
16083,2010,9,153,2026,17,545,11543,77230,7226,9.36
17019,2010,13,196,3290,32,1346,22546,201081,29430,14.64
17021,2010,5,42,742,9,226,3429,34800,3502,10.06
17029,2010,8,78,1106,5,272,3613,53873,7996,14.84
17031,2010,445,2913,52913,1463,39767,857910,5194675,415200,7.99
17043,2010,43,354,6503,174,7778,165860,916924,250485,27.32
17049,2010,7,36,649,8,336,5165,34242,5860,17.11
17053,2010,5,71,1252,3,148,2031,14081,2583,18.35
17073,2010,8,135,2232,14,242,3709,50486,9452,18.72
17077,2010,6,58,846,11,455,9573,60218,14240,23.65
17089,2010,28,402,6475,79,3463,69011,515269,101403,19.68
17097,2010,43,297,5347,124,5204,109666,703462,254430,36.17
17099,2010,15,254,4300,25,1009,17283,113924,26677,23.42
17103,2010,5,35,485,6,139,2089,36031,3793,10.53
17107,2010,7,53,1009,4,142,2781,30305,9652,31.85
17109,2010,5,112,1467,5,339,5859,32612,9394,28.81
17111,2010,19,264,4364,50,1961,37395,308760,133011,43.08
17113,2010,14,179,3302,28,1055,20207,169572,46403,27.36
17115,2010,16,188,3359,14,490,10827,110768,33167,29.94
17119,2010,30,287,5281,50,2035,42417,269282,85509,31.75
17121,2010,7,70,1356,6,153,2408,39437,10003,25.36
17137,2010,5,76,1026,5,168,2637,35547,8930,25.12
17143,2010,21,225,4453,47,1214,28845,186494,55265,29.63
17145,2010,4,21,316,4,119,2497,22350,4609,20.62
17163,2010,30,252,4232,43,1553,34862,270056,112883,41.8
17173,2010,4,11,248,4,104,1301,22363,3527,15.77
17183,2010,17,296,5097,14,546,8633,81625,14337,17.56
17189,2010,5,53,1119,8,88,1329,14716,1629,11.07
17197,2010,35,281,4915,93,4260,83837,677560,242455,35.78
17201,2010,37,433,7629,54,2043,49656,295266,72887,24.69
18001,2010,6,34,566,6,169,2991,34387,2455,7.14
18017,2010,7,64,884,8,238,3929,38966,1592,4.09
18019,2010,19,151,2541,20,632,11985,110232,23781,21.57
18023,2010,5,40,622,7,128,1844,33224,1331,4.01
18029,2010,6,50,739,6,238,5000,50047,13205,26.39
18033,2010,8,30,599,8,224,4751,42223,11734,27.79
18039,2010,23,189,2843,37,1359,26008,197559,38971,19.73
18045,2010,6,49,812,4,225,2811,17240,643,3.73
18047,2010,4,45,631,10,169,2141,23087,2095,9.07
18051,2010,7,55,733,6,215,2914,33503,3461,10.33
18053,2010,11,91,1459,7,305,4735,70061,14392,20.54
18057,2010,12,91,1749,36,2024,39206,274569,95377,34.74
18063,2010,12,100,1695,11,593,12615,145448,53660,36.89
18065,2010,6,56,697,9,202,3938,49462,2249,4.55
18067,2010,15,116,1717,11,444,9069,82752,25625,30.97
18077,2010,6,59,910,7,160,3241,32428,4773,14.72
18081,2010,14,91,1388,10,581,11073,139654,42603,30.51
18085,2010,14,103,1617,12,404,7673,77358,17486,22.6
18087,2010,6,59,1204,7,155,2910,37128,522,1.41
18089,2010,58,500,7859,80,3706,74117,496005,138588,27.94
18091,2010,15,105,1550,18,657,11441,111467,20849,18.7
18095,2010,17,154,2521,24,875,15866,131636,32821,24.93
18097,2010,112,923,15627,146,5255,112461,903393,226700,25.09
18099,2010,10,64,865,11,276,4999,47051,7428,15.79
18105,2010,10,80,1338,21,1143,21041,137974,27358,19.83
18107,2010,6,68,922,7,255,5184,38124,4577,12.01
18109,2010,8,64,997,10,453,8584,68894,12320,17.88
18123,2010,3,23,341,4,98,1178,19338,5305,27.43
18127,2010,10,81,1191,14,827,15346,164343,63748,38.79
18137,2010,7,40,665,10,347,5595,28818,732,2.54
18151,2010,8,86,837,6,98,1223,34185,7252,21.21
18163,2010,27,189,3408,34,1308,25458,179703,35571,19.79
18167,2010,18,168,3087,17,750,14921,107848,29116,27.0
18169,2010,5,41,559,5,186,3141,32888,2760,8.39
18175,2010,7,32,585,6,203,2348,28262,2753,9.74
19005,2010,3,40,719,5,215,3049,14330,2728,19.04
19013,2010,13,175,2818,22,1382,24025,131090,31222,23.82
19037,2010,3,41,789,3,105,1184,12439,1835,14.75
19045,2010,10,168,2987,8,498,8492,49116,10207,20.78
19049,2010,7,77,1280,8,860,16906,66135,3414,5.16
19061,2010,11,181,3103,14,1342,21337,93653,18161,19.39
19097,2010,4,47,760,4,124,1823,19848,4068,20.5
19125,2010,6,62,888,6,357,5903,33309,4678,14.04
19127,2010,6,75,1534,8,427,7637,40648,9547,23.49
19141,2010,4,47,872,7,222,3039,14398,3105,21.57
19153,2010,28,231,4166,64,5505,102413,430640,87818,20.39
19155,2010,9,89,1205,12,917,17214,93158,35079,37.66
19187,2010,4,54,664,5,384,7045,38013,8414,22.14
19189,2010,4,60,881,3,150,1835,10866,1920,17.67
19197,2010,4,37,537,5,177,2161,13229,887,6.71
20005,2010,3,25,469,3,107,1169,16924,3503,20.7
20021,2010,6,39,607,4,85,1065,21603,3501,16.21
20057,2010,5,43,838,5,151,2227,33848,10833,32.01
20091,2010,24,225,3232,63,5401,113607,544179,119671,21.99
20121,2010,6,70,1165,3,207,3567,32787,3482,10.62
20131,2010,5,51,868,7,221,2275,10178,1537,15.11
20155,2010,8,80,1980,13,472,8128,64511,17367,26.92
20159,2010,4,50,885,5,84,1178,10083,1886,18.71
20177,2010,15,126,2155,28,1452,24564,177934,47825,26.88
20209,2010,19,143,2616,22,736,15991,157505,48750,30.95
21003,2010,5,50,810,4,82,1272,19956,246,1.23
21009,2010,16,128,1677,10,207,2719,42173,3266,7.74
21013,2010,10,69,1282,10,334,5910,28691,5967,20.8
21017,2010,3,22,319,4,116,1579,19985,1505,7.53
21019,2010,9,80,1354,9,386,7484,49542,13022,26.28
21021,2010,11,103,1674,7,198,4094,28432,6698,23.56
21037,2010,11,88,1592,17,955,20631,90336,27900,30.88
21045,2010,3,37,697,8,84,1185,15955,968,6.07
21067,2010,26,188,3248,51,2317,52404,295803,45675,15.44
21085,2010,8,48,778,6,60,833,25746,5883,22.85
21095,2010,11,60,1089,9,309,5405,29278,5086,17.37
21111,2010,80,719,13351,137,5903,132203,741096,131566,17.75
21117,2010,14,125,1899,25,1221,24490,159720,52175,32.67
21123,2010,5,43,840,4,70,1014,14193,211,1.49
21125,2010,16,104,2022,13,339,7770,58849,6537,11.11
21127,2010,5,30,435,3,125,1746,15860,1775,11.19
21133,2010,7,41,623,7,222,3410,24519,0,0.0
21155,2010,4,24,397,3,146,2584,19820,468,2.36
21161,2010,5,41,732,6,174,4128,17490,2176,12.44
21173,2010,6,50,857,5,161,3834,26499,5751,21.7
21199,2010,18,168,2983,20,370,7799,63063,8831,14.0
21205,2010,6,43,837,7,251,5315,23333,1624,6.96
21207,2010,6,50,591,4,151,2909,17565,428,2.43
22001,2010,16,102,1619,23,489,7945,61773,1051,1.7
22003,2010,12,87,1320,4,132,1616,25764,9454,36.7
22005,2010,15,134,2126,20,722,12892,107215,42579,39.71
22009,2010,21,120,1968,12,205,3309,42073,8825,20.98
22017,2010,39,316,5991,30,1620,32323,254969,84385,33.1
22019,2010,46,311,5356,31,1270,22417,192768,42273,21.93
22021,2010,3,22,433,7,368,5667,10132,1135,11.2
22033,2010,60,485,8658,128,3885,65118,440171,124309,28.24
22039,2010,9,52,878,16,184,2388,33984,5506,16.2
22041,2010,5,35,520,5,171,2803,20767,2200,10.59
22045,2010,17,128,2071,20,557,11564,73240,11815,16.13
22047,2010,7,49,948,12,209,3547,33387,5139,15.39
22051,2010,52,537,9876,99,3826,76856,432552,52281,12.09
22053,2010,7,42,753,9,154,2796,31594,2291,7.25
22055,2010,39,274,4857,57,2066,35484,221578,57407,25.91
22063,2010,18,135,2459,17,629,11095,128026,24585,19.2
22067,2010,6,44,803,5,161,3605,27979,6896,24.65
22069,2010,6,45,758,8,220,4079,39566,10794,27.28
22071,2010,31,301,5444,139,2082,41819,343829,87617,25.48
22073,2010,30,266,4095,23,951,17715,153720,63892,41.56
22085,2010,6,45,812,7,244,5155,24233,6385,26.35
22087,2010,12,123,2266,10,287,5148,35897,15392,42.88
22089,2010,8,68,1003,8,304,5225,52780,29520,55.93
22093,2010,5,41,624,6,217,3934,22102,4399,19.9
22095,2010,9,87,1409,11,257,4516,45924,20009,43.57
22097,2010,26,165,2794,29,693,12485,83384,11479,13.77
22099,2010,9,69,1029,16,374,7757,52160,3989,7.65
22101,2010,12,78,1333,15,450,7988,54650,13658,24.99
22103,2010,40,316,5402,35,1896,37985,233740,59880,25.62
22105,2010,31,293,4388,24,1061,16772,121097,33649,27.79
22109,2010,23,171,2799,17,923,17527,111860,33017,29.52
22111,2010,7,39,685,7,147,2518,22721,4114,18.11
22113,2010,12,80,1304,16,388,6789,57999,3426,5.91
22117,2010,14,142,2465,12,330,6033,47168,7914,16.78
22119,2010,11,76,1256,7,278,3970,41207,8323,20.2
22121,2010,6,46,710,5,223,3706,23788,3923,16.49
23001,2010,14,218,3814,21,931,18675,107702,12165,11.29
23007,2010,8,34,398,12,393,7394,30768,468,1.52
23009,2010,16,176,3208,27,690,14962,54418,3364,6.18
23013,2010,5,70,1343,14,518,10660,39736,4460,11.22
23015,2010,5,41,891,13,467,9109,34457,1483,4.31
23017,2010,15,120,1762,13,315,7453,57833,4951,8.56
23019,2010,27,316,5464,31,1604,32863,153923,24923,16.19
23023,2010,3,31,746,8,363,6836,35293,3515,9.96
23025,2010,7,54,963,12,374,6663,52228,4098,7.85
23027,2010,7,82,1703,8,301,5942,38786,3519,9.07
23031,2010,17,226,3563,43,1764,39453,197131,33631,17.06
24001,2010,15,155,2520,17,661,9857,75087,29069,38.71
24003,2010,33,371,5651,86,4513,120832,537656,154301,28.7
24005,2010,72,762,12578,130,7616,195585,805029,163117,20.26
24009,2010,3,12,224,14,918,22960,88737,29796,33.58
24011,2010,5,58,739,8,159,2712,33066,2127,6.43
24013,2010,8,84,1382,23,1752,38047,167134,42953,25.7
24015,2010,10,94,1513,16,666,12632,101108,20177,19.96
24017,2010,11,105,2069,23,1078,27739,146551,46914,32.01
24021,2010,16,117,2021,35,2013,46713,233385,48430,20.75
24023,2010,5,40,596,7,130,2377,30097,1294,4.3
24025,2010,15,155,2716,34,2353,49346,244826,59244,24.2
24027,2010,8,49,1117,41,2663,67462,287085,61596,21.46
24031,2010,29,230,4174,207,9222,264091,971777,152763,15.72
24033,2010,63,736,11512,162,6305,170195,863420,230854,26.74
24035,2010,5,20,481,9,406,8351,47798,10967,22.94
24510,2010,67,558,9729,214,3433,91480,620961,20616,3.32
25001,2010,28,348,8910,62,3430,80117,215888,108706,50.35
25011,2010,5,42,794,25,675,14310,71372,12348,17.3
25015,2010,10,77,1391,32,2272,49538,158080,52127,32.97
25025,2010,52,338,6110,215,7286,146291,722023,20450,2.83
26005,2010,17,106,1595,20,746,11965,111408,6394,5.74
26007,2010,4,45,619,8,241,4691,29598,2016,6.81
26015,2010,7,57,641,11,306,5336,59173,1673,2.83
26017,2010,17,187,2732,19,561,11879,107771,20215,18.76
26021,2010,26,190,3254,39,1183,23715,156813,38516,24.56
26023,2010,10,65,1040,3,58,1276,45248,6527,14.43
26025,2010,22,148,2440,24,469,9765,136146,32177,23.63
26027,2010,9,68,1133,12,240,4094,52293,3127,5.98
26029,2010,6,45,750,9,163,4046,25949,1523,5.87
26031,2010,5,23,475,5,174,3600,26152,3175,12.14
26033,2010,5,52,706,13,317,5747,38520,10696,27.77
26035,2010,10,63,980,8,198,3442,30926,1906,6.16
26037,2010,4,29,402,7,176,2890,75382,13342,17.7
26045,2010,12,81,1433,14,373,7163,107759,21806,20.24
26047,2010,5,24,483,17,319,6873,32694,5769,17.65
26049,2010,61,416,6782,101,2731,53754,425790,127082,29.85
26051,2010,8,76,1148,3,81,1398,25692,2362,9.19
26055,2010,10,47,793,23,839,15668,86986,15290,17.58
26057,2010,7,49,601,11,184,3251,42476,2836,6.68
26063,2010,8,46,659,9,219,2961,33118,9801,29.59
26065,2010,25,167,3494,45,1343,22745,280895,92267,32.85
26069,2010,8,53,711,8,225,3710,25887,6667,25.76
26075,2010,20,158,2588,21,680,14343,160248,42431,26.48
26077,2010,23,213,3506,43,1276,23500,250331,64961,25.95
26081,2010,65,512,8599,118,2908,70915,602622,134218,22.27
26091,2010,10,125,1799,20,605,10696,99892,22041,22.06
26093,2010,8,65,962,21,882,23286,180967,54312,30.01
26099,2010,82,599,9669,143,4939,108611,840978,195209,23.21
26101,2010,6,31,462,10,205,4308,24733,3056,12.36
26103,2010,8,86,1295,13,476,7677,67077,10896,16.24
26105,2010,6,40,498,6,94,1480,28705,1656,5.77
26111,2010,8,56,878,13,339,6593,83629,21895,26.18
26115,2010,6,73,1044,22,724,13486,152021,31287,20.58
26117,2010,18,109,1570,15,415,6107,63342,3775,5.96
26121,2010,20,183,2940,24,605,10046,172188,60457,35.11
26123,2010,9,69,1160,8,246,4282,48460,1590,3.28
26125,2010,110,753,12387,255,8418,190553,1202362,360771,30.01
26127,2010,7,59,924,8,193,2826,26570,980,3.69
26129,2010,6,31,567,6,132,2228,21699,9,0.04
26133,2010,8,40,721,7,138,2370,23528,3707,15.76
26137,2010,5,48,742,6,114,2261,24164,2960,12.25
26139,2010,19,136,1889,33,956,17941,263801,86740,32.88
26143,2010,5,28,394,6,124,2070,24449,4651,19.02
26145,2010,35,221,3436,42,1100,23217,200169,41373,20.67
26147,2010,23,158,2236,27,605,12654,163040,53236,32.65
26149,2010,13,94,1588,16,266,4718,61295,6833,11.15
26151,2010,12,65,980,8,285,4810,43114,2681,6.22
26155,2010,15,79,1233,12,399,7643,70648,11238,15.91
26159,2010,14,87,1376,17,444,7754,76258,4527,5.94
26161,2010,19,170,2628,55,2479,57897,344791,88437,25.65
26163,2010,240,1491,23750,451,8496,179826,1820584,274017,15.05
26165,2010,7,40,644,8,139,2900,32735,3182,9.72
27003,2010,16,264,5551,37,1669,41977,330844,127023,38.39
27007,2010,6,106,2138,7,359,5983,44442,8067,18.15
27041,2010,7,187,3375,6,285,4521,36009,13332,37.02
27045,2010,5,27,528,6,173,2088,20866,538,2.58
27049,2010,6,35,475,10,284,4432,46183,11090,24.01
27053,2010,70,664,12016,211,8646,215171,1152425,341806,29.66
27057,2010,4,58,1161,4,211,3492,20428,4389,21.49
27085,2010,10,56,944,5,407,6916,36651,7365,20.09
27091,2010,4,58,877,5,235,3550,20840,8987,43.12
27111,2010,12,260,4747,11,494,7207,57303,9953,17.37
27115,2010,6,54,883,5,175,2589,29750,4768,16.03
27119,2010,6,45,687,7,313,5039,31600,8692,27.51
27123,2010,31,199,2930,98,3795,95136,508640,124480,24.47
27135,2010,6,78,1003,6,193,2653,15629,4624,29.58
27137,2010,18,270,5257,36,1663,33829,200226,54577,27.26
27153,2010,4,38,406,8,179,2968,24895,8516,34.21
27163,2010,11,226,4827,21,1506,39876,238136,94326,39.61
27171,2010,5,41,551,11,871,16832,124700,17188,13.78
28011,2010,12,65,1055,10,216,3752,34145,14127,41.37
28023,2010,7,64,1082,4,104,1739,16732,2306,13.78
28025,2010,4,67,915,6,121,1991,20634,3298,15.98
28031,2010,8,75,1277,5,111,1603,19568,0,0.0
28033,2010,23,246,3530,14,826,20067,161252,44656,27.69
28035,2010,24,299,4656,13,343,5424,74934,9746,13.01
28045,2010,7,50,829,4,135,2326,43929,19686,44.81
28047,2010,41,470,7355,17,738,14599,187105,77396,41.36
28049,2010,50,526,7546,34,1427,26118,245285,67858,27.66
28051,2010,7,62,883,4,68,1138,19198,5050,26.3
28059,2010,37,283,5036,21,740,13695,139668,35135,25.16
28061,2010,7,55,676,3,70,1020,17062,2222,13.03
28067,2010,22,225,3422,14,395,7096,67761,8911,13.15
28073,2010,12,95,1424,11,315,4985,55658,7994,14.36
28075,2010,19,231,3913,14,440,7904,80261,14017,17.46
28083,2010,11,113,1811,8,239,3340,32317,10041,31.07
28085,2010,8,88,1285,3,287,5507,34869,7915,22.7
28087,2010,17,167,2576,11,354,6276,59779,13206,22.09
28091,2010,9,99,1401,5,136,2355,27088,4518,16.68
28095,2010,13,136,1935,9,174,2312,36989,2730,7.38
28101,2010,7,66,1129,6,134,2210,21720,2475,11.39
28109,2010,15,176,3017,9,319,5981,55834,7872,14.1
28113,2010,12,101,1507,9,233,4665,40404,3476,8.6
28117,2010,9,61,931,7,166,2452,25276,1243,4.92
28123,2010,11,115,1674,7,201,2824,28264,4356,15.41
28127,2010,6,69,1084,4,94,2052,27503,2085,7.58
28133,2010,8,53,852,8,141,2310,29450,6609,22.44
28141,2010,10,53,833,9,149,2179,19593,0,0.0
28147,2010,3,26,367,3,83,1312,15443,4312,27.92
28149,2010,10,105,1486,5,278,5191,48773,14086,28.88
28153,2010,9,71,1221,4,203,2971,20747,1024,4.93
28163,2010,8,110,1568,5,137,2071,28065,9552,34.03
29019,2010,13,92,1481,27,2055,31384,162642,52313,32.16
29021,2010,11,80,1316,12,749,13007,89201,18717,20.98
29031,2010,8,79,1217,8,390,7223,75674,20053,26.5
29037,2010,13,172,3039,12,705,13541,99478,32185,32.35
29047,2010,16,137,2064,32,1966,40200,221939,64191,28.92
29051,2010,9,62,935,12,919,14298,75990,17865,23.51
29077,2010,32,255,4068,39,1653,29618,275174,56141,20.4
29091,2010,11,97,1299,10,237,3728,40400,7477,18.51
29095,2010,73,856,17914,96,5365,107522,674158,160188,23.76
29097,2010,22,172,2688,12,333,6160,117404,27783,23.66
29099,2010,16,121,2002,23,1049,23481,218733,61105,27.94
29105,2010,4,26,427,5,130,2333,35571,7098,19.96
29109,2010,6,41,629,8,223,3522,38634,4155,10.75
29127,2010,9,81,1345,6,230,3894,28781,4516,15.69
29143,2010,6,51,726,6,97,1305,18956,580,3.06
29157,2010,3,42,853,3,59,764,18971,2962,15.61
29159,2010,7,68,989,9,225,4220,42201,7060,16.73
29165,2010,6,21,402,11,827,16005,89322,31211,34.94
29169,2010,8,55,820,5,196,2918,52274,8739,16.72
29183,2010,20,212,3808,42,2474,59577,360485,140645,39.02
29186,2010,3,41,573,3,121,1911,18145,5171,28.5
29189,2010,79,722,11829,182,9738,235025,998954,264850,26.51
29213,2010,13,79,1961,14,506,8947,51675,10701,20.71
30029,2010,6,78,1248,13,820,19608,90928,10737,11.81
30031,2010,4,41,665,18,1000,21527,89513,13597,15.19
30063,2010,6,48,735,20,1067,21961,109299,30018,27.46
31001,2010,5,50,644,7,304,4827,31364,7653,24.4
31013,2010,4,47,687,4,122,1818,11308,3742,33.09
31017,2010,4,51,800,3,69,693,3145,317,10.08
31025,2010,3,60,1057,5,94,1343,25241,7053,27.94
31039,2010,4,61,932,4,80,1382,9139,3005,32.89
31047,2010,7,67,931,5,128,1726,24326,8838,36.33
31053,2010,5,52,638,7,370,6199,36691,9812,26.74
31055,2010,34,264,4303,91,6045,109090,517110,74231,14.35
31059,2010,3,32,190,4,61,554,5890,1410,23.93
31089,2010,5,91,1362,9,210,2507,10435,2666,25.55
31109,2010,14,129,1813,45,3211,49996,285407,38274,13.41
31111,2010,7,97,1564,6,176,2461,36288,8235,22.69
31123,2010,4,11,143,3,70,1203,5042,2539,50.36
31141,2010,5,69,932,7,453,6998,32237,5519,17.12
31153,2010,10,77,1154,13,973,16037,158840,47845,30.12
31155,2010,5,71,820,6,111,1545,20780,2961,14.25
31161,2010,4,31,381,6,90,1330,5469,1772,32.41
31179,2010,3,63,1002,4,86,1013,9595,712,7.42
31185,2010,4,46,768,3,116,1923,13665,3570,26.12
32003,2010,92,1122,20645,257,13952,338356,1951269,165475,8.48
32031,2010,20,206,3708,66,3260,89437,421407,86358,20.49
33003,2010,11,69,1361,16,608,14454,47818,276,0.58
33005,2010,5,55,1031,21,1267,25159,77117,11095,14.39
33007,2010,7,54,926,10,299,5004,33055,4906,14.84
33009,2010,13,113,1917,34,1581,31499,89118,11509,12.91
33013,2010,10,86,1479,26,1734,30452,146445,31080,21.22
33017,2010,7,62,871,19,1590,32307,123143,28973,23.53
34001,2010,35,259,4373,87,2335,58038,274549,99613,36.28
34003,2010,58,284,5640,260,10847,279780,905116,107451,11.87
34005,2010,28,188,3155,74,4323,101791,448734,169305,37.73
34007,2010,47,313,5685,152,4192,96444,513657,141226,27.49
34011,2010,16,112,1996,43,945,23783,156898,47103,30.02
34013,2010,71,448,9195,346,5860,150593,783969,68650,8.76
34015,2010,24,198,3153,49,2304,51059,288288,126343,43.83
34017,2010,74,413,6090,242,3893,92450,634266,2135,0.34
34019,2010,4,23,290,23,1259,29844,128349,28225,21.99
34021,2010,36,252,3957,106,3733,89003,366513,102659,28.01
34023,2010,59,416,7220,218,6271,149303,809858,233927,28.88
34025,2010,39,241,4236,165,7148,172655,630380,217042,34.43
34027,2010,21,135,2564,101,5434,141844,492276,188884,38.37
34029,2010,38,278,5516,101,5599,128130,576567,281417,48.81
34031,2010,45,367,7208,231,4580,105506,501226,67444,13.46
34033,2010,7,46,836,15,567,11180,66083,8633,13.06
34035,2010,16,63,1043,59,3897,94336,323444,133311,41.22
34037,2010,8,73,877,27,1718,38406,149265,53488,35.83
34039,2010,42,381,7000,164,4671,110772,536499,65726,12.25
34041,2010,6,59,901,30,1500,33894,108692,32708,30.09
35001,2010,55,542,9569,76,4854,99745,662564,136118,20.54
35005,2010,10,80,1287,7,417,7358,65645,17658,26.9
35009,2010,9,74,1243,3,244,3440,48376,16741,34.61
35013,2010,25,168,2615,22,818,14999,209233,88230,42.17
35025,2010,10,99,1560,8,439,8535,64727,9740,15.05
35031,2010,13,147,2858,14,508,11308,71492,39226,54.87
35035,2010,8,58,990,7,166,3617,63797,29715,46.58
35045,2010,16,134,2514,10,652,15532,130044,40318,31.0
35049,2010,8,95,2121,22,1591,37623,144170,46072,31.96
35057,2010,4,30,498,5,57,1011,16383,3891,23.75
35061,2010,9,70,1173,10,310,6247,76569,34908,45.59
36005,2010,192,1045,17665,1051,6014,115171,1385108,12462,0.9
36009,2010,14,109,1629,21,685,10505,80317,3977,4.95
36011,2010,6,54,930,13,696,12216,80026,6013,7.51
36013,2010,23,175,2882,34,1293,21358,134905,15534,11.51
36015,2010,16,125,2010,14,749,13827,88830,21029,23.67
36017,2010,12,77,1190,11,560,8894,50477,806,1.6
36021,2010,11,96,1755,22,614,13184,63096,9467,15.0
36023,2010,8,69,1004,10,475,8262,49336,4838,9.81
36025,2010,10,53,838,13,410,8285,47980,1362,2.84
36027,2010,23,232,3417,102,3031,71177,297488,106487,35.8
36029,2010,119,1033,16181,245,11062,187292,919040,238054,25.9
36031,2010,8,47,679,19,317,6518,39370,3882,9.86
36033,2010,8,58,945,14,309,6173,51599,8975,17.39
36037,2010,6,41,632,9,348,6193,60079,3071,5.11
36039,2010,7,51,794,12,402,7699,49221,6299,12.8
36043,2010,8,67,1021,12,277,5313,64519,8190,12.69
36045,2010,23,168,2771,27,938,17944,116229,16866,14.51
36047,2010,380,1867,32326,1990,12185,245191,2504700,393,0.02
36051,2010,11,77,1119,14,703,11930,65393,11134,17.03
36053,2010,12,84,1436,14,550,9744,73442,10694,14.56
36055,2010,64,599,9517,184,11889,200540,744344,251900,33.84
36059,2010,95,577,9356,559,12560,314262,1339532,74914,5.59
36061,2010,147,1163,25118,1323,16716,417671,1585873,2,0.0
36063,2010,30,273,4802,31,1815,30593,216469,48276,22.3
36065,2010,32,280,4283,53,1731,32742,234878,46066,19.61
36067,2010,49,388,6276,117,6960,115127,467026,122215,26.17
36069,2010,12,121,1791,20,1419,24561,107931,14931,13.83
36075,2010,16,121,1864,23,895,15049,122109,9743,7.98
36079,2010,3,21,406,32,912,19940,99710,39109,39.22
36081,2010,278,1400,28664,1342,12280,291438,2230722,7451,0.33
36085,2010,35,216,3850,207,3726,84972,468730,22938,4.89
36087,2010,22,128,2576,96,2205,59459,311687,92703,29.74
36089,2010,19,128,2070,34,790,16869,111944,15983,14.28
36093,2010,17,166,2876,36,1596,31029,154727,55632,35.95
36101,2010,13,85,1381,23,1203,21024,98990,11349,11.47
36103,2010,86,599,10426,519,14639,363972,1493350,453548,30.37
36105,2010,14,77,1407,30,668,13559,77547,10838,13.98
36109,2010,5,47,747,18,1521,27706,101564,17871,17.6
36111,2010,15,135,2291,47,1905,39516,182493,46797,25.64
36117,2010,18,113,1899,12,756,13253,93772,13798,14.71
36119,2010,52,294,5116,443,9964,243088,949113,142030,14.96
36121,2010,7,71,1551,9,361,6183,42155,7891,18.72
37001,2010,27,191,3209,22,891,14146,151131,40792,26.99
37003,2010,5,31,492,4,134,1926,37198,2416,6.49
37007,2010,4,32,435,5,118,1797,26948,1551,5.76
37011,2010,5,34,499,5,207,3511,17797,0,0.0
37013,2010,9,69,1030,10,393,6372,47759,6999,14.66
37017,2010,10,67,981,7,180,2785,35190,2260,6.42
37019,2010,21,138,2302,19,864,14048,107431,16845,15.68
37021,2010,26,231,3771,46,3130,54464,238318,59094,24.8
37023,2010,20,165,2384,17,634,10187,90912,25189,27.71
37025,2010,22,174,2652,27,1055,17410,178011,39787,22.35
37027,2010,16,145,2337,14,513,7792,83029,29330,35.32
37031,2010,12,113,1657,15,591,9896,66469,16357,24.61
37035,2010,29,253,3756,25,970,15803,154358,40326,26.12
37037,2010,14,92,1366,13,451,7615,63505,5014,7.9
37039,2010,9,59,774,5,214,3516,27444,118,0.43
37047,2010,18,129,2015,13,384,5924,58098,1621,2.79
37049,2010,20,142,2065,16,577,9347,103505,23601,22.8
37051,2010,48,527,7571,48,1546,26212,319431,96550,30.23
37053,2010,4,27,394,9,212,5721,23547,3085,13.1
37055,2010,15,79,1595,17,574,14442,33920,12762,37.62
37061,2010,19,143,1831,13,391,6557,58505,986,1.69
37063,2010,27,354,5151,52,1891,38610,267587,72166,26.97
37065,2010,13,92,1428,10,265,4155,56552,9134,16.15
37067,2010,49,525,7479,67,2526,43270,350670,136579,38.95
37069,2010,9,59,943,8,307,5264,60619,2868,4.73
37071,2010,37,328,4572,32,1358,21593,206086,58343,28.31
37081,2010,58,571,7963,104,3338,58559,488406,102650,21.02
37083,2010,18,163,2212,20,346,5517,54691,9543,17.45
37089,2010,10,110,1748,25,1180,19963,106740,22357,20.95
37091,2010,10,89,1322,7,242,3353,24669,2821,11.43
37093,2010,6,42,631,7,151,2566,46952,10606,22.59
37097,2010,24,238,3536,27,1157,19180,159437,25056,15.72
37101,2010,25,200,3055,34,1021,16869,168878,8429,4.99
37105,2010,14,110,1670,15,446,7126,57866,12463,21.54
37107,2010,19,138,2223,16,510,8897,59495,7316,12.3
37109,2010,13,115,1667,13,523,8882,78265,12888,16.47
37111,2010,9,79,973,9,352,5448,44996,3488,7.75
37119,2010,80,743,12719,195,8316,154034,919628,206382,22.44
37125,2010,16,138,1809,16,714,12052,88247,22380,25.36
37127,2010,24,234,3402,20,688,11222,95840,12635,13.18
37129,2010,27,309,5270,42,1854,31852,202667,64805,31.98
37135,2010,9,88,1104,20,1318,25662,133801,31158,23.29
37145,2010,7,73,991,6,195,3107,39464,2975,7.54
37147,2010,33,279,4086,24,1100,18589,168148,14543,8.65
37151,2010,20,149,2455,23,616,8951,141752,24426,17.23
37153,2010,11,100,1382,11,274,3796,46639,5625,12.06
37155,2010,30,297,3920,28,812,11765,134168,12957,9.66
37157,2010,21,166,2319,20,413,6091,93643,20761,22.17
37159,2010,26,223,3439,21,751,12914,138428,32737,23.65
37163,2010,16,160,3023,13,424,6779,63431,2915,4.6
37165,2010,12,94,1424,7,178,2921,36157,5943,16.44
37169,2010,7,53,728,8,281,4269,47401,8159,17.21
37171,2010,20,209,3152,18,501,7824,73673,6662,9.04
37173,2010,7,33,548,4,118,2264,13981,605,4.33
37179,2010,21,177,2847,28,1249,20811,201292,32195,15.99
37181,2010,11,155,2079,9,281,4653,45422,4541,10.0
37183,2010,66,633,10358,168,8069,146990,900993,173265,19.23
37189,2010,11,190,3200,10,513,8110,51079,3949,7.73
37191,2010,26,224,3530,22,593,10202,122623,25040,20.42
37193,2010,10,114,1590,14,358,4957,69340,8384,12.09
37195,2010,18,165,2338,19,552,8152,81234,5097,6.27
37197,2010,8,49,725,11,198,3166,38406,639,1.66
38015,2010,5,55,886,7,677,10842,81308,19849,24.41
38017,2010,10,276,5547,19,1405,22416,149778,22405,14.96
38059,2010,3,16,136,6,189,2669,27471,8444,30.74
38079,2010,4,41,565,6,171,2440,13937,990,7.1
38099,2010,4,47,536,7,151,2047,11119,2050,18.44
39001,2010,10,61,949,4,106,1463,28550,936,3.28
39003,2010,23,205,3394,17,569,10140,106331,21970,20.66
39005,2010,8,40,731,10,397,6248,53139,1949,3.67
39007,2010,22,155,2368,19,493,9040,101497,16941,16.69
39009,2010,12,92,1632,14,423,8859,64757,15662,24.19
39015,2010,13,98,1542,6,333,6638,44846,4474,9.98
39017,2010,37,258,4350,54,2510,55531,368130,112346,30.52
39019,2010,6,77,1202,4,104,1483,28836,1676,5.81
39021,2010,6,48,656,9,216,3887,40097,408,1.02
39023,2010,18,128,2158,24,808,17167,138333,26637,19.26
39027,2010,10,67,1153,12,435,9245,42040,4052,9.64
39029,2010,18,124,2096,18,561,8893,107841,20732,19.22
39033,2010,8,47,829,8,190,3725,43784,2491,5.69
39035,2010,139,1126,17790,315,8894,186848,1280122,246210,19.23
39037,2010,8,56,805,8,340,6247,52959,2136,4.03
39047,2010,5,28,419,9,200,4355,29030,1227,4.23
39049,2010,112,1438,24430,238,9001,203246,1163414,275641,23.69
39051,2010,8,53,895,5,265,4771,42698,5769,13.51
39057,2010,19,146,2138,21,1061,23799,161573,53645,33.2
39059,2010,12,74,1191,10,229,3810,40087,5798,14.46
39061,2010,84,753,11777,171,7356,162175,802374,218887,27.28
39071,2010,8,52,868,7,210,4562,43589,1880,4.31
39075,2010,6,31,372,9,245,3189,42366,876,2.07
39081,2010,13,117,1914,20,579,10142,69709,14156,20.31
39083,2010,12,92,1417,12,369,6493,60921,9597,15.75
39085,2010,24,209,3361,34,1781,36743,230041,89226,38.79
39089,2010,17,148,2730,22,1200,24426,166492,26577,15.96
39091,2010,9,89,1376,14,267,4769,45858,3483,7.59
39093,2010,37,326,4809,54,1995,37880,301356,77344,25.67
39099,2010,37,283,4587,56,1893,31511,238823,69801,29.23
39103,2010,13,107,1679,21,1811,29723,172332,44493,25.82
39107,2010,5,44,665,7,242,3534,40814,3252,7.97
39109,2010,14,112,1647,9,480,10303,102506,15636,15.25
39113,2010,74,631,10328,77,3629,80957,535153,158183,29.56
39119,2010,13,98,1671,15,520,9400,86074,15122,17.57
39133,2010,19,118,1957,19,844,17297,161419,33164,20.55
39137,2010,6,34,519,6,170,1673,34499,5023,14.56
39139,2010,18,163,2705,24,795,16509,124475,26630,21.39
39141,2010,13,111,1644,11,434,8702,78064,8566,10.97
39143,2010,10,92,1309,11,413,7321,60944,6159,10.11
39145,2010,16,118,2096,13,474,9632,79499,13468,16.94
39149,2010,6,54,814,9,369,6950,49423,7569,15.32
39151,2010,51,404,6587,64,2964,61712,375586,103577,27.58
39153,2010,58,526,8545,88,4917,100404,541781,189680,35.01
39155,2010,41,349,5598,47,1552,26795,210312,46163,21.95
39157,2010,19,146,2511,16,738,12650,92582,17559,18.97
39159,2010,6,45,693,6,181,4015,52300,7338,14.03
39165,2010,15,97,2149,27,1856,38141,212693,69595,32.72
39167,2010,13,84,1646,13,512,9906,61778,5187,8.4
39173,2010,20,320,4705,22,741,14797,125488,36555,29.13
40013,2010,10,68,1154,5,130,1819,42416,8287,19.54
40019,2010,17,121,2215,9,173,3353,47557,4569,9.61
40027,2010,26,189,3342,45,1326,30172,255755,61262,23.95
40037,2010,11,107,1761,7,299,4782,69967,13189,18.85
40079,2010,17,134,2103,6,228,3231,50384,6919,13.73
40089,2010,6,33,606,7,173,3880,33151,5474,16.51
40091,2010,4,25,417,5,163,3515,20252,2583,12.76
40101,2010,17,131,2071,11,319,5849,70990,8901,12.54
40109,2010,102,795,12914,176,4312,99818,718633,183238,25.5
40113,2010,7,49,732,3,101,1500,47472,13639,28.73
40121,2010,10,111,1524,6,122,1908,45837,19048,41.56
40123,2010,8,70,858,5,86,1462,37492,8275,22.07
40137,2010,10,72,1184,8,168,2784,45048,7586,16.84
40139,2010,5,32,512,4,78,1224,20640,17165,83.16
40143,2010,79,732,11996,78,4443,82979,603403,154010,25.52
41001,2010,3,38,618,8,197,4145,16134,5866,36.36
41003,2010,5,27,502,15,772,17659,85579,17285,20.2
41019,2010,6,73,1109,22,764,17797,107667,29194,27.12
41029,2010,11,200,3519,36,1663,42684,203206,33532,16.5
41035,2010,4,82,1562,14,400,10553,66380,22196,33.44
41039,2010,19,232,3928,59,2756,67492,351715,53955,15.34
41041,2010,5,21,547,19,514,11479,46034,7013,15.23
41043,2010,8,93,2063,23,682,14450,116672,28180,24.15
41051,2010,27,362,6090,133,5530,136604,735334,92502,12.58
42001,2010,9,53,874,15,720,10902,101407,11466,11.31
42003,2010,134,1138,17514,204,13267,260528,1223348,351583,28.74
42005,2010,12,102,1644,16,491,7347,68941,3674,5.33
42007,2010,23,208,3123,27,1369,20085,170539,67605,39.64
42009,2010,10,85,1040,12,367,6216,49762,6537,13.14
42011,2010,30,220,4111,76,3687,59782,411442,63317,15.39
42013,2010,25,264,4045,18,1162,22196,127089,23261,18.3
42015,2010,13,97,1422,16,553,8824,62622,7590,12.12
42017,2010,47,976,15036,101,7668,151859,625249,212534,33.99
42019,2010,19,193,3441,30,1467,25726,183862,41421,22.53
42025,2010,10,57,965,11,439,8104,65249,7549,11.57
42029,2010,29,251,4102,68,5121,109164,498886,195262,39.14
42031,2010,8,111,1775,14,289,4490,39988,2758,6.9
42033,2010,20,153,2422,16,524,9779,81642,11640,14.26
42037,2010,12,98,1513,10,785,11227,67295,7456,11.08
42041,2010,19,166,2457,37,3495,59734,235406,46342,19.69
42043,2010,27,226,4019,53,3020,49220,268100,107615,40.14
42045,2010,51,341,5418,112,5187,121046,558979,114579,20.5
42047,2010,5,31,421,8,201,2925,31946,3039,9.51
42049,2010,38,292,4840,38,2496,43229,280566,73860,26.33
42051,2010,22,181,3201,29,1126,18659,136606,22600,16.54
42059,2010,8,65,1000,9,466,9527,38686,6042,15.62
42061,2010,11,68,1002,6,323,5545,45913,1332,2.9
42063,2010,12,113,1737,10,555,7490,88880,9691,10.9
42065,2010,12,56,814,11,359,5731,45200,2389,5.28
42069,2010,32,223,3729,43,3064,48853,214437,24220,11.29
42071,2010,47,673,13776,110,7678,117026,519445,133673,25.73
42073,2010,17,181,2671,9,557,10173,91108,26492,29.08
42075,2010,11,99,1690,32,1419,21845,133568,24983,18.7
42077,2010,26,268,4185,78,3945,68379,349497,91342,26.14
42079,2010,46,384,6596,59,3502,55338,320918,56425,17.58
42085,2010,22,196,2980,19,739,13541,116638,16447,14.1
42089,2010,17,152,2431,25,1747,32091,169842,50922,29.98
42091,2010,46,355,5531,139,9859,208178,799874,231495,28.94
42097,2010,13,93,1375,18,794,10597,94528,11348,12.0
42101,2010,198,1231,22004,527,9727,225175,1526006,13014,0.85
42107,2010,20,124,2411,34,1387,20450,148289,9833,6.63
42109,2010,8,89,1159,14,505,7576,39702,1980,4.99
42113,2010,4,23,261,4,122,1834,6428,2211,34.4
42117,2010,9,97,1465,8,275,4255,41981,1379,3.28
42121,2010,9,80,1322,15,373,5805,54984,4631,8.42
42125,2010,20,154,2453,34,1461,24329,207820,56007,26.95
42127,2010,9,58,773,15,622,10093,52822,2138,4.05
42129,2010,52,415,6516,53,2580,48143,365169,121341,33.23
42133,2010,43,385,5754,64,4356,70781,434972,113962,26.2
44003,2010,18,244,4704,23,1484,35873,166158,53506,32.2
44007,2010,53,571,11477,121,5231,113686,626667,124418,19.85
44009,2010,17,166,3971,32,1588,36527,126979,42981,33.85
45003,2010,32,276,4269,30,1187,22868,160099,35221,22.0
45007,2010,38,294,4967,26,1546,25754,187126,56938,30.43
45009,2010,9,67,931,4,91,1905,15987,2415,15.11
45013,2010,20,186,2827,32,1633,35692,162233,49037,30.23
45015,2010,23,201,3361,18,892,15166,177843,40370,22.7
45019,2010,55,424,7077,90,3757,74729,350209,64105,18.3
45025,2010,12,86,1265,13,339,5061,46734,6370,13.63
45027,2010,11,66,1036,5,305,3506,34971,1667,4.77
45029,2010,8,69,1037,13,355,5285,38892,9243,23.76
45031,2010,17,160,2316,13,569,8338,68681,9759,14.21
45033,2010,9,70,1015,7,171,2955,32062,3257,10.16
45035,2010,16,151,2369,16,1012,18432,136555,26712,19.56
45041,2010,35,315,4876,41,1039,18807,136885,30786,22.49
45045,2010,77,583,9474,86,4266,91170,451225,144872,32.11
45051,2010,75,568,9212,56,2259,45059,269291,46637,17.32
45057,2010,9,68,1184,22,473,8538,76652,10055,13.12
45063,2010,52,370,6000,41,1914,33269,262391,60873,23.2
45075,2010,31,289,4160,26,803,11961,92501,12326,13.33
45079,2010,48,444,7416,57,2778,49199,384504,103362,26.88
45085,2010,24,205,3002,21,899,10364,107456,23788,22.14
45087,2010,11,63,892,7,179,2675,28961,2488,8.59
45089,2010,12,78,2148,9,260,4095,34423,2577,7.49
45091,2010,36,298,4628,39,1562,26477,226073,51932,22.97
46019,2010,3,41,842,4,97,1775,10110,2435,24.08
46099,2010,14,144,2841,24,2308,36594,169468,33775,19.93
46103,2010,8,54,1295,21,744,13195,100948,30385,30.1
46109,2010,4,56,890,5,95,1137,10149,4390,43.26
47001,2010,11,108,1747,13,643,11588,75129,14017,18.66
47009,2010,15,99,1668,16,778,14144,123010,40483,32.91
47011,2010,12,111,1617,19,473,7929,98963,27711,28.0
47013,2010,8,50,834,10,221,3917,40716,6372,15.65
47023,2010,5,42,629,5,116,1425,17131,2284,13.33
47025,2010,4,29,409,7,244,3409,32213,6096,18.92
47031,2010,13,76,1324,11,258,4856,52796,8085,15.31
47035,2010,9,90,1463,9,450,8346,56053,8083,14.42
47037,2010,73,930,16817,134,4873,117483,626681,153981,24.57
47041,2010,5,46,579,4,61,1012,18723,433,2.31
47045,2010,12,78,1208,9,179,3174,38335,11278,29.42
47049,2010,5,65,764,6,100,1255,17959,49,0.27
47051,2010,7,54,753,10,175,3317,41052,7667,18.68
47065,2010,53,393,6654,62,2526,46196,336463,127478,37.89
47071,2010,7,53,744,8,180,3270,26026,3073,11.81
47081,2010,5,36,712,4,80,1015,24690,2279,9.23
47093,2010,42,438,7077,71,4140,78903,432226,166361,38.49
47115,2010,7,49,802,4,127,2175,28237,2115,7.49
47119,2010,16,137,1934,15,626,13841,80956,13115,16.2
47123,2010,12,81,1188,7,309,5921,44519,2263,5.08
47133,2010,6,60,899,7,117,1933,22083,350,1.59
47139,2010,8,51,783,3,86,1536,16825,42,0.25
47145,2010,10,59,1082,7,376,7169,54181,13850,25.56
47149,2010,31,283,4452,36,1811,41989,262604,61980,23.6
47151,2010,5,25,466,4,67,981,22228,1314,5.91
47155,2010,18,143,2496,22,1091,21428,89889,11506,12.8
47157,2010,125,1288,19440,189,6356,144805,927644,254098,27.39
47161,2010,5,28,367,4,71,1214,13324,1929,14.48
47163,2010,22,181,2988,23,1222,19912,156823,58586,37.36
47177,2010,13,132,2047,9,239,4153,39839,2343,5.88
48001,2010,13,69,1224,4,210,3823,58458,24126,41.27
48037,2010,23,143,2332,13,499,9108,92565,27240,29.43
48039,2010,32,260,4225,29,2095,38992,313166,82488,26.34
48041,2010,16,134,2310,21,1671,29752,194851,66010,33.88
48049,2010,9,79,1506,6,170,2902,38106,15830,41.54
48061,2010,65,427,6838,47,2589,54062,406220,112245,27.63
48071,2010,5,42,1059,7,175,2923,35096,6360,18.12
48085,2010,44,354,6257,80,6691,136291,782341,116558,14.9
48113,2010,260,2113,38248,370,18387,379465,2368139,473273,19.99
48121,2010,44,420,6646,51,3450,67004,662614,143217,21.61
48135,2010,20,130,2501,16,1002,17712,137130,30948,22.57
48141,2010,120,982,15221,110,4426,78235,800647,179137,22.37
48157,2010,32,234,4714,71,4371,86543,585375,177770,30.37
48167,2010,30,225,3901,42,2156,44690,291309,101777,34.94
48183,2010,33,249,4006,16,981,19631,121730,29652,24.36
48199,2010,9,46,879,7,277,5337,54635,15213,27.84
48201,2010,348,2771,49102,718,32255,665281,4092459,886069,21.65
48203,2010,17,95,1593,11,333,6809,65631,11560,17.61
48213,2010,18,111,1865,13,372,7863,78532,19106,24.33
48215,2010,118,763,12803,65,5140,101690,774769,330466,42.65
48221,2010,7,52,829,13,417,7573,51182,17970,35.11
48223,2010,4,30,431,3,132,2045,35161,5636,16.03
48225,2010,5,29,457,5,135,2558,23732,9135,38.49
48245,2010,39,266,4603,44,1869,35339,252273,72991,28.93
48249,2010,8,53,848,12,319,6192,40838,7568,18.53
48251,2010,21,157,2671,16,640,15641,150934,34247,22.69
48257,2010,15,111,1923,10,428,10035,103350,8744,8.46
48277,2010,12,109,1877,6,214,3896,49793,15754,31.64
48279,2010,5,41,604,6,134,2260,13977,505,3.61
48291,2010,11,69,1226,14,463,7946,75643,15789,20.87
48323,2010,17,111,1829,9,470,9782,54258,17177,31.66
48329,2010,13,105,1716,13,1064,19092,136872,40560,29.63
48339,2010,39,332,5749,43,3397,70589,455746,100452,22.04
48341,2010,4,35,581,4,126,2046,21904,6929,31.64
48349,2010,11,128,1862,8,320,7263,47735,12922,27.07
48361,2010,14,88,1535,14,552,9851,81837,19949,24.38
48363,2010,5,26,387,8,118,1950,28111,10532,37.46
48365,2010,4,18,307,4,186,3126,23796,4697,19.74
48367,2010,9,70,1248,8,461,8795,116927,21113,18.06
48375,2010,21,155,2784,13,1161,19883,121073,37056,30.61
48399,2010,4,25,408,3,94,1429,10501,3026,28.82
48401,2010,9,51,1020,5,199,3926,53330,14339,26.89
48419,2010,7,43,681,6,188,3266,25448,3832,15.06
48439,2010,164,1364,22269,221,12987,248482,1809034,503753,27.85
48441,2010,17,125,2034,12,1113,19269,131506,37889,28.81
48449,2010,6,47,834,6,195,3440,32334,4538,14.03
48451,2010,16,108,1802,13,731,14100,110224,33804,30.67
48453,2010,58,565,9911,129,10800,251060,1024266,296491,28.95
48471,2010,6,45,513,6,316,5779,67861,20157,29.7
48477,2010,4,29,400,5,312,5918,33718,4547,13.49
48479,2010,29,229,3325,43,2140,45318,250304,44797,17.9
48485,2010,19,194,2753,14,1039,17207,131500,43104,32.78
48497,2010,13,74,1085,8,184,3727,59127,3662,6.19
49003,2010,6,70,734,5,395,6827,49975,8873,17.75
49011,2010,16,144,2348,22,1740,33070,306479,85082,27.76
49013,2010,4,27,571,5,266,4529,18607,5147,27.66
49027,2010,4,30,467,5,197,2002,12503,5078,40.61
49035,2010,56,626,11977,135,8193,169715,1029655,118179,11.48
49049,2010,21,202,3178,48,2925,56638,516564,118502,22.94
49053,2010,11,149,2228,16,842,18606,138115,38175,27.64
49057,2010,19,200,4837,35,1696,37692,231236,57291,24.78
50015,2010,5,46,746,10,404,7414,24475,543,2.22
50019,2010,7,58,919,17,436,7182,27231,4360,16.01
50023,2010,9,94,1394,26,1083,18538,59534,5880,9.88
50025,2010,7,51,885,19,684,13585,44513,4259,9.57
50027,2010,8,120,2402,29,550,9545,56670,7079,12.49
51001,2010,10,87,1315,10,251,4345,33164,1528,4.61
51003,2010,7,81,1223,21,941,22434,98970,15462,15.62
51011,2010,5,23,360,3,147,2054,14973,445,2.97
51013,2010,9,41,953,42,1542,43863,207627,5136,2.47
51015,2010,12,79,1342,11,271,4242,73750,9496,12.88
51019,2010,5,23,444,10,308,6954,68676,7638,11.12
51027,2010,6,67,1128,6,241,3212,24098,1357,5.63
51041,2010,30,274,4623,41,2429,46846,316236,116514,36.84
51047,2010,4,31,592,11,382,6679,46689,2194,4.7
51051,2010,5,25,395,4,146,2341,15903,30,0.19
51053,2010,4,34,535,6,154,2617,28001,5848,20.89
51059,2010,43,224,5007,184,8663,239959,1081726,205515,19.0
51061,2010,5,24,465,12,555,13403,65203,8123,12.46
51079,2010,4,23,341,3,98,1713,18403,0,0.0
51083,2010,9,65,823,9,163,2737,36241,9534,26.31
51085,2010,9,86,1173,14,932,17264,99863,19821,19.85
51087,2010,28,308,4957,67,3319,69451,306935,69020,22.49
51089,2010,12,146,2051,14,300,4882,54151,10402,19.21
51107,2010,16,110,2137,49,3551,85294,312311,39430,12.63
51121,2010,7,76,1169,17,616,11978,94392,7891,8.36
51135,2010,4,30,476,5,57,957,15853,7976,50.31
51143,2010,13,96,1273,8,237,3387,63506,9790,15.42
51147,2010,4,65,796,6,110,1832,23368,3510,15.02
51153,2010,22,153,3086,62,3387,81552,402002,82733,20.58
51155,2010,8,71,1233,7,314,5751,34872,5227,14.99
51165,2010,11,72,1000,11,290,4468,76314,14849,19.46
51167,2010,5,33,488,5,151,2319,28897,2118,7.33
51169,2010,8,55,853,5,296,4616,23177,2780,12.0
51191,2010,11,112,1676,13,532,8640,54876,6863,12.51
51193,2010,5,27,430,5,132,2066,17454,3074,17.61
51195,2010,13,83,1392,10,551,8278,41452,3924,9.47
51197,2010,6,30,629,5,166,2446,29235,1167,3.99
51510,2010,8,35,748,29,1459,40888,139966,0,0.0
51520,2010,5,37,487,6,385,6985,17835,5023,28.16
51540,2010,4,63,1004,19,760,16939,43475,1153,2.65
51590,2010,12,119,1967,17,391,6588,43055,6395,14.85
51640,2010,3,52,869,4,165,2774,7042,190,2.69
51660,2010,11,104,1893,17,633,11302,48914,4208,8.6
51670,2010,5,28,552,8,133,2500,22591,6541,28.95
51680,2010,11,103,1622,15,679,12905,75568,19951,26.4
51740,2010,18,154,2459,13,559,10005,95535,14240,14.91
51760,2010,25,198,3359,63,1568,31329,204214,41569,20.36
51770,2010,16,136,2389,26,837,15812,97032,23017,23.72
51800,2010,7,57,903,17,679,10919,84585,16356,19.34
51810,2010,40,415,6280,73,3629,67248,437994,78720,17.97
51820,2010,6,73,1057,8,373,7525,21006,3256,15.5
53005,2010,9,175,2842,19,991,26170,175177,37788,21.57
53007,2010,5,83,1506,19,648,14628,72453,15758,21.75
53011,2010,12,167,2898,57,2580,63703,425363,88356,20.77
53015,2010,11,185,4133,15,649,15779,102410,27626,26.98
53025,2010,4,57,990,22,566,12768,89120,20205,22.67
53027,2010,10,72,1537,34,639,16362,72797,14221,19.53
53033,2010,63,609,10885,498,17666,479038,1931249,333424,17.26
53041,2010,6,92,2190,29,677,15242,75455,12728,16.87
53053,2010,34,734,9815,142,4554,127343,795225,266740,33.54
53061,2010,24,254,4182,152,5455,148707,713335,173059,24.26
53063,2010,23,339,5854,83,3738,94860,471221,80077,16.99
53065,2010,4,19,296,9,259,5953,43531,12902,29.64
53073,2010,9,91,1487,34,1701,39316,201140,50884,25.3
53077,2010,13,129,2160,62,1812,40423,243231,30242,12.43
54005,2010,7,83,1285,6,173,3495,24629,751,3.05
54011,2010,22,189,3184,18,674,13561,96319,12569,13.05
54019,2010,12,83,1379,13,291,5592,46039,6288,13.66
54025,2010,12,135,2181,6,232,5011,35480,3720,10.48
54027,2010,7,43,606,4,87,1296,23964,6117,25.53
54033,2010,16,142,2110,13,405,8199,69099,11092,16.05
54035,2010,7,54,877,3,124,2677,29211,3449,11.81
54039,2010,40,318,5402,39,1572,32029,193063,48214,24.97
54045,2010,9,65,1056,14,305,5743,36743,1933,5.26
54049,2010,12,90,1487,8,310,5441,56418,7896,14.0
54051,2010,5,55,789,6,219,4509,33107,8418,25.43
54055,2010,15,147,2040,15,372,8119,62264,13304,21.37
54059,2010,6,42,730,5,57,855,26839,271,1.01
54061,2010,11,88,1523,13,651,14551,96189,24543,25.52
54077,2010,9,79,1588,5,121,1681,33520,7447,22.22
54081,2010,20,185,3014,15,508,10351,78859,25057,31.78
54097,2010,5,33,546,5,159,3175,24254,961,3.96
54099,2010,5,34,531,6,98,1415,42481,5924,13.95
54103,2010,7,41,648,6,141,2380,16583,7203,43.44
55005,2010,10,212,4070,8,298,4947,45870,3811,8.31
55025,2010,24,403,6995,77,4623,84997,488073,110749,22.69
55035,2010,8,77,960,15,965,13653,98736,26549,26.89
55039,2010,12,195,4056,14,823,14560,101633,14228,14.0
55043,2010,10,197,3141,12,302,4581,51208,6565,12.82
55045,2010,7,104,1892,7,267,4766,36842,5301,14.39
55055,2010,7,28,671,15,685,9930,83686,7620,9.11
55059,2010,10,93,1435,26,1197,27491,166426,46129,27.72
55069,2010,6,37,561,5,414,5761,28743,4904,17.06
55073,2010,16,276,5440,28,1085,17541,134063,27814,20.75
55075,2010,6,30,450,11,559,7526,41749,7521,18.01
55079,2010,62,774,12947,203,6912,144515,947735,124078,13.09
55085,2010,5,27,447,6,404,5964,35998,4305,11.96
55093,2010,3,42,789,7,306,4886,41019,5318,12.96
55095,2010,8,44,652,12,377,5962,44205,983,2.22
55099,2010,7,75,1074,4,177,2997,14159,1638,11.57
55101,2010,13,218,3434,36,895,16755,195408,57826,29.59
55105,2010,17,301,5174,24,982,21369,160331,49550,30.9
55111,2010,10,226,4312,13,529,8156,61976,3246,5.24
55115,2010,6,31,419,6,171,2921,41949,6489,15.47
55135,2010,10,214,4635,9,514,8042,52410,8031,15.32
55137,2010,5,49,958,8,180,2906,24496,309,1.26
56007,2010,5,46,954,5,123,4082,15885,8596,54.11
56013,2010,6,60,1361,10,494,7705,40123,6165,15.37
56021,2010,5,55,825,10,470,11108,91738,22102,24.09
56025,2010,9,84,1496,11,409,9847,75450,32267,42.77
