GeoID,Year,D_Etab,D_Emp,D_Pay,G_Etab,G_Emp,G_Pay,Pop_2015,FD_num_2015,FD_pct_2015,D_Cap,G_Cap
1001,2015,11,93,1703,5,283,5691,55035,17497,32.06,1591,11007
1003,2015,50,429,7054,30,1774,36515,203690,30561,16.77,611,6790
1005,2015,8,60,844,4,159,2733,26270,6070,22.11,759,6568
1007,2015,5,40,596,5,111,2497,22561,969,4.23,194,4512
1015,2015,34,263,4461,29,832,15066,115285,27786,23.43,817,3975
1017,2015,10,72,1020,7,225,3736,34043,7132,20.84,713,4863
1019,2015,9,54,794,5,98,1727,25726,104,0.4,12,5145
1021,2015,9,74,1066,7,179,3820,43809,1470,3.37,163,6258
1025,2015,14,131,1866,6,290,4709,24726,5713,22.11,408,4121
1027,2015,5,36,534,3,103,1440,13495,643,4.61,129,4498
1031,2015,13,113,1696,6,266,5752,51063,10486,20.99,807,8511
1033,2015,16,116,1863,8,340,4763,54295,11096,20.39,694,6787
1039,2015,13,102,1392,6,300,5120,37661,3769,9.98,290,6277
1043,2015,25,204,3371,17,621,10088,81858,5900,7.34,236,4815
1045,2015,13,112,1575,6,106,2169,49370,14037,27.93,1080,8228
1047,2015,14,119,1566,8,253,4960,40893,7640,17.44,546,5112
1049,2015,17,141,2240,14,326,5161,70996,2680,3.77,158,5071
1051,2015,18,137,2200,8,293,5800,81238,15064,19,837,10155
1053,2015,15,209,2062,4,177,2949,37827,5059,13.2,337,9457
1055,2015,28,272,4093,14,462,9013,102873,23290,22.3,832,7348
1059,2015,7,74,1012,9,195,3196,31542,3663,11.56,523,3505
1061,2015,8,60,1086,10,273,4052,26755,605,2.26,76,2676
1067,2015,4,35,554,3,85,1158,17191,805,4.66,201,5730
1069,2015,32,271,3920,16,863,18506,104225,18341,18.06,573,6514
1071,2015,12,72,1450,10,218,3099,52298,4219,7.93,352,5230
1073,2015,128,1296,19553,105,5189,107877,660007,205658,31.23,1607,6286
1075,2015,7,40,904,3,77,1235,13902,230,1.58,33,4634
1077,2015,27,194,3162,21,737,12851,92477,12476,13.46,462,4404
1081,2015,26,257,3901,18,982,20343,156767,36836,26.27,1417,8709
1083,2015,16,124,2080,9,361,8648,91622,9339,11.28,584,10180
1087,2015,6,51,805,4,121,1806,19215,8051,37.53,1342,4804
1089,2015,68,639,9934,44,2514,56462,353302,88544,26.45,1302,8030
1091,2015,8,88,1009,3,113,1927,19912,5125,24.37,641,6637
1093,2015,7,50,823,4,65,1399,30145,1929,6.27,276,7536
1095,2015,25,241,3528,23,716,11545,94693,10485,11.27,419,4117
1097,2015,110,988,14831,59,2730,50585,414634,103769,25.13,943,7028
1099,2015,9,64,984,5,151,2136,21697,5712,24.76,635,4339
1101,2015,47,496,7279,33,1685,30313,226868,66181,28.85,1408,6875
1103,2015,27,201,3176,18,594,13906,119387,15514,12.98,575,6633
1105,2015,4,25,400,3,52,915,9683,882,8.32,221,3228
1107,2015,7,55,860,4,131,1907,20827,529,2.68,76,5207
1109,2015,8,65,881,6,170,2876,33376,4535,13.79,567,5563
1111,2015,8,50,691,3,132,2444,22703,3375,14.73,422,7568
1113,2015,21,202,3044,11,333,6439,58858,6226,11.76,296,5351
1115,2015,23,151,2443,14,269,5939,86986,4562,5.46,198,6213
1117,2015,25,202,3232,28,1449,35800,208527,47122,24.15,1885,7447
1119,2015,6,46,672,3,67,760,13244,2305,16.74,384,4415
1121,2015,25,185,2821,8,322,6504,80749,11038,13.41,442,10094
1123,2015,16,119,1809,7,367,5194,40755,3485,8.37,218,5822
1125,2015,38,405,6043,25,1423,28177,204321,34860,17.91,917,8173
1127,2015,20,165,2519,10,343,5829,65291,7859,11.73,393,6529
1131,2015,6,47,682,6,56,1052,11030,4997,42.82,833,1838
1133,2015,7,55,774,6,199,3839,23854,1459,5.96,208,3976
2020,2015,6,57,1952,33,1445,43417,298312,80040,27.43,13340,9040
2050,2015,14,269,2760,22,466,8435,17940,11505,67.62,822,815
2122,2015,5,27,760,19,627,19323,58044,10889,19.65,2178,3055
2180,2015,3,41,584,18,261,5420,9875,5276,55.58,1759,549
2185,2015,5,26,512,8,133,3562,9690,5522,58.56,1104,1211
2290,2015,4,29,424,9,32,810,5541,5588,100,1397,616
4001,2015,9,74,961,9,330,6830,71594,50447,70.54,5605,7955
4003,2015,19,174,2293,17,684,17016,126395,55219,42.04,2906,7435
4005,2015,17,133,2294,21,1366,31819,139076,41436,30.83,2437,6623
4007,2015,7,68,912,7,356,9564,53138,17451,32.56,2493,7591
4013,2015,241,3178,50788,496,30021,770632,4161637,511216,13.39,2121,8390
4015,2015,32,331,5217,19,1421,35360,204165,88342,44.13,2761,10746
4017,2015,22,156,2442,14,697,15982,108363,41411,38.54,1882,7740
4019,2015,91,992,14982,132,8096,207063,1008205,218482,22.29,2401,7638
4021,2015,30,322,5050,30,1631,40015,406220,80762,21.49,2692,13541
4023,2015,12,88,1476,9,270,6567,46137,12583,26.54,1049,5126
4025,2015,31,275,4326,30,2023,51424,221584,68597,32.51,2213,7386
4027,2015,24,227,3506,31,1104,23638,203706,39777,20.32,1657,6571
5001,2015,6,42,698,4,203,3023,18373,7184,37.77,1197,4593
5005,2015,10,81,1327,7,322,5667,41070,4618,11.12,462,5867
5007,2015,31,232,3939,36,1679,40711,250851,34547,15.61,1114,6968
5009,2015,12,122,2019,7,166,3571,37229,8412,22.79,701,5318
5015,2015,8,48,765,5,140,2838,27744,1943,7.08,243,5549
5023,2015,9,72,939,7,133,2466,25469,2342,9.02,260,3638
5027,2015,7,66,965,3,88,1642,24140,4237,17.26,605,8047
5029,2015,7,33,608,4,89,1892,20994,3553,16.7,508,5249
5031,2015,27,198,3195,21,721,14537,104362,15955,16.54,591,4970
5035,2015,14,114,1629,8,380,5842,48985,6477,12.72,463,6123
5045,2015,23,187,2745,13,880,17274,121343,18909,16.7,822,9334
5051,2015,25,215,3188,16,617,12787,97154,27118,28.24,1085,6072
5055,2015,9,64,1052,7,232,3559,44167,9621,22.86,1069,6310
5057,2015,5,54,780,3,97,1980,22038,6581,29.11,1316,7346
5059,2015,8,45,755,6,124,1857,33483,5166,15.69,646,5581
5063,2015,9,59,1000,7,184,3551,37073,5563,15.18,618,5296
5065,2015,8,47,674,4,107,1428,13454,151,1.1,19,3364
5067,2015,6,25,447,3,112,1750,17350,3108,17.27,518,5783
5069,2015,23,201,3079,16,580,9925,71764,14581,18.83,634,4485
5085,2015,19,131,2067,8,374,7018,71697,12276,17.96,646,8962
5091,2015,11,76,1231,7,221,3155,43899,14529,33.43,1321,6271
5093,2015,12,109,1597,12,315,5646,43699,5863,12.61,489,3642
5103,2015,8,65,929,5,162,2651,24370,6757,25.87,845,4874
5107,2015,9,46,598,7,95,1649,19534,10961,50.38,1218,2791
5111,2015,9,63,873,5,151,2248,24028,8364,34.02,929,4806
5113,2015,7,52,870,4,52,833,20225,7940,38.43,1134,5056
5115,2015,16,164,2395,8,454,9357,63492,8395,13.59,525,7937
5119,2015,74,707,10604,58,2928,62890,392932,101839,26.61,1376,6775
5123,2015,8,73,809,6,74,1373,26578,7660,27.11,958,4430
5125,2015,26,177,3100,11,478,8324,117358,23913,22.32,920,10669
5129,2015,3,22,242,3,80,1133,7850,2757,33.64,919,2617
5131,2015,23,220,3810,18,525,11645,127590,12919,10.27,562,7088
5135,2015,7,47,647,3,78,1238,16931,3878,22.47,554,5644
5139,2015,12,114,1617,8,205,3946,40158,10944,26.28,912,5020
5143,2015,28,194,3145,35,1837,38140,224233,29544,14.55,1055,6407
5145,2015,26,182,2929,13,519,9164,79013,9452,12.26,364,6078
6001,2015,59,1165,15818,370,13748,403050,1632747,107964,7.15,1830,4413
6007,2015,20,273,4111,50,1767,50667,225251,46598,21.18,2330,4505
6009,2015,4,16,160,11,514,10607,44840,4578,10.04,1145,4076
6011,2015,5,20,361,9,92,1957,21318,1771,8.27,354,2369
6013,2015,45,918,13665,204,9680,295473,1123231,200374,19.1,4453,5506
6017,2015,8,118,2726,35,1778,50995,184359,52705,29.11,6588,5267
6019,2015,86,1126,16888,248,6251,163954,972130,85484,9.19,994,3920
6021,2015,4,35,539,8,120,2753,27961,2538,9.02,635,3495
6023,2015,15,136,2207,43,1445,38813,135383,21099,15.67,1407,3148
6025,2015,19,315,4728,33,908,22832,179806,30616,17.54,1611,5449
6029,2015,93,1067,17485,190,5968,131220,879497,122097,14.54,1313,4629
6031,2015,10,140,2075,30,682,17839,150331,29477,19.27,2948,5011
6035,2015,3,34,302,7,200,5458,31333,17122,49.07,5707,4476
6037,2015,661,10175,190835,2056,78734,2060293,10112255,622625,6.34,942,4918
6039,2015,10,158,2297,36,1047,28668,154306,31477,20.86,3148,4286
6041,2015,13,180,2847,71,3767,120554,261054,30189,11.96,2322,3677
6045,2015,12,98,1345,46,1435,39466,87353,15255,17.37,1271,1899
6047,2015,23,359,5415,65,1310,34322,267101,40077,15.67,1742,4109
6053,2015,24,273,4705,113,3139,89475,432007,51148,12.32,2131,3823
6055,2015,5,29,745,40,1664,47654,141854,13840,10.14,2768,3546
6057,2015,5,46,622,28,1306,37064,98829,26700,27.03,5340,3530
6059,2015,162,2698,48038,525,27450,727412,3156573,195971,6.51,1210,6013
6061,2015,20,301,4779,67,3963,112376,374383,54219,15.56,2711,5588
6065,2015,138,2176,32300,367,17481,485161,2352892,437849,20,3173,6411
6067,2015,67,1775,19592,276,11308,311012,1496644,193705,13.65,2891,5423
6071,2015,152,2750,46132,317,13746,365103,2122545,433153,21.28,2850,6696
6073,2015,133,2572,42152,615,27228,694677,3290245,424211,13.7,3190,5350
6075,2015,32,390,8104,371,8140,243900,862004,4474,0.56,140,2323
6077,2015,38,836,11926,153,4170,118494,723496,86687,12.65,2281,4729
6079,2015,12,211,3218,80,2955,69006,280960,42276,15.68,3523,3512
6081,2015,25,657,14748,180,7129,221543,763191,69489,9.67,2780,4240
6083,2015,20,337,4791,133,4868,124718,443815,57598,13.59,2880,3337
6085,2015,59,993,14894,362,15561,454349,1910105,132928,7.46,2253,5277
6087,2015,12,177,2889,71,3110,91485,273627,36862,14.05,3072,3854
6089,2015,17,212,3074,38,1361,38679,179301,41275,23.29,2428,4718
6095,2015,17,387,5174,74,3381,90492,434321,72339,17.5,4255,5869
6097,2015,27,337,4483,138,6350,179972,501474,74694,15.44,2766,3634
6099,2015,41,628,8664,134,3903,106719,535385,60420,11.74,1474,3995
6101,2015,5,123,1525,20,577,15625,95978,31557,33.31,6311,4799
6103,2015,7,77,1224,12,407,10309,63073,12744,20.08,1821,5256
6107,2015,45,526,8140,119,2940,70063,458238,59680,13.5,1326,3851
6109,2015,8,87,1127,16,507,15131,53615,16108,29.09,2014,3351
6111,2015,58,852,13925,175,7460,198013,847719,130817,15.89,2255,4844
6113,2015,14,187,2496,42,2147,58697,212202,12376,6.16,884,5052
6115,2015,5,44,795,10,204,5678,74299,14994,20.78,2999,7430
8001,2015,32,307,5039,65,3251,91339,490674,66896,15.15,2091,7549
8005,2015,39,451,7299,97,5830,176890,629241,69482,12.15,1782,6487
8007,2015,3,30,224,4,120,3980,12384,3601,29.8,1200,3096
8013,2015,6,93,1279,58,4059,119467,318738,43147,14.65,7191,5495
8015,2015,3,8,336,7,155,4696,18606,1783,10.01,594,2658
8029,2015,4,32,564,6,264,7036,29950,2612,8.44,653,4992
8031,2015,38,395,6310,127,5695,167134,680032,55276,9.21,1455,5355
8035,2015,7,52,865,27,2251,72399,322381,54681,19.16,7812,11940
8037,2015,5,21,477,17,903,27927,53346,8058,15.44,1612,3138
8041,2015,42,463,7527,59,3984,109042,674290,168374,27.06,4009,11429
8043,2015,3,34,321,5,221,6161,46713,16168,34.53,5389,9343
8059,2015,33,381,5638,61,4819,149860,565143,121653,22.76,3686,9265
8063,2015,3,29,609,4,48,1039,8234,921,11.14,307,2059
8069,2015,18,256,3581,36,2648,72759,333869,56628,18.9,3146,9274
8071,2015,4,32,602,4,83,2257,14067,6182,39.86,1546,3517
8077,2015,11,97,1577,21,1208,33570,148401,46154,31.46,4196,7067
8083,2015,4,39,854,5,212,5722,26153,4196,16.43,1049,5231
8085,2015,6,32,543,9,407,11395,40800,8466,20.51,1411,4533
8099,2015,6,98,2753,3,76,1986,11949,2997,23.88,500,3983
8101,2015,26,218,3862,16,966,24668,163117,58656,36.88,2256,10195
8123,2015,21,162,2617,30,1606,44373,285053,37099,14.67,1767,9502
8125,2015,5,45,470,4,133,2488,10095,2301,22.91,460,2524
9001,2015,42,385,5026,213,10831,306440,944674,268768,29.31,6399,4435
9003,2015,90,1062,18859,262,10440,239638,894692,259189,28.99,2880,3415
9005,2015,12,116,2421,44,2491,56727,183776,34657,18.25,2888,4177
9007,2015,11,154,3006,30,1616,41301,163577,52122,31.46,4738,5453
9009,2015,78,890,15111,205,8716,205963,859073,247957,28.75,3179,4191
9011,2015,29,313,6044,40,2811,61463,270639,99028,36.13,3415,6766
9013,2015,7,58,1002,16,1821,32491,151684,53337,34.93,7620,9480
9015,2015,16,191,3052,23,1107,21852,116615,18808,15.88,1176,5070
10001,2015,22,225,3519,25,1114,18732,173533,25573,15.76,1162,6941
10003,2015,53,873,12395,92,4959,99102,555167,122164,22.69,2305,6034
10005,2015,46,387,6271,48,1871,40424,215376,27649,14.02,601,4487
11001,2015,23,171,3388,190,5172,119704,670377,12688,2.11,552,3528
12001,2015,32,279,4602,41,3131,65367,259402,37664,15.23,1177,6327
12005,2015,46,330,5938,31,1406,32800,181947,56308,33.35,1224,5869
12009,2015,66,618,8879,83,4872,110017,567934,218702,40.25,3314,6843
12011,2015,188,1668,26066,389,18802,441197,1887281,158492,9.07,843,4852
12013,2015,5,51,499,4,107,1894,14468,2636,18.02,527,3617
12015,2015,15,146,2130,20,1566,35534,173194,66893,41.81,4460,8660
12017,2015,31,269,4786,16,1248,26419,140974,43886,31.07,1416,8811
12019,2015,21,181,2943,22,1512,32574,203383,46476,24.35,2213,9245
12021,2015,29,250,4282,60,4145,102853,356570,90597,28.18,3124,5943
12023,2015,18,148,2510,10,386,7967,68286,11078,16.4,615,6829
12027,2015,7,42,709,6,122,2529,35355,3455,9.91,494,5893
12031,2015,130,1345,21715,170,8242,186177,912081,213634,24.72,1643,5365
12033,2015,56,449,7393,49,1838,40545,311236,108622,36.5,1940,6352
12039,2015,11,75,1259,8,233,4323,46032,3971,8.56,361,5754
12051,2015,8,84,1237,10,262,4711,38890,9641,24.63,1205,3889
12053,2015,29,388,6958,22,1676,35399,178326,62289,36.05,2148,8106
12055,2015,20,130,2287,14,719,15042,99447,32757,33.16,1638,7103
12057,2015,158,1298,21774,277,12018,250814,1347077,300321,24.43,1901,4863
12059,2015,6,43,693,3,111,1583,19329,3133,15.72,522,6443
12061,2015,16,147,2066,28,1630,36312,147792,51309,37.17,3207,5278
12063,2015,20,138,2328,8,237,4174,48590,2725,5.48,136,6074
12069,2015,50,477,7191,39,2384,53507,325518,81690,27.5,1634,8347
12071,2015,84,783,12479,115,7009,165917,700285,158943,25.69,1892,6089
12073,2015,40,375,5230,37,2949,59262,286187,79834,28.98,1996,7735
12079,2015,6,43,570,3,159,2798,18398,4053,21.08,676,6133
12081,2015,38,356,5579,50,3282,70724,363110,70205,21.75,1848,7262
12083,2015,69,535,8336,56,2812,61950,343514,90424,27.29,1310,6134
12085,2015,14,143,1915,36,1843,40748,155804,44382,30.33,3170,4328
12086,2015,332,2055,36416,659,23679,535667,2692593,133181,5.33,401,4086
12087,2015,16,115,2248,25,1345,33744,78728,20457,27.99,1279,3149
12089,2015,13,74,1375,10,706,15503,78470,17763,24.23,1366,7847
12091,2015,38,308,5480,26,1413,32235,198681,62773,34.72,1652,7642
12095,2015,160,1315,21280,234,11074,253328,1284864,213587,18.64,1335,5491
12097,2015,45,389,5658,48,2503,55572,323028,57552,21.42,1279,6730
12099,2015,95,1006,14460,282,15181,375271,1421843,226701,17.17,2386,5042
12101,2015,73,598,9434,67,4203,87346,497292,109782,23.62,1504,7422
12103,2015,107,912,14403,200,10755,234646,948391,131275,14.32,1227,4742
12105,2015,99,860,14447,84,4644,96239,649425,197904,32.87,1999,7731
12107,2015,26,186,2855,13,498,8994,71910,17894,24.06,688,5532
12109,2015,20,150,2514,30,2359,53849,226658,48249,25.39,2412,7555
12111,2015,25,251,3565,43,1990,47650,298307,102411,36.87,4096,6937
12113,2015,26,198,3169,15,865,20040,166850,62096,41.02,2388,11123
12115,2015,36,352,5385,89,4909,113401,404903,100808,26.57,2800,4549
12117,2015,48,362,6830,67,4503,98405,448722,116001,27.44,2417,6697
12121,2015,8,81,1248,6,230,4853,43651,7073,17.02,884,7275
12127,2015,81,724,11667,69,4540,103055,518190,171051,34.58,2112,7510
12131,2015,10,62,990,10,600,15078,63459,6982,12.69,698,6346
13009,2015,12,111,1745,7,450,7153,45431,7587,16.6,632,6490
13015,2015,21,174,2493,16,665,12675,102533,32530,32.48,1549,6408
13019,2015,7,85,894,6,132,2834,18966,3723,19.3,532,3161
13021,2015,41,423,6297,35,1485,30281,153540,38423,24.7,937,4387
13027,2015,5,36,554,3,83,1638,15692,1355,8.34,271,5231
13029,2015,6,60,745,7,430,8460,35052,7791,25.77,1299,5007
13031,2015,13,130,1819,12,416,8361,73213,4474,6.37,344,6101
13039,2015,10,79,1199,6,304,6234,52543,22129,43.81,2213,8757
13045,2015,32,254,4478,26,1018,19587,114689,24209,21.9,757,4411
13047,2015,11,119,1733,7,169,3580,65897,22294,34.87,2027,9414
13051,2015,46,382,6328,54,2605,54821,286622,58615,22.11,1274,5308
13057,2015,18,141,2214,35,2037,45122,235609,63652,29.7,3536,6732
13059,2015,18,153,2672,25,931,18683,123629,40505,34.7,2250,4945
13063,2015,53,475,7580,50,1402,27815,273567,99212,38.24,1872,5471
13067,2015,71,788,12267,111,6755,153135,740144,268612,39.04,3783,6668
13069,2015,13,97,1430,8,174,3262,43071,6630,15.65,510,5384
13071,2015,14,113,1641,14,178,3507,45755,7939,17.45,567,3268
13073,2015,12,94,1576,20,1157,23881,144080,21998,17.73,1833,7204
13075,2015,6,47,659,4,193,3716,17085,2219,12.89,370,4271
13077,2015,19,152,3105,20,1104,23278,138278,32150,25.25,1692,6914
13081,2015,6,52,640,16,336,4607,22850,1970,8.41,328,1428
13083,2015,6,44,566,5,184,3355,16202,909,5.47,152,3240
13087,2015,7,57,877,6,172,3038,27183,3707,13.31,530,4531
13089,2015,91,957,13752,152,6138,137068,732758,168085,24.29,1847,4821
13091,2015,6,47,640,6,103,1864,20863,596,2.73,99,3477
13095,2015,25,284,3883,20,795,15990,91259,36950,39.07,1478,4563
13097,2015,18,146,2494,17,1225,36073,140671,42655,32.22,2370,8275
13099,2015,5,37,559,4,132,2297,10487,1114,10.12,223,2622
13103,2015,8,70,999,4,219,4010,57155,6972,13.34,872,14289
13111,2015,8,73,1079,8,304,5224,24285,262,1.11,33,3036
13113,2015,16,133,2121,16,1361,29628,110546,35537,33.35,2221,6909
13115,2015,27,216,3109,14,459,9363,96303,19666,20.42,728,6879
13117,2015,14,120,1711,36,2134,48588,212125,46512,26.5,3322,5892
13119,2015,10,65,1061,5,175,3468,22319,198,0.9,20,4464
13121,2015,89,947,14369,202,9059,212061,1007803,215973,23.46,2427,4989
13127,2015,22,182,2867,19,802,16424,83634,21076,26.47,958,4402
13129,2015,14,110,1695,13,328,5945,56323,8192,14.84,585,4333
13133,2015,5,39,521,6,264,5191,16734,601,3.76,120,2789
13135,2015,69,689,9883,144,7440,164886,892926,238354,29.6,3454,6201
13137,2015,16,101,1609,7,380,6350,43926,7764,18.04,485,6275
13139,2015,24,189,3379,34,1559,32922,193257,48467,26.97,2019,5684
13151,2015,27,242,3745,28,1705,34323,217004,67873,33.28,2514,7750
13153,2015,22,195,3099,16,1097,21522,149962,51795,37.02,2354,9373
13157,2015,13,87,1307,6,498,10371,63038,2607,4.31,201,10506
13175,2015,16,144,2106,8,417,7332,47743,4790,9.89,299,5968
13177,2015,8,67,904,5,214,4383,29282,4298,15.19,537,5856
13179,2015,14,109,1876,6,217,4644,62529,27024,42.59,1930,10422
13185,2015,32,274,4289,12,729,15391,113739,26898,24.62,841,9478
13187,2015,6,38,544,3,84,1401,31294,353,1.18,59,10431
13197,2015,3,19,272,3,20,319,8637,5,0.06,2,2879
13199,2015,7,60,934,9,207,3504,21191,981,4.46,140,2355
13205,2015,7,53,776,6,114,1777,22493,2992,12.73,427,3749
13207,2015,5,26,382,4,149,2346,27107,2302,8.71,460,6777
13213,2015,12,94,1527,6,265,4739,39476,5367,13.54,447,6579
13215,2015,40,423,6924,43,1580,31996,199651,54151,28.52,1354,4643
13217,2015,18,141,2208,19,823,15784,105324,25322,25.33,1407,5543
13223,2015,18,131,2228,13,1026,20788,152253,35114,24.67,1951,11712
13225,2015,8,73,1185,6,118,2247,26665,5366,19.38,671,4444
13227,2015,7,36,644,5,315,5107,30301,1654,5.62,236,6060
13229,2015,7,50,811,3,89,1555,19130,2206,11.76,315,6377
13233,2015,11,92,1265,10,273,5312,41405,4895,11.8,445,4141
13241,2015,6,22,525,4,209,3427,16267,96,0.59,16,4067
13245,2015,44,413,6397,32,1718,34128,201401,78927,39.36,1794,6294
13247,2015,15,129,2009,19,893,18701,88678,35030,41.11,2335,4667
13255,2015,13,171,2344,12,402,6616,64016,10011,15.63,770,5335
13257,2015,5,30,474,5,206,3247,25500,3479,13.29,696,5100
13261,2015,9,95,1151,7,247,4119,30744,7064,21.52,785,4392
13271,2015,5,39,499,4,129,1331,16480,379,2.3,76,4120
13273,2015,3,24,367,6,80,1422,9099,630,6.76,210,1517
13275,2015,15,138,2218,8,319,6880,45038,12238,27.37,816,5630
13277,2015,16,127,1981,10,367,10784,40722,3447,8.59,215,4072
13279,2015,8,73,1284,4,161,2877,27166,4933,18.12,617,6792
13285,2015,18,137,2186,15,581,10811,69747,10881,16.23,605,4650
13293,2015,7,51,793,7,164,2724,26292,6801,25.05,972,3756
13297,2015,14,113,1688,9,497,10269,88495,14141,16.88,1010,9833
13299,2015,10,88,1935,7,230,5216,35422,14253,39.25,1425,5060
13313,2015,27,204,3070,23,549,12612,103976,23220,22.63,860,4521
13317,2015,4,33,468,3,127,2126,9890,1964,18.54,491,3297
15001,2015,9,67,1069,43,2198,59733,196156,72139,38.98,8015,4562
15003,2015,12,801,25061,182,6246,161015,993166,220465,23.13,18372,5457
15009,2015,9,65,1314,43,1907,59441,164269,46070,29.75,5119,3820
16001,2015,33,364,6360,47,3575,75444,433467,67383,17.17,2042,9223
16005,2015,9,76,1099,10,499,10018,83911,23876,28.82,2653,8391
16013,2015,8,43,696,5,398,11121,21548,6075,28.42,759,4310
16017,2015,8,89,2024,13,434,9476,41796,8194,20.04,1024,3215
16019,2015,6,90,1464,11,615,13462,109997,24101,23.12,4017,10000
16027,2015,19,199,3692,23,1047,22078,207086,36485,19.31,1920,9004
16031,2015,13,109,1597,6,258,5091,23497,6549,28.53,504,3916
16039,2015,5,36,649,4,205,3569,25790,8713,32.22,1743,6448
16055,2015,11,92,1275,22,1158,23770,150364,34069,24.6,3097,6835
16057,2015,3,14,237,7,450,10061,38723,4402,11.82,1467,5532
16083,2015,12,116,1978,17,607,12932,82107,4793,6.21,399,4830
16085,2015,5,17,187,5,157,3666,10083,1836,18.61,367,2017
17001,2015,11,79,1368,10,995,17037,66974,10346,15.42,941,6697
17007,2015,6,94,1438,6,166,3426,53490,11410,21.06,1902,8915
17019,2015,20,425,6442,37,1305,23785,207734,31716,15.77,1586,5614
17021,2015,6,44,715,8,227,3693,33546,3837,11.03,640,4193
17027,2015,8,54,898,8,221,3983,37809,5729,15.17,716,4726
17029,2015,9,159,1752,7,286,4532,52563,8283,15.38,920,7509
17031,2015,446,3921,64492,1487,53067,1045768,5224823,373742,7.19,838,3514
17037,2015,12,201,3120,11,931,14651,104541,29776,28.32,2481,9504
17043,2015,48,448,7057,168,10859,191308,931819,216272,23.59,4506,5547
17051,2015,6,141,1365,3,70,1072,22059,7660,34.6,1277,7353
17055,2015,11,160,1784,5,135,2782,39427,4242,10.72,386,7885
17057,2015,7,96,1402,6,383,7026,35750,6302,17,900,5958
17073,2015,9,149,2427,11,172,3530,49459,9344,18.51,1038,4496
17077,2015,10,195,2267,13,488,10161,59220,13247,22,1325,4555
17081,2015,7,74,1083,10,317,5586,38390,8548,22.02,1221,3839
17085,2015,4,23,408,4,118,1680,22034,4522,19.94,1131,5509
17089,2015,34,453,7090,76,3731,67393,529702,95266,18.49,2802,6970
17091,2015,13,270,4453,20,810,14413,110795,14468,12.75,1113,5540
17095,2015,9,112,1642,9,729,12402,51416,9510,17.97,1057,5713
17097,2015,45,385,6084,115,7324,134069,703413,248068,35.26,5513,6117
17099,2015,16,344,5001,21,1022,19145,111304,23592,20.71,1475,5300
17103,2015,4,30,459,7,169,2837,34427,3916,10.87,979,4918
17105,2015,7,144,2229,10,308,5523,36749,3290,8.45,470,3675
17107,2015,6,53,970,4,139,2557,29540,11045,36.44,1841,7385
17109,2015,6,122,1536,8,394,6663,31342,4131,12.67,689,3918
17111,2015,17,310,4441,44,2705,39712,307188,133295,43.17,7841,6982
17113,2015,17,217,3556,31,1796,27885,172673,46496,27.42,2735,5570
17115,2015,21,302,4681,24,668,13461,107377,29816,26.92,1420,4474
17119,2015,33,355,5072,41,1778,41718,266071,96437,35.81,2922,6490
17121,2015,8,52,807,4,135,2303,38378,10749,27.26,1344,9595
17135,2015,7,149,1775,4,129,2536,29196,7126,23.67,1018,7299
17141,2015,6,37,645,8,279,4457,51657,9409,17.59,1568,6457
17143,2015,27,280,5631,52,1601,33410,186315,47562,25.5,1762,3583
17145,2015,5,24,395,5,130,2775,21458,4795,21.45,959,4292
17157,2015,7,53,717,6,154,3371,32846,3836,11.46,548,5474
17161,2015,20,254,4393,27,1981,35177,145958,26108,17.69,1305,5406
17163,2015,38,324,5131,44,1564,36569,264079,90849,33.64,2391,6002
17165,2015,8,169,2964,7,172,3926,24574,9728,39.05,1216,3511
17167,2015,27,265,4834,32,1888,39431,198496,47888,24.25,1774,6203
17177,2015,6,136,2388,6,262,5429,45791,3553,7.45,592,7632
17179,2015,20,255,4599,16,710,14262,134735,58388,43.12,2919,8421
17183,2015,21,307,5970,16,551,8802,78990,11871,14.54,565,4937
17195,2015,9,138,2234,8,341,5150,56963,13052,22.31,1450,7120
17197,2015,42,365,6006,95,5743,92186,686687,217703,32.13,5183,7228
17199,2015,15,238,4098,12,346,7799,67589,9594,14.46,640,5632
17201,2015,40,640,10364,57,1956,43596,287168,76322,25.85,1908,5038
18001,2015,8,118,1298,5,166,2837,34967,2973,8.65,372,6993
18003,2015,38,320,5883,52,1941,42140,368040,107884,30.36,2839,7078
18005,2015,9,120,2269,11,370,7761,81011,20968,27.3,2330,7365
18009,2015,4,31,338,3,97,1501,12287,271,2.12,68,4096
18011,2015,4,39,555,6,271,4894,63400,6750,11.92,1688,10567
18017,2015,9,152,1703,6,186,3545,38078,1565,4.02,174,6346
18019,2015,22,194,3413,13,646,12571,115090,24179,21.94,1099,8853
18023,2015,5,104,1032,5,99,1854,32567,621,1.87,124,6513
18027,2015,7,35,530,6,141,2219,32836,3039,9.6,434,5473
18029,2015,7,48,827,6,236,5031,49475,13205,26.39,1886,8246
18031,2015,6,114,1314,6,109,1692,26393,3931,15.27,655,4399
18035,2015,20,211,3056,10,430,7456,116019,30038,25.53,1502,11602
18037,2015,9,187,3437,10,298,3832,42421,2411,5.76,268,4242
18039,2015,23,167,2748,38,1393,28193,203284,40315,20.41,1753,5350
18047,2015,5,56,562,6,255,4855,22890,2095,9.07,419,3815
18051,2015,9,90,1350,6,139,1965,33762,1293,3.86,144,5627
18053,2015,13,134,1955,7,219,4185,67692,12579,17.95,968,9670
18057,2015,13,124,2245,36,2512,49895,309172,87492,31.87,6730,8588
18059,2015,7,62,973,5,265,4949,72392,20497,29.28,2928,14478
18063,2015,15,123,1766,10,741,15843,158059,39541,27.19,2636,15806
18065,2015,8,96,1488,8,210,4173,48894,1826,3.69,228,6112
18067,2015,15,175,2741,12,465,10023,82581,22219,26.85,1481,6882
18071,2015,9,64,1095,8,361,5298,43941,6622,15.63,736,5493
18073,2015,7,66,880,8,299,4554,33501,3057,9.13,437,4188
18077,2015,6,63,886,6,144,2987,32465,5380,16.59,897,5411
18081,2015,13,145,2534,9,520,10873,149338,40027,28.66,3079,16593
18085,2015,13,102,1728,14,492,9565,78815,14141,18.28,1088,5630
18087,2015,8,65,1455,5,214,4669,38671,59,0.16,7,7734
18089,2015,72,663,11015,88,3848,73427,487649,147709,29.78,2052,5541
18091,2015,15,113,1656,19,488,9514,110762,28377,25.46,1892,5830
18093,2015,9,61,1600,8,262,4395,45485,4371,9.47,486,5686
18095,2015,18,204,3104,19,827,15208,129495,34367,26.11,1909,6816
18097,2015,136,1279,21184,177,6364,140434,938058,219010,24.24,1610,5300
18099,2015,11,72,999,8,300,5455,46756,7140,15.17,649,5845
18103,2015,7,62,644,10,223,4195,35902,7288,19.75,1041,3590
18105,2015,9,143,2267,19,1069,22806,144257,20103,14.57,2234,7592
18107,2015,5,39,647,7,254,5332,38167,5511,14.46,1102,5452
18109,2015,9,127,1767,7,358,6961,69646,10035,14.57,1115,9949
18113,2015,11,130,1523,8,199,3632,47759,2721,5.72,247,5970
18127,2015,14,141,2384,12,1008,17224,167631,52407,31.89,3743,13969
18137,2015,7,47,611,7,194,2673,28699,734,2.55,105,4100
18141,2015,31,284,4042,42,2123,38856,268134,83409,31.25,2691,6384
18145,2015,7,122,1573,5,158,3645,44442,5949,13.39,850,8888
18149,2015,6,141,3897,5,96,1756,22940,1304,5.58,217,4588
18151,2015,8,80,1561,7,98,1445,34343,6418,18.78,802,4906
18157,2015,15,287,3094,26,1003,19190,185741,32254,18.67,2150,7144
18163,2015,32,435,7189,39,1274,25787,181941,35885,19.97,1121,4665
18167,2015,23,346,6159,17,730,15489,107708,36598,33.93,1591,6336
18177,2015,12,98,1428,10,294,5775,66984,9995,14.5,833,6698
18183,2015,6,31,476,5,161,2923,33395,1688,5.07,281,6679
19005,2015,3,46,769,7,164,2622,13882,1165,8.13,388,1983
19011,2015,5,74,873,3,120,2309,25663,3566,13.67,713,8554
19013,2015,14,216,3496,25,1626,32037,133499,38072,29.04,2719,5340
19023,2015,5,26,316,4,60,867,14896,6660,44.8,1332,3724
19033,2015,5,180,3708,10,739,13585,42988,7309,16.55,1462,4299
19045,2015,11,197,3431,9,666,10361,47617,10260,20.89,933,5291
19049,2015,11,100,1344,12,1446,28631,80777,3511,5.31,319,6731
19057,2015,8,126,2047,6,579,11724,39985,11347,28.14,1418,6664
19061,2015,11,229,3642,15,1496,27626,97034,18352,19.6,1668,6469
19065,2015,7,75,1196,6,188,2987,20223,1137,5.45,162,3371
19079,2015,3,21,480,5,239,4196,15213,2824,18.02,941,3043
19083,2015,4,58,873,6,305,5182,17276,2542,14.5,636,2879
19085,2015,3,42,838,4,79,1108,14248,2658,17.81,886,3562
19099,2015,3,28,481,7,405,7419,36729,6167,16.74,2056,5247
19103,2015,5,144,2441,20,2077,44810,144567,20182,15.42,4036,7228
19111,2015,9,101,1748,7,507,9989,35071,7088,19.76,788,5010
19113,2015,17,234,3620,28,2992,56839,219792,52423,24.82,3084,7850
19119,2015,3,13,248,5,87,1040,11749,1299,11.22,433,2350
19125,2015,5,54,830,8,375,7065,33141,4310,12.94,862,4143
19127,2015,6,80,1596,11,453,8921,40512,8684,21.36,1447,3683
19129,2015,3,53,1028,3,74,1120,14815,1565,10.39,522,4938
19137,2015,3,32,510,3,206,3613,10227,2148,20,716,3409
19139,2015,7,116,1986,8,469,9364,43017,8657,20.25,1237,5377
19141,2015,4,57,933,8,277,4446,13989,4080,28.34,1020,1749
19147,2015,3,21,149,3,95,1372,9139,2055,21.81,685,3046
19153,2015,37,456,8377,83,7551,142690,466688,64531,14.98,1744,5623
19155,2015,8,88,1463,12,1104,20709,93534,32133,34.49,4017,7795
19161,2015,4,36,631,4,50,621,10009,3736,36.09,934,2502
19163,2015,19,229,3918,23,2153,43748,172170,18170,11,956,7486
19167,2015,9,84,922,8,286,4888,34752,1431,4.24,159,4344
19169,2015,7,113,1589,12,1244,22274,96346,17893,19.98,2556,8029
19177,2015,3,6,86,5,83,1242,7325,3945,52.12,1315,1465
19183,2015,6,14,228,4,255,4350,22251,1492,6.88,249,5563
19187,2015,5,53,762,5,465,9002,36992,8850,23.28,1770,7398
19189,2015,5,60,1047,3,143,2081,10567,1918,17.65,384,3522
19191,2015,4,14,263,6,212,3828,20754,2591,12.3,648,3459
19193,2015,13,175,2612,18,1213,21860,102464,26351,25.79,2027,5692
20005,2015,3,26,458,3,62,839,16409,2711,16.02,904,5470
20021,2015,5,39,619,4,69,1175,20561,2680,12.4,536,5140
20037,2015,9,78,1063,5,229,4781,39231,11595,29.63,1288,7846
20045,2015,8,109,1674,19,1503,28498,117915,15122,13.64,1890,6206
20057,2015,5,51,748,7,236,3720,34263,7088,20.94,1418,4895
20077,2015,4,26,411,4,50,771,5781,1566,25.95,392,1445
20079,2015,4,31,394,6,312,5498,34908,5078,14.64,1270,5818
20091,2015,23,189,3074,79,6269,143852,578758,94139,17.3,4093,7326
20107,2015,4,20,427,3,63,976,9561,1351,13.99,338,3187
20121,2015,6,69,1090,3,208,3827,32727,2506,7.64,418,10909
20125,2015,8,56,1014,3,141,1840,33316,8479,23.9,1060,11105
20131,2015,5,51,603,5,119,1546,10209,1415,13.91,283,2042
20155,2015,8,63,844,10,589,10978,63647,15362,23.81,1920,6365
20159,2015,4,58,831,3,64,1049,9943,1890,18.75,473,3314
20173,2015,61,515,7755,75,4165,86162,510360,135646,27.22,2224,6805
20177,2015,21,193,2796,30,1680,29927,178541,43337,24.36,2064,5951
20209,2015,28,217,3725,29,982,22637,163095,41854,26.57,1495,5624
21009,2015,15,115,1675,9,224,3197,43676,3041,7.21,203,4853
21013,2015,11,103,1499,6,320,5925,27294,4990,17.39,454,4549
21019,2015,14,127,4151,6,348,6580,48488,10684,21.57,763,8081
21021,2015,9,101,1483,4,167,3770,29807,7765,27.31,863,7452
21029,2015,13,88,1536,5,434,8687,78653,24247,32.63,1865,15731
21037,2015,12,102,1706,16,917,19541,91925,27458,30.4,2288,5745
21045,2015,5,46,684,5,82,1099,15815,704,4.41,141,3163
21047,2015,17,155,2510,12,274,5095,73484,18938,25.61,1114,6124
21049,2015,6,39,1215,6,218,4494,35684,3671,10.31,612,5947
21051,2015,6,38,591,4,154,2254,21047,1990,9.16,332,5262
21059,2015,19,215,3428,16,527,11571,99333,15931,16.48,838,6208
21067,2015,29,289,4508,58,2722,58607,314767,46942,15.87,1619,5427
21071,2015,13,92,1500,13,363,5753,37679,1951,4.94,150,2898
21083,2015,13,80,1409,6,98,1034,37251,3573,9.63,275,6209
21089,2015,9,57,808,6,133,1827,36031,8653,23.44,961,6005
21093,2015,22,204,3383,14,435,9130,106486,28939,27.42,1315,7606
21095,2015,10,61,1038,9,277,5059,27613,5720,19.54,572,3068
21099,2015,7,57,755,5,104,1548,18489,1704,9.36,243,3698
21101,2015,11,179,2268,7,278,3324,46388,4484,9.69,408,6627
21107,2015,14,133,2243,6,255,5164,46281,10900,23.23,779,7714
21111,2015,108,1002,17847,159,6714,147246,763509,119488,16.12,1106,4802
21117,2015,16,147,2304,26,1284,26779,164342,49640,31.08,3103,6321
21121,2015,7,39,770,10,272,4829,31668,2739,8.59,391,3167
21125,2015,20,137,1986,8,276,5783,60101,5506,9.36,275,7513
21127,2015,5,27,397,3,118,1832,15893,2504,15.79,501,5298
21141,2015,6,48,818,4,87,1488,26739,4080,15.2,680,6685
21145,2015,20,201,3466,12,435,8119,64973,15861,24.19,793,5414
21151,2015,22,169,2810,8,322,6768,88276,18255,22.02,830,11035
21157,2015,9,80,1485,8,117,1752,31109,1059,3.37,118,3889
21159,2015,5,29,442,3,86,1565,12352,5,0.04,1,4117
21161,2015,5,47,756,4,208,4535,17077,2901,16.59,580,4269
21171,2015,5,30,496,5,68,941,10653,381,3.48,76,2131
21173,2015,9,65,1327,5,170,3962,27631,3018,11.39,335,5526
21177,2015,7,127,1252,8,190,3144,31146,1594,5.06,228,3893
21183,2015,5,39,524,3,14,240,24216,4152,17.42,830,8072
21193,2015,10,103,1670,8,253,3907,27546,701,2.44,70,3443
21195,2015,28,225,3608,20,810,13370,61804,983,1.51,35,3090
21197,2015,5,31,481,4,147,2510,12271,387,3.07,77,3068
21199,2015,23,194,3405,12,380,7617,63827,11037,17.5,480,5319
21207,2015,7,65,961,6,174,3362,17636,179,1.02,26,2939
21209,2015,5,48,760,4,113,2377,52327,13104,27.78,2621,13082
21217,2015,8,56,888,4,214,4629,25567,4104,16.74,513,6392
21227,2015,20,227,3438,18,594,12432,123159,14250,12.52,713,6842
21235,2015,13,94,1513,12,222,4443,36000,4496,12.61,346,3000
22001,2015,16,92,1766,20,465,8079,62601,1087,1.76,68,3130
22003,2015,10,60,1029,4,133,2039,25602,7198,27.94,720,6401
22005,2015,20,158,2653,24,978,18234,119373,33735,31.46,1687,4974
22007,2015,8,133,3183,4,92,1709,22846,9104,38.87,1138,5712
22009,2015,22,139,2364,9,185,3374,41077,7985,18.98,363,4564
22015,2015,26,211,3204,18,785,17201,125588,26315,22.5,1012,6977
22017,2015,54,459,7600,26,1768,34176,251405,82925,32.52,1536,9669
22019,2015,56,409,7631,29,1364,24197,198693,42022,21.8,750,6851
22021,2015,4,24,467,3,151,2351,10032,961,9.49,240,3344
22033,2015,82,756,12344,121,4197,79273,446216,115503,26.24,1409,3688
22039,2015,11,67,1280,15,151,2764,33789,8945,26.32,813,2253
22045,2015,20,179,2816,21,563,12794,73953,14132,19.3,707,3522
22051,2015,70,680,11816,100,4070,85485,435555,51624,11.93,737,4356
22053,2015,9,59,977,6,149,2844,31434,2236,7.08,248,5239
22055,2015,52,375,6606,57,2395,44462,239429,50787,22.92,977,4201
22057,2015,21,155,2625,13,903,15537,98162,25027,25.98,1192,7551
22061,2015,11,97,1209,4,286,4742,47719,14853,31.78,1350,11930
22067,2015,8,46,814,3,139,3350,26428,6827,24.4,853,8809
22069,2015,10,79,1140,7,269,4481,39137,10996,27.79,1100,5591
22071,2015,40,459,8059,146,2914,59334,389738,57760,16.8,1444,2669
22073,2015,37,391,5637,22,1264,22713,157018,46348,30.15,1253,7137
22079,2015,38,260,4264,14,712,13377,132316,45455,34.54,1196,9451
22087,2015,14,110,2169,11,287,5327,45384,16589,46.21,1185,4126
22091,2015,5,23,335,4,48,745,10569,663,5.92,133,2642
22093,2015,6,42,758,6,254,5206,21517,5604,25.36,934,3586
22095,2015,10,100,1517,9,286,5237,43639,18463,40.2,1846,4849
22097,2015,31,218,3547,27,618,12379,83790,13575,16.28,438,3103
22099,2015,14,96,1601,13,400,7854,53921,2136,4.09,153,4148
22103,2015,44,338,5898,40,2180,42587,249968,62439,26.71,1419,6249
22105,2015,41,335,5428,22,966,18269,128756,31688,26.17,773,5853
22109,2015,30,206,3855,17,961,17619,114025,33431,29.89,1114,6707
22117,2015,19,162,2977,10,233,4951,46322,5013,10.63,264,4632
22119,2015,15,109,1642,6,182,3270,40075,11029,26.76,735,6679
22121,2015,8,59,916,5,180,3765,25484,4535,19.06,567,5097
23001,2015,18,212,3749,21,1136,21269,107245,12978,12.05,721,5107
23003,2015,15,222,4054,33,1174,21249,68752,7944,11.05,530,2083
23005,2015,30,404,6985,76,4718,98818,290464,59726,21.2,1991,3822
23007,2015,9,55,835,12,371,8221,30039,779,2.53,87,2503
23009,2015,10,146,2990,30,837,18644,54268,2218,4.08,222,1809
23011,2015,18,263,4834,24,1477,31133,120209,8675,7.1,482,5009
23013,2015,7,93,1976,17,604,12036,39779,6350,15.98,907,2340
23017,2015,9,93,1704,14,353,8793,57156,3821,6.61,425,4083
23019,2015,24,288,4895,27,1678,35628,152478,19152,12.44,798,5647
23021,2015,7,48,1227,7,261,4721,16926,777,4.43,111,2418
23023,2015,5,72,1267,7,404,7239,35173,3120,8.84,624,5025
23027,2015,9,80,1622,12,370,8189,39129,2729,7.04,303,3261
23029,2015,7,84,1656,16,450,9065,31604,3783,11.51,540,1975
23031,2015,28,267,5383,43,2215,48875,201158,29869,15.15,1067,4678
24001,2015,16,176,2828,12,570,9672,72531,25629,34.13,1602,6044
24003,2015,40,576,8016,98,5075,119579,563837,190278,35.39,4757,5753
24005,2015,82,1079,16238,149,7788,192193,829209,141214,17.54,1722,5565
24013,2015,9,107,1620,25,1778,34231,167651,40184,24.04,4465,6706
24015,2015,13,109,1872,17,656,12695,102397,22751,22.5,1750,6023
24017,2015,13,174,2281,21,1101,22381,155923,43218,29.49,3324,7425
24019,2015,6,56,931,6,179,4241,32391,5295,16.23,883,5399
24021,2015,22,166,2481,37,2447,53782,245377,55823,23.92,2537,6632
24023,2015,8,53,877,6,151,3054,29446,981,3.26,123,4908
24025,2015,18,222,3255,34,2714,57414,250138,53243,21.75,2958,7357
24027,2015,10,115,1746,42,2968,72061,312711,53713,18.71,5371,7446
24031,2015,42,436,6013,205,10583,273975,1036233,181385,18.67,4319,5055
24033,2015,84,1133,16617,158,6774,177532,906003,200532,23.23,2387,5734
24037,2015,10,112,1896,18,868,17779,111628,19595,18.64,1960,6202
24043,2015,21,229,3568,24,1320,25888,149570,36576,24.81,1742,6232
24045,2015,20,185,3013,9,437,9249,102019,26408,26.75,1320,11335
24047,2015,14,140,2097,14,377,9564,51380,10662,20.72,762,3670
24510,2015,74,734,12164,315,4693,110775,621402,13717,2.21,185,1973
25001,2015,20,302,8638,73,4447,101764,214621,104445,48.38,5222,2940
25003,2015,25,230,3292,35,2377,54698,127671,31915,24.32,1277,3648
25005,2015,63,833,15302,90,6445,133632,556967,158761,28.96,2520,6189
25007,2015,8,35,1426,12,256,11123,17217,1177,7.12,147,1435
25009,2015,45,548,9579,178,10097,196462,776111,222644,29.96,4948,4360
25011,2015,7,92,1637,20,749,14648,70550,11057,15.49,1580,3528
25013,2015,66,740,12993,96,5337,102317,469078,103309,22.29,1565,4886
25015,2015,10,95,1531,34,2367,51700,161049,61107,38.66,6111,4737
25017,2015,77,783,15912,278,22173,449498,1581037,373153,24.83,4846,5687
25021,2015,39,444,8653,119,9140,211469,694895,212623,31.69,5452,5839
25023,2015,43,527,9780,89,7382,154732,509880,202027,40.82,4698,5729
25025,2015,52,515,9044,214,9083,177719,776688,5420,0.75,104,3629
25027,2015,79,974,16363,133,9745,181476,817618,226511,28.37,2867,6148
26005,2015,21,150,2421,15,658,11581,114661,4527,4.06,216,7644
26007,2015,7,53,823,9,281,5517,28791,1829,6.18,261,3199
26009,2015,5,20,340,5,157,4134,23133,33,0.14,7,4627
26011,2015,4,49,941,4,58,1074,15280,4582,28.82,1146,3820
26017,2015,20,253,3956,20,640,12862,105557,23684,21.98,1184,5278
26021,2015,38,323,5270,34,1178,23178,154629,40256,25.67,1059,4548
26023,2015,11,90,1363,3,45,1225,43607,1587,3.51,144,14536
26025,2015,28,204,3283,26,442,9773,134447,31513,23.15,1125,5171
26027,2015,7,64,1153,9,177,3558,51665,4272,8.17,610,5741
26029,2015,6,46,876,8,144,4056,26215,1420,5.47,237,3277
26031,2015,5,28,398,6,162,3374,25415,2825,10.8,565,4236
26033,2015,5,55,714,13,264,5179,38003,7810,20.27,1562,2923
26035,2015,12,73,1451,11,225,5006,30610,823,2.66,69,2783
26037,2015,5,35,615,6,150,3072,77383,16808,22.3,3362,12897
26045,2015,16,131,2267,11,287,6408,108676,28954,26.87,1810,9880
26047,2015,7,36,614,16,330,8427,33132,3800,11.62,543,2071
26049,2015,75,548,9069,79,2309,48555,410442,134364,31.56,1792,5195
26051,2015,8,79,1392,3,78,1561,25210,285,1.11,36,8403
26053,2015,4,24,371,3,110,2004,15443,2059,12.53,515,5148
26055,2015,15,86,1391,23,828,17248,91624,16137,18.55,1076,3984
26057,2015,6,52,744,5,81,1289,41513,11838,27.87,1973,8303
26061,2015,5,62,1095,8,318,5465,36382,3953,10.79,791,4548
26065,2015,39,294,5494,52,1201,23839,285735,82008,29.2,2103,5495
26067,2015,10,71,1049,10,366,5924,64173,5561,8.7,556,6417
26069,2015,7,41,758,7,207,4282,25352,5657,21.85,808,3622
26073,2015,8,90,1867,12,291,5832,70690,4944,7.03,618,5891
26075,2015,26,203,3512,19,865,13663,159465,39304,24.53,1512,8393
26077,2015,30,303,5038,46,1289,23326,259966,66913,26.73,2230,5651
26079,2015,5,47,982,6,234,4545,17262,1048,6.11,210,2877
26081,2015,100,751,11666,92,2767,58962,636095,127046,21.08,1270,6914
26087,2015,13,101,1459,10,390,8592,88444,8180,9.26,629,8844
26091,2015,17,126,2410,15,586,9823,98389,19772,19.79,1163,6559
26093,2015,12,90,1346,18,791,17656,187350,56632,31.29,4719,10408
26099,2015,98,809,12404,120,4777,108191,864507,190310,22.63,1942,7204
26101,2015,8,76,1301,10,203,4234,24458,2479,10.02,310,2446
26103,2015,11,88,1598,16,503,9105,67305,10320,15.38,938,4207
26105,2015,6,33,572,6,119,2084,28812,1818,6.33,303,4802
26107,2015,6,54,804,6,98,1846,43092,7600,17.76,1267,7182
26111,2015,9,64,1032,16,384,8241,83618,16800,20.09,1867,5226
26115,2015,14,123,2035,23,749,14384,149494,28361,18.66,2026,6500
26117,2015,17,101,1613,10,326,5276,62826,4771,7.53,281,6283
26121,2015,33,263,4367,21,460,8503,172697,62080,36.05,1881,8224
26123,2015,9,83,1475,9,262,4405,47984,2776,5.73,308,5332
26125,2015,142,1042,16999,232,9204,221642,1240301,360094,29.95,2536,5346
26127,2015,10,52,1167,6,178,3223,26118,975,3.67,98,4353
26133,2015,10,54,937,6,115,2615,23066,3692,15.69,369,3844
26137,2015,5,52,866,6,111,2544,24244,3238,13.4,648,4041
26139,2015,19,143,2177,34,964,19944,280023,85882,32.56,4520,8236
26143,2015,8,42,781,5,103,1880,23803,5380,22.01,673,4761
26145,2015,38,270,4269,38,1116,20042,193290,50402,25.18,1326,5087
26147,2015,23,171,2630,24,814,16102,159874,55598,34.1,2417,6661
26149,2015,13,88,1727,10,206,4545,60843,7135,11.64,549,6084
26151,2015,14,72,1217,9,334,5605,41476,2777,6.44,198,4608
26155,2015,17,106,1567,11,338,6737,68517,11649,16.49,685,6229
26157,2015,11,76,1004,8,303,5402,53804,1906,3.42,173,6726
26159,2015,19,124,1935,20,428,7977,75064,4049,5.31,213,3753
26161,2015,21,214,3329,62,2990,67391,360847,80355,23.31,3826,5820
26163,2015,262,2040,32656,420,9792,202417,1757062,252051,13.84,962,4183
26165,2015,9,76,1280,7,134,2963,32966,3277,10.01,364,4709
27003,2015,19,411,6927,32,1475,37990,343822,113445,34.29,5971,10744
27007,2015,9,102,2218,7,344,6945,45674,7618,17.14,846,6525
27013,2015,6,170,3076,8,848,17861,65777,21683,33.87,3614,8222
27015,2015,6,101,1617,5,409,8480,25317,6866,26.52,1144,5063
27017,2015,3,40,510,4,199,3945,35536,9378,26.5,3126,8884
27021,2015,5,23,150,9,241,4453,28668,3393,11.88,679,3185
27033,2015,3,57,1089,5,175,2321,11504,4255,36.41,1418,2301
27035,2015,15,272,5671,15,608,14590,63451,4209,6.73,281,4230
27037,2015,19,374,7168,49,2516,64085,414299,131296,32.94,6910,8455
27041,2015,8,202,4195,8,193,3592,37057,9290,25.8,1161,4632
27049,2015,10,73,887,12,327,6275,46438,8135,17.61,814,3870
27053,2015,82,905,15691,235,9987,253051,1220459,306812,26.62,3742,5193
27055,2015,4,24,222,5,164,1723,18770,2021,10.62,505,3754
27057,2015,7,84,2282,4,213,4355,20671,4382,21.45,626,5168
27061,2015,9,196,6066,10,262,5582,45397,7274,16.14,808,4540
27067,2015,5,72,1285,10,399,8397,42559,11792,27.92,2358,4256
27071,2015,5,21,324,5,158,3547,12829,6011,45.16,1202,2566
27079,2015,4,22,428,4,139,1576,27630,1977,7.14,494,6908
27095,2015,6,34,973,6,390,7437,25743,439,1.68,73,4291
27105,2015,4,41,612,7,354,6288,21717,6356,29.73,1589,3102
27109,2015,9,267,5042,26,1525,29251,151251,28176,19.53,3131,5817
27111,2015,14,246,5199,13,414,7625,57774,11232,19.6,802,4444
27115,2015,5,31,482,4,175,2852,29046,2679,9,536,7262
27123,2015,35,304,4134,105,4460,104931,536071,111304,21.88,3180,5105
27131,2015,5,19,258,8,513,9949,65278,14454,22.53,2891,8160
27135,2015,7,62,1368,6,212,3188,15679,4603,29.45,658,2613
27137,2015,22,325,7377,32,1645,36917,200222,51286,25.61,2331,6257
27139,2015,3,11,179,14,829,19046,141613,23765,18.29,7922,10115
27141,2015,5,57,1067,7,472,9481,91623,15106,17.07,3021,13089
27145,2015,15,328,5834,32,1549,28546,154957,26242,17.42,1749,4842
27151,2015,4,29,416,3,85,1404,9354,2481,25.36,620,3118
27153,2015,6,38,391,7,194,3311,24220,8324,33.44,1387,3460
27163,2015,11,285,5962,26,1533,40453,251103,94726,39.78,8611,9658
27165,2015,4,51,1057,3,112,1706,10950,523,4.67,131,3650
27171,2015,11,137,2563,13,954,19685,131255,14969,12,1361,10097
28003,2015,11,68,1124,7,262,5030,37331,3767,10.17,342,5333
28011,2015,12,89,1326,8,226,3790,33349,14107,41.31,1176,4169
28013,2015,6,61,761,5,98,1675,14696,1216,8.13,203,2939
28017,2015,6,51,755,3,154,2274,17368,685,3.94,114,5789
28023,2015,8,68,1019,3,94,1740,16003,2332,13.94,292,5334
28027,2015,9,82,1052,7,137,2680,24495,6739,25.77,749,3499
28029,2015,11,124,1787,4,58,944,28754,7176,24.37,652,7189
28033,2015,33,359,4968,19,1111,23790,173212,43334,26.87,1313,9116
28035,2015,27,354,5204,12,381,6380,75921,9217,12.3,341,6327
28041,2015,5,35,522,3,80,790,13485,637,4.42,127,4495
28047,2015,57,470,8247,19,964,20992,200962,67158,35.89,1178,10577
28049,2015,61,578,8649,29,1800,33350,243234,64740,26.39,1061,8387
28051,2015,8,77,966,6,67,1115,18356,8272,43.09,1034,3059
28059,2015,42,362,5317,19,694,12213,141233,41290,29.56,983,7433
28061,2015,7,48,780,3,74,1073,16561,1999,11.72,286,5520
28067,2015,27,247,4011,9,373,6539,68224,6582,9.71,244,7580
28073,2015,14,118,1606,7,272,4598,60570,7979,14.34,570,8653
28075,2015,24,219,3436,8,524,7209,78505,16826,20.96,701,9813
28077,2015,4,34,495,4,104,1702,12618,1980,15.31,495,3155
28081,2015,28,300,3985,17,535,9486,85295,18140,21.88,648,5017
28083,2015,9,93,1272,10,241,2968,30300,14706,45.51,1634,3030
28085,2015,13,105,1889,4,194,3675,34601,7113,20.4,547,8650
28087,2015,20,190,2990,9,327,5348,59744,9911,16.58,496,6638
28089,2015,17,117,1803,18,812,17424,103409,19395,20.37,1141,5745
28091,2015,9,82,1220,4,143,2431,25533,7950,29.35,883,6383
28093,2015,10,71,1060,4,135,2217,35927,6867,18.49,687,8982
28095,2015,11,106,1499,5,137,1979,35777,2433,6.58,221,7155
28101,2015,8,65,1056,4,100,1976,21670,2534,11.67,317,5418
28107,2015,10,87,1230,4,256,5138,34152,7050,20.31,705,8538
28109,2015,22,176,2887,8,351,5920,55163,7277,13.03,331,6895
28113,2015,16,110,1822,7,213,4255,39960,5542,13.72,346,5709
28115,2015,8,62,829,6,125,2485,30912,3229,10.78,404,5152
28117,2015,10,80,1187,7,174,2675,25313,1710,6.77,171,3616
28121,2015,32,265,4244,14,877,18462,148770,37923,26.78,1185,10626
28123,2015,11,103,1407,9,223,3233,28275,3627,12.83,330,3142
28141,2015,8,47,739,8,156,2342,19509,0,0,0,2439
28143,2015,7,52,949,4,62,895,10342,1893,17.57,270,2586
28145,2015,9,62,894,4,104,2193,28318,3327,12.26,370,7080
28147,2015,3,29,422,4,98,1496,14629,1641,10.63,547,3657
28149,2015,11,123,1701,5,279,5302,47542,11490,23.56,1045,9508
28151,2015,18,157,2227,10,409,7655,48053,15227,29.78,846,4805
28153,2015,7,74,1130,4,163,2699,20510,333,1.6,48,5128
28155,2015,4,34,457,4,55,1128,9869,1179,11.5,295,2467
28161,2015,6,42,680,3,87,1339,12451,1061,8.37,177,4150
28163,2015,12,120,1855,5,127,2240,27377,9646,34.37,804,5475
29019,2015,12,111,1594,34,2493,38731,174546,41553,25.55,3463,5134
29021,2015,11,87,1392,8,731,14552,89016,20493,22.97,1863,11127
29023,2015,9,86,1193,8,317,5629,42859,7066,16.51,785,5357
29027,2015,7,45,650,4,156,2841,44739,8155,18.39,1165,11185
29031,2015,14,115,1499,10,416,8082,78577,19098,25.24,1364,7858
29037,2015,11,151,3148,10,788,15967,101496,30128,30.29,2739,10150
29043,2015,14,102,1773,10,332,5578,83282,15629,20.19,1116,8328
29047,2015,21,211,2818,31,2515,49116,235471,61801,27.85,2943,7596
29051,2015,9,67,1047,11,915,16868,76780,19670,25.88,2186,6980
29069,2015,10,68,1007,14,225,3582,30877,6691,20.94,669,2206
29071,2015,18,135,1997,22,516,10548,102382,11149,10.98,619,4654
29077,2015,30,255,3889,41,2165,43740,287924,49775,18.09,1659,7023
29079,2015,3,46,769,5,178,3018,10062,3113,30.34,1038,2012
29091,2015,12,94,1163,11,254,4418,40135,7732,19.14,644,3649
29093,2015,4,26,289,4,116,1453,10099,2386,22.44,597,2525
29095,2015,86,1037,20204,107,5977,125072,686373,150014,22.25,1744,6415
29097,2015,21,195,2984,10,386,9243,118376,32150,27.38,1531,11838
29099,2015,20,161,2053,20,966,24352,223908,66388,30.35,3319,11195
29101,2015,7,49,713,4,190,3558,53874,8804,16.74,1258,13469
29109,2015,8,33,631,7,156,2844,38144,4429,11.47,554,5449
29113,2015,10,36,733,6,165,3663,54675,4073,7.75,407,9113
29127,2015,8,72,1336,6,255,4232,28862,4471,15.53,559,4810
29133,2015,4,33,434,5,111,1821,14023,46,0.32,12,2805
29143,2015,8,72,1150,5,79,1318,18167,574,3.03,72,3633
29155,2015,5,33,510,5,150,2014,17442,1181,6.46,236,3488
29159,2015,6,72,925,6,200,4317,42182,7064,16.74,1177,7030
29161,2015,8,71,1054,9,207,4038,44610,6323,14,790,4957
29165,2015,7,37,610,11,1128,22797,96217,31202,34.93,4457,8747
29181,2015,4,46,910,3,146,1881,13811,2924,20.74,731,4604
29183,2015,25,302,5004,43,2691,63151,385171,136448,37.85,5458,8957
29185,2015,5,27,461,3,57,1096,9450,916,9.34,183,3150
29187,2015,13,102,1986,14,567,9389,66446,9876,15.11,760,4746
29189,2015,98,998,15042,176,9876,252397,1001705,267303,26.76,2728,5692
29207,2015,10,53,840,7,221,3260,29786,1865,6.22,187,4255
29213,2015,12,95,2223,9,406,8108,54333,15578,30.15,1298,6037
29219,2015,5,44,641,7,105,2280,33545,1595,4.91,319,4792
29225,2015,7,37,735,4,129,2228,37526,2837,7.84,405,9382
29510,2015,37,391,6130,111,2317,56399,314875,19196,6.01,519,2837
30013,2015,5,75,951,12,707,12368,82118,20700,25.45,4140,6843
30029,2015,7,49,1040,18,1112,24269,96079,9467,10.41,1352,5338
30031,2015,4,47,670,19,1342,29090,100736,11379,12.71,2845,5302
30081,2015,3,4,64,12,525,9122,41295,1830,4.55,610,3441
30093,2015,3,37,401,9,247,5399,34579,4057,11.86,1352,3842
30111,2015,9,130,1963,18,1426,22552,156946,37947,25.64,4216,8719
31001,2015,4,46,537,5,305,5580,31585,9156,29.19,2289,6317
31011,2015,3,38,362,4,45,851,5295,1021,18.56,340,1324
31013,2015,4,44,944,4,135,2724,11311,3742,33.09,936,2828
31017,2015,4,55,828,3,62,818,2943,317,10.08,79,981
31019,2015,6,34,522,12,709,12329,48732,9059,19.65,1510,4061
31025,2015,3,56,1122,6,71,1345,25523,6190,24.53,2063,4254
31027,2015,3,13,287,4,60,664,8568,1412,15.95,471,2142
31029,2015,3,32,351,4,91,1238,3986,1167,29.42,389,997
31037,2015,4,22,333,7,100,1496,10541,2824,26.86,706,1506
31039,2015,5,63,1098,3,76,1564,9130,412,4.5,82,3043
31041,2015,3,48,748,7,127,1904,10802,5627,51.44,1876,1543
31053,2015,6,49,790,8,469,7949,36676,11353,30.94,1892,4585
31055,2015,34,290,4870,91,7196,136516,549168,57724,11.16,1698,6035
31067,2015,5,51,1029,5,99,1364,21863,6734,30.18,1347,4373
31089,2015,6,94,1505,6,138,1798,10308,2653,25.43,442,1718
31101,2015,5,73,1027,3,76,1682,8062,1837,21.96,367,2687
31109,2015,16,141,2093,51,3812,67650,305705,29063,10.18,1816,5994
31111,2015,8,78,1268,10,196,4027,35618,7627,21.02,953,3562
31119,2015,7,74,1183,9,520,9583,35065,8635,24.76,1234,3896
31141,2015,5,71,935,5,435,8102,32799,8839,27.42,1768,6560
31155,2015,7,44,801,6,108,1706,21017,3681,17.72,526,3503
31157,2015,7,66,991,6,190,3763,36300,2967,8.03,424,6050
31161,2015,6,44,464,7,77,1570,5214,1927,35.24,321,745
31185,2015,3,27,484,4,99,1638,13822,2755,20.16,918,3456
32003,2015,109,1694,28702,244,15876,395786,2109289,206181,10.57,1892,8645
32005,2015,7,62,911,5,288,8100,47628,21568,45.89,3081,9526
32031,2015,34,415,7061,56,3125,84006,445460,99884,23.7,2938,7955
32510,2015,5,68,1105,9,465,12725,54405,11099,20.08,2220,6045
33001,2015,9,78,1426,10,1072,21847,60427,9915,16.5,1102,6043
33003,2015,11,71,1480,16,621,14759,47222,872,1.82,79,2951
33005,2015,13,124,2230,15,1422,23506,76089,10891,14.12,838,5073
33007,2015,9,78,1224,11,333,4833,32293,4769,14.43,530,2936
33009,2015,16,107,1821,26,1530,31049,88799,11522,12.93,720,3415
33011,2015,30,406,5973,64,6060,104709,406015,135074,33.71,4502,6344
33013,2015,16,154,2643,20,2214,38397,148094,29078,19.86,1817,7405
33015,2015,23,256,4109,50,6218,104420,301640,111158,37.65,4833,6033
33017,2015,9,83,1374,26,1814,34992,126504,23349,18.96,2594,4866
33019,2015,10,141,2645,7,510,8767,43028,6107,13.96,611,6147
34001,2015,34,357,5048,77,2220,49859,273035,80172,29.2,2358,3546
34003,2015,75,637,10723,264,12251,306196,936010,95802,10.58,1277,3545
34005,2015,40,362,5059,72,4460,105382,449675,167032,37.22,4176,6245
34007,2015,54,459,7424,163,4449,98051,510295,110012,21.42,2037,3131
34009,2015,24,217,4047,43,2194,36692,94843,36767,37.8,1532,2206
34011,2015,21,218,3302,37,999,23780,155241,43495,27.72,2071,4196
34013,2015,81,722,14152,366,6406,159593,795039,60746,7.75,750,2172
34015,2015,32,333,4628,43,2361,50831,292106,126083,43.73,3940,6793
34017,2015,81,569,10518,269,3460,83532,673765,3519,0.55,43,2505
34019,2015,6,90,1108,25,1515,39651,125390,26419,20.58,4403,5016
34021,2015,40,351,5387,124,4084,93716,371199,98077,26.76,2452,2994
34023,2015,71,654,9315,216,6567,140969,836079,195556,24.15,2754,3871
34025,2015,49,538,8293,173,8164,185083,626775,203679,32.31,4157,3623
34027,2015,24,248,3321,103,6404,146869,498419,169588,34.45,7066,4839
34029,2015,51,558,8532,100,5707,129497,588791,248326,43.07,4869,5888
34031,2015,56,591,9121,238,4290,94744,508398,66350,13.24,1185,2136
34035,2015,15,144,2049,74,4141,93453,333015,113036,34.95,7536,4500
34037,2015,10,107,1683,31,2040,43611,143385,56290,37.71,5629,4625
34039,2015,52,584,9899,159,4674,110103,552949,50012,9.32,962,3478
34041,2015,7,70,1098,26,1508,35317,107071,29846,27.46,4264,4118
35001,2015,60,600,9917,79,5124,124399,674959,129354,19.52,2156,8544
35005,2015,15,117,1925,7,525,9274,65529,16396,24.98,1093,9361
35007,2015,3,18,297,3,98,1999,12387,7837,56.99,2612,4129
35009,2015,10,82,1445,5,217,4771,50206,18651,38.55,1865,10041
35013,2015,32,274,3943,22,852,16986,213567,82863,39.6,2589,9708
35025,2015,18,148,3112,7,489,9393,70848,10436,16.12,580,10121
35027,2015,9,59,1185,3,87,2008,19391,7113,34.7,790,6464
35031,2015,13,133,2520,12,493,11488,76800,43211,60.44,3324,6400
35043,2015,9,93,1461,13,679,13852,139157,47091,35.79,5232,10704
35045,2015,26,219,3617,10,762,16301,118701,46633,35.86,1794,11870
35049,2015,14,147,2729,29,1882,46381,147708,42393,29.4,3028,5093
35055,2015,8,41,700,8,361,8203,32887,12894,39.15,1612,4111
36001,2015,27,256,3679,104,4920,94653,308432,82347,27.07,3050,2966
36005,2015,224,1618,27070,1319,7948,143808,1449196,7135,0.52,32,1099
36007,2015,27,288,5069,40,2525,45360,196618,25726,12.82,953,4915
36009,2015,13,102,1662,19,623,11242,77909,5913,7.36,455,4100
36011,2015,7,72,1123,11,663,12830,78316,5281,6.6,754,7120
36013,2015,27,202,3488,30,1070,21215,130811,23906,17.72,885,4360
36015,2015,17,142,2306,15,799,15501,87120,20270,22.82,1192,5808
36017,2015,10,78,1254,9,285,5161,48979,2091,4.14,209,5442
36019,2015,16,102,1841,23,586,12731,81154,22136,26.95,1384,3528
36021,2015,17,115,2138,23,797,16438,61491,9257,14.67,545,2674
36023,2015,8,69,1062,7,405,7332,48429,5289,10.72,661,6918
36027,2015,31,278,4896,94,3425,80688,295228,101583,34.15,3277,3141
36029,2015,133,1276,21080,310,11125,210542,922957,192724,20.97,1449,2977
36031,2015,7,54,764,20,413,8777,38371,3664,9.31,523,1919
36033,2015,10,48,951,13,275,5835,50502,11851,22.97,1185,3885
36035,2015,12,112,1985,12,488,9512,53960,5406,9.73,451,4497
36037,2015,10,57,1085,11,286,6117,58810,2346,3.9,235,5346
36039,2015,11,67,1175,12,391,8632,47695,10461,21.25,951,3975
36043,2015,8,72,1174,10,341,6955,62924,12106,18.76,1513,6292
36045,2015,26,167,3275,32,824,16806,117260,19598,16.86,754,3664
36047,2015,469,2707,49427,2518,17013,357349,2624941,393,0.02,1,1042
36051,2015,13,99,1633,14,665,12419,64583,11527,17.63,887,4613
36053,2015,11,110,1928,14,516,9341,71771,14169,19.29,1288,5127
36055,2015,67,796,12051,196,11074,206936,749048,221678,29.78,3309,3822
36057,2015,8,81,1318,10,548,12450,49673,10531,20.97,1316,4967
36059,2015,95,801,12219,570,14268,350643,1359702,70135,5.24,738,2385
36061,2015,162,1450,27008,1333,20966,505265,1641168,2,0,0,1231
36063,2015,33,302,4709,36,1851,37001,212522,37906,17.51,1149,5903
36065,2015,42,561,7996,69,1792,34901,232025,38018,16.19,905,3363
36067,2015,60,794,11720,124,6529,118021,468275,94832,20.31,1581,3776
36069,2015,19,248,3947,17,1295,25649,109654,18409,17.06,969,6450
36071,2015,41,379,5980,109,4165,90573,377130,98797,26.5,2410,3460
36075,2015,20,141,2539,22,752,14932,119962,13037,10.68,652,5453
36077,2015,9,61,974,18,552,11420,60530,17995,28.9,1999,3363
36079,2015,4,19,353,34,956,20520,99265,36525,36.63,9131,2920
36081,2015,355,2158,42716,1594,13477,294674,2327228,7789,0.35,22,1460
36083,2015,15,122,2162,39,1472,33009,160101,33259,20.86,2217,4105
36085,2015,37,326,5113,245,3896,84206,473969,4249,0.91,115,1935
36087,2015,22,170,3493,106,2551,68952,325491,62648,20.1,2848,3071
36089,2015,22,160,2655,27,939,18065,110935,19450,17.37,884,4109
36091,2015,23,221,3809,29,2233,47366,226140,59805,27.23,2600,7798
36093,2015,16,170,2827,45,2278,44590,154758,36038,23.29,2252,3439
36099,2015,5,40,594,7,184,4309,34848,5344,15.16,1069,4978
36101,2015,17,115,1963,27,988,19664,97546,8214,8.3,483,3613
36103,2015,106,962,15048,514,14724,370083,1497903,380952,25.51,3594,2914
36105,2015,15,115,1793,28,735,15182,74751,7202,9.29,480,2670
36109,2015,8,64,1239,21,1248,27318,104564,14996,14.77,1875,4979
36111,2015,23,188,3566,47,2091,44975,179824,48040,26.32,2089,3826
36113,2015,9,72,1471,27,994,21122,64544,12858,19.57,1429,2391
36115,2015,11,75,1305,12,451,10010,62238,6989,11.06,635,5187
36117,2015,20,146,2273,15,616,13251,91340,13063,13.93,653,6089
36119,2015,63,599,9128,489,11505,273122,972900,140484,14.8,2230,1990
36121,2015,5,54,1505,8,343,6914,41004,9631,22.85,1926,5126
37001,2015,33,299,4459,28,1073,19330,157857,34642,22.92,1050,5638
37003,2015,7,56,759,6,234,2883,37304,2429,6.53,347,6217
37009,2015,7,52,705,4,186,3171,26900,1432,5.25,205,6725
37011,2015,7,36,770,4,276,4562,17592,116,0.65,17,4398
37013,2015,13,106,1581,10,436,7745,47543,4947,10.36,381,4754
37017,2015,9,65,907,7,215,2536,34266,2281,6.48,253,4895
37019,2015,24,183,3012,21,1125,21661,122622,16701,15.55,696,5839
37021,2015,32,323,5368,59,5047,114310,252808,51501,21.61,1609,4285
37023,2015,22,183,2533,18,659,12206,88704,26886,29.57,1222,4928
37025,2015,26,231,3676,35,1377,30067,196508,40937,23,1575,5615
37027,2015,20,143,2155,11,563,9652,81282,29875,35.98,1494,7389
37031,2015,14,125,2024,14,885,15667,68863,16740,25.18,1196,4919
37035,2015,30,270,4166,33,1430,23742,155593,33137,21.47,1105,4715
37037,2015,11,86,1154,13,545,9616,70770,3077,4.85,280,5444
37039,2015,11,80,1128,4,271,4048,27137,2071,7.54,188,6784
37045,2015,29,232,3480,18,878,14764,96924,16369,16.69,564,5385
37047,2015,19,151,2385,15,490,7716,56927,2548,4.39,134,3795
37049,2015,23,189,2798,14,740,13667,103427,29016,28.03,1262,7388
37051,2015,56,595,9037,51,2023,38635,325581,96360,30.17,1721,6384
37053,2015,5,28,541,11,222,7060,25231,3093,13.14,619,2294
37055,2015,12,86,1918,17,606,18382,35586,10375,30.59,865,2093
37057,2015,30,326,4832,34,974,19513,164196,26968,16.56,899,4829
37061,2015,17,111,1970,12,419,7265,58670,1137,1.94,67,4889
37063,2015,35,444,6659,49,2539,50906,300573,69240,25.88,1978,6134
37065,2015,14,144,2016,12,343,5653,53831,7339,12.98,524,4486
37067,2015,53,584,8480,79,3224,62649,368019,128304,36.59,2421,4658
37071,2015,39,342,5533,33,1398,25224,213366,58304,28.29,1495,6466
37081,2015,73,742,11046,112,4300,81509,517548,98823,20.23,1354,4621
37083,2015,17,181,2404,20,388,6561,52323,9040,16.53,532,2616
37085,2015,21,192,3044,19,951,14410,128124,10042,8.76,478,6743
37087,2015,12,86,1362,11,688,11117,59899,12745,21.59,1062,5445
37089,2015,12,98,1563,22,1572,25943,112327,23181,21.72,1932,5106
37091,2015,10,93,1558,7,259,4081,24108,2499,10.13,250,3444
37093,2015,9,77,1057,6,170,2517,52841,9916,21.12,1102,8807
37097,2015,30,268,4324,30,1322,23365,169992,24361,15.28,812,5666
37099,2015,7,63,1011,6,434,7527,41327,7267,18.04,1038,6888
37101,2015,25,254,5489,37,1485,25751,185733,8700,5.15,348,5020
37105,2015,15,146,2148,15,558,8411,59438,8545,14.77,570,3963
37107,2015,17,162,2396,14,603,10876,58041,7585,12.75,446,4146
37109,2015,16,109,1963,15,675,12402,80574,11164,14.26,698,5372
37111,2015,14,114,1618,10,342,5521,44963,1926,4.28,138,4496
37113,2015,6,55,757,9,335,7539,34150,2214,6.53,369,3794
37119,2015,113,1439,45254,210,9912,211570,1033466,167999,18.27,1487,4921
37123,2015,7,32,616,6,151,2107,27508,469,1.69,67,4585
37125,2015,17,130,2036,20,977,17582,94436,17936,20.32,1055,4722
37127,2015,29,240,3797,24,743,13762,93919,13818,14.42,476,3913
37129,2015,31,335,5167,48,2495,47120,219868,61146,30.17,1972,4581
37133,2015,27,260,4123,21,1014,17691,187033,53953,30.35,1998,8906
37141,2015,12,67,1227,12,662,12236,57680,3483,6.67,290,4807
37145,2015,7,83,1167,5,235,3929,39198,4049,10.26,578,7840
37147,2015,40,400,5832,27,1556,26860,176182,15523,9.23,388,6525
37151,2015,26,198,3160,21,679,11343,142553,27288,19.25,1050,6788
37153,2015,15,110,1834,11,292,4539,45436,6128,13.14,409,4131
37155,2015,36,348,5646,31,1121,17830,134292,12545,9.35,348,4332
37157,2015,23,170,2450,19,500,8052,91675,19546,20.87,850,4825
37159,2015,28,233,3720,20,802,15759,139021,34164,24.68,1220,6951
37161,2015,20,183,2816,13,505,8629,66462,14562,21.47,728,5112
37163,2015,15,164,3370,10,390,7121,63568,2715,4.28,181,6357
37165,2015,12,98,1537,6,184,3278,35418,5868,16.23,489,5903
37167,2015,15,108,1648,14,467,8461,60586,3376,5.57,225,4328
37169,2015,7,44,690,6,331,5205,46372,8299,17.51,1186,7729
37171,2015,25,217,3439,16,609,9566,72548,5700,7.74,228,4534
37173,2015,6,47,655,3,149,2493,14428,214,1.53,36,4809
37179,2015,23,201,3196,36,1403,27992,222384,31579,15.69,1373,6177
37181,2015,17,197,2842,11,372,7103,44351,4474,9.85,263,4032
37183,2015,94,1126,15998,189,10422,210972,1021974,170431,18.92,1813,5407
37189,2015,10,187,2981,9,585,9783,53024,3418,6.69,342,5892
37191,2015,28,227,3685,28,883,17937,124319,22451,18.31,802,4440
37193,2015,13,102,1636,12,435,6450,68519,7782,11.22,599,5710
37195,2015,24,263,3214,20,546,9907,81686,2978,3.67,124,4084
37197,2015,12,78,1226,7,218,3609,37563,730,1.9,61,5366
38015,2015,6,123,2409,10,656,15751,93104,17841,21.94,2974,9310
38017,2015,7,249,5276,28,1515,27903,171524,20905,13.96,2986,6126
38021,2015,3,37,313,4,57,673,5108,673,12.73,224,1277
38055,2015,3,9,138,3,68,1217,9729,4944,55.17,1648,3243
38061,2015,4,75,1034,5,126,2894,10307,1007,13.12,252,2061
38079,2015,3,41,552,5,134,1997,14662,1302,9.34,434,2932
38101,2015,4,71,1350,8,494,8735,71379,20557,33.33,5139,8922
39001,2015,11,78,1223,3,82,1444,28016,2026,7.1,184,9339
39003,2015,22,176,2814,13,513,7805,104210,19335,18.18,879,8016
39007,2015,26,185,2795,15,525,10493,98544,20657,20.35,795,6570
39009,2015,13,92,1696,11,450,10008,65699,14901,23.01,1146,5973
39011,2015,6,51,612,6,386,6522,45847,2300,5,383,7641
39013,2015,16,168,3333,18,672,14342,69039,10006,14.21,625,3836
39015,2015,12,73,1336,7,362,7523,43825,3237,7.22,270,6261
39017,2015,41,429,6062,45,2438,56600,375459,125412,34.07,3059,8344
39019,2015,8,99,1599,4,119,1591,27790,1704,5.91,213,6948
39021,2015,5,26,491,9,189,3637,38998,627,1.56,125,4333
39023,2015,23,189,3191,20,789,17822,135815,33638,24.32,1463,6791
39025,2015,24,177,2828,28,1562,33693,201791,78008,39.53,3250,7207
39027,2015,12,88,1714,8,341,8073,41852,7473,17.78,623,5232
39029,2015,23,162,2510,16,584,10144,104683,21395,19.84,930,6543
39031,2015,7,139,1566,8,226,3628,36587,6861,18.59,980,4573
39033,2015,9,58,928,7,221,4517,42330,10126,23.13,1125,6047
39035,2015,173,1718,26226,283,9422,205630,1255025,250036,19.53,1445,4435
39037,2015,11,144,1701,11,402,7238,52100,3131,5.91,285,4736
39039,2015,7,62,1021,5,228,3960,38349,5001,12.81,714,7670
39041,2015,10,129,1886,18,1544,35118,192884,46412,26.64,4641,10716
39043,2015,12,91,1688,12,362,7406,75471,21523,27.92,1794,6289
39045,2015,16,164,2710,14,954,22205,151326,30776,21.06,1924,10809
39049,2015,135,1769,29019,258,9952,234195,1250269,274663,23.61,2035,4846
39051,2015,8,69,921,7,304,4962,42477,6459,15.13,807,6068
39053,2015,10,168,1978,5,118,1791,30110,3690,11.93,369,6022
39055,2015,7,61,1464,13,960,21010,94095,18310,19.61,2616,7238
39057,2015,17,192,2924,17,1230,27477,164036,47232,29.23,2778,9649
39059,2015,10,71,1199,12,236,4431,39269,6255,15.6,626,3272
39061,2015,90,959,15106,168,7124,162281,807748,236683,29.5,2630,4808
39063,2015,8,72,1100,11,449,8585,75734,12033,16.09,1504,6885
39065,2015,5,34,463,5,146,3057,31632,3035,9.47,607,6326
39067,2015,5,39,589,5,72,978,15424,381,2.4,76,3085
39071,2015,12,83,1287,8,256,5344,43018,2456,5.64,205,5377
39075,2015,6,38,545,17,442,9586,43939,876,2.07,146,2585
39077,2015,12,88,1487,10,359,5118,58366,7390,12.39,616,5837
39079,2015,9,70,1429,9,260,4975,32546,1428,4.3,159,3616
39081,2015,15,136,2362,17,521,10120,67327,15086,21.64,1006,3960
39085,2015,30,256,4214,40,1932,42420,229262,78511,34.13,2617,5732
39089,2015,24,248,4465,21,1229,27468,170759,34314,20.61,1430,8131
39091,2015,9,73,1267,12,290,5844,45348,3676,8.02,408,3779
39093,2015,47,446,6465,52,1951,40547,305213,81349,26.99,1731,5869
39095,2015,67,1172,17365,72,3111,69780,433496,72292,16.36,1079,6021
39099,2015,47,351,6576,39,1870,34298,231767,63369,26.53,1348,5943
39101,2015,12,199,2566,12,349,8325,65232,22123,33.27,1844,5436
39103,2015,17,140,2241,22,1619,28257,176334,42335,24.57,2490,8015
39107,2015,7,53,836,7,263,3818,40947,1408,3.45,201,5850
39109,2015,17,140,2268,11,545,11017,104197,14210,13.86,836,9472
39113,2015,86,805,12506,84,3800,90328,531567,142426,26.61,1656,6328
39119,2015,18,149,2331,15,494,10193,86305,16745,19.45,930,5754
39121,2015,3,20,418,3,23,361,14325,3788,25.87,1263,4775
39123,2015,8,36,743,8,293,7319,40859,11157,26.93,1395,5107
39129,2015,7,179,1946,8,291,6217,56971,7597,13.64,1085,7121
39133,2015,21,181,2676,19,850,18561,162042,42910,26.58,2043,8529
39139,2015,27,195,3531,22,762,16766,121581,31594,25.38,1170,5526
39141,2015,15,119,2243,11,416,8585,77162,10704,13.71,714,7015
39143,2015,14,179,2189,12,451,8470,59518,6092,10,435,4960
39145,2015,19,164,2932,11,483,10444,76752,14241,17.91,750,6977
39147,2015,8,165,1764,11,379,7544,55579,7976,14.06,997,5053
39149,2015,8,59,1049,7,445,8022,48917,8220,16.63,1028,6988
39151,2015,60,521,8729,61,2872,60392,374865,108254,28.82,1804,6145
39153,2015,70,688,11027,90,5276,105588,541316,165395,30.53,2363,6015
39155,2015,46,366,6341,45,1457,28368,203631,45541,21.65,990,4525
39157,2015,21,243,3850,17,764,13469,92702,17961,19.4,855,5453
39159,2015,6,57,863,4,153,3671,54315,11123,21.27,1854,13579
39165,2015,14,142,2375,28,1723,39637,224439,75605,35.55,5400,8016
39167,2015,12,99,1863,13,487,10220,61071,5779,9.35,482,4698
39169,2015,20,262,4087,29,876,13076,116108,18588,16.23,929,4004
39171,2015,8,62,883,7,171,2621,37077,5340,14.19,668,5297
39173,2015,19,163,2565,17,606,12519,129606,41776,33.29,2199,7624
40009,2015,6,66,1292,4,147,3006,23628,2643,11.95,441,5907
40011,2015,4,38,342,3,34,609,9788,6729,56.34,1682,3263
40013,2015,12,91,1446,3,120,2002,44987,8293,19.55,691,14996
40017,2015,12,83,1443,13,276,6921,133283,26958,23.33,2247,10253
40019,2015,19,161,2908,10,196,3815,48666,4759,10.01,250,4867
40021,2015,14,128,1948,8,199,3250,48369,10475,22.29,748,6046
40027,2015,30,263,4293,51,2024,47081,274213,48391,18.92,1613,5377
40031,2015,21,180,3071,15,318,5044,124196,40133,32.34,1911,8280
40037,2015,13,113,1899,6,379,4243,70975,14638,20.92,1126,11829
40047,2015,11,151,2485,13,613,11807,63360,10122,16.71,920,4874
40051,2015,7,62,1183,6,185,2601,54556,6855,13.08,979,9093
40071,2015,10,100,1770,9,223,4025,45309,14104,30.29,1410,5034
40079,2015,18,135,2110,7,172,2674,49721,7757,15.4,431,7103
40089,2015,7,49,1092,9,241,5045,33039,5508,16.62,787,3671
40095,2015,5,40,798,4,63,1030,16228,3885,24.53,777,4057
40097,2015,10,65,1015,6,313,4121,40810,4347,10.54,435,6802
40101,2015,19,152,2352,13,300,5794,69591,10088,14.21,531,5353
40109,2015,113,937,15584,190,5358,136779,775949,150328,20.92,1330,4084
40111,2015,9,68,1113,6,141,2447,39174,9047,22.58,1005,6529
40119,2015,12,154,2559,6,217,3614,80633,16690,21.58,1391,13439
40121,2015,16,128,2117,5,135,2862,44528,19057,41.58,1191,8906
40123,2015,9,55,1028,7,94,1499,38268,8227,21.94,914,5467
40133,2015,6,37,611,6,104,1663,25486,1914,7.51,319,4248
40137,2015,12,67,1225,7,177,3257,44648,6775,15.04,565,6378
40139,2015,4,29,469,4,75,930,21365,7447,36.08,1862,5341
40143,2015,86,819,13251,93,5175,104079,638558,145919,24.18,1697,6866
40147,2015,11,104,1843,6,202,4456,52145,16509,32.39,1501,8691
41001,2015,4,41,722,6,195,3464,15963,7253,44.96,1813,2661
41005,2015,23,317,4673,65,3582,97576,401150,52466,13.95,2281,6172
41007,2015,4,39,576,15,330,8723,37795,6399,17.28,1600,2520
41009,2015,4,21,306,8,217,5104,49565,7245,14.68,1811,6196
41011,2015,6,136,1929,18,546,13494,63043,7126,11.3,1188,3502
41017,2015,11,174,3003,37,1578,40273,174942,24606,15.6,2237,4728
41019,2015,8,76,1229,26,739,16200,107525,27254,25.31,3407,4136
41029,2015,13,230,3999,37,1792,44092,213534,38777,19.08,2983,5771
41033,2015,4,71,1019,17,704,18095,84742,16478,19.92,4120,4985
41035,2015,7,102,1889,17,576,11404,65908,24263,36.55,3466,3877
41039,2015,16,241,3674,63,3312,79416,362600,63272,17.99,3955,5756
41041,2015,4,47,647,15,505,12830,46936,7837,17.02,1959,3129
41043,2015,8,120,2281,18,672,14521,120444,25681,22.01,3210,6691
41047,2015,12,204,3115,43,2009,48947,329947,45616,14.47,3801,7673
41051,2015,42,514,8004,165,6932,181183,789125,67239,9.14,1601,4783
41059,2015,5,107,1902,12,398,9754,76290,23442,30.89,4688,6358
41065,2015,3,59,1102,8,233,5426,25753,10370,41.13,3457,3219
41067,2015,20,271,3820,89,5148,132232,572759,59769,11.28,2988,6435
42003,2015,166,1465,22276,220,12854,280066,1229298,312479,25.54,1882,5588
42005,2015,12,119,1898,10,320,5019,66953,5494,7.97,458,6695
42007,2015,28,249,4009,27,992,19357,168908,62536,36.67,2233,6256
42009,2015,13,78,1206,13,428,7531,48522,3410,6.85,262,3732
42011,2015,45,400,6023,79,3610,65213,414635,66148,16.08,1470,5249
42013,2015,28,298,4280,18,1222,25861,125506,30042,23.64,1073,6973
42015,2015,13,78,1147,15,388,7420,61329,6258,9.99,481,4089
42017,2015,48,552,6878,96,8025,156514,626821,188962,30.22,3937,6529
42019,2015,26,295,5583,31,1594,29811,186441,35421,19.26,1362,6014
42021,2015,36,278,4690,32,1032,20767,136194,36953,25.72,1026,4256
42025,2015,14,134,2363,11,433,8077,63936,7213,11.05,515,5812
42027,2015,11,95,1569,17,1523,27840,160491,24826,16.12,2257,9441
42029,2015,35,364,5645,72,6054,117381,515253,198074,39.7,5659,7156
42031,2015,8,69,1161,9,222,4610,38831,2153,5.38,269,4315
42033,2015,20,146,2615,19,533,9891,80967,11299,13.84,565,4261
42035,2015,9,67,970,6,288,4831,39359,6905,17.6,767,6560
42037,2015,12,98,1597,10,787,12243,66586,6681,9.93,557,6659
42039,2015,16,125,1937,24,493,8398,86638,10527,11.86,658,3610
42041,2015,24,221,3156,38,3729,65919,246513,52826,22.44,2201,6487
42043,2015,33,337,5479,61,3110,54576,272904,85828,32.01,2601,4474
42045,2015,58,567,7661,135,5763,117037,563321,88622,15.85,1528,4173
42047,2015,6,37,560,7,181,2663,30879,3612,11.31,602,4411
42049,2015,46,352,5763,40,2318,45853,278052,75117,26.77,1633,6951
42051,2015,28,295,5351,29,1023,18792,133704,27001,19.77,964,4610
42055,2015,26,210,3299,32,1539,27905,153295,26305,17.58,1012,4790
42059,2015,8,59,1067,10,431,9992,37438,6322,16.34,790,3744
42061,2015,12,84,1220,4,319,5672,45721,931,2.03,78,11430
42063,2015,13,115,1893,9,564,8790,86977,17519,19.71,1348,9664
42065,2015,9,62,914,8,312,5054,44410,2008,4.44,223,5551
42067,2015,6,33,507,5,213,3666,24732,4489,18.22,748,4946
42069,2015,38,279,4357,45,2831,51373,212175,27069,12.62,712,4715
42071,2015,52,673,11485,106,7450,125716,536349,121279,23.35,2332,5060
42073,2015,20,185,3024,14,589,11425,88036,24199,26.56,1210,6288
42075,2015,13,126,2038,31,1519,27789,137729,19711,14.76,1516,4443
42077,2015,33,339,5741,85,4850,89980,360852,87228,24.96,2643,4245
42079,2015,53,441,7202,61,3535,58278,317812,50063,15.6,945,5210
42081,2015,18,136,2017,20,1689,29231,115829,21593,18.6,1200,5791
42083,2015,10,80,1236,12,329,6219,42416,1676,3.86,168,3535
42085,2015,22,186,2777,15,704,13342,113992,16913,14.5,769,7599
42087,2015,9,69,1051,13,429,8168,46481,2398,5.14,266,3575
42089,2015,23,220,3493,18,1856,35994,166499,49943,29.41,2171,9250
42091,2015,54,634,8958,145,11339,233518,818363,227361,28.42,4210,5644
42099,2015,8,43,668,8,435,7185,45679,5821,12.66,728,5710
42101,2015,213,1760,24960,669,11476,245014,1564964,18434,1.21,87,2339
42107,2015,21,177,3021,30,1276,21748,144321,11846,7.99,564,4811
42109,2015,11,130,1810,10,457,8299,40599,2744,6.91,249,4060
42111,2015,26,127,2026,18,410,6454,75649,12451,16.02,479,4203
42113,2015,4,25,313,3,63,597,6292,1987,30.91,497,2097
42115,2015,9,56,990,8,244,4572,41448,2173,5.01,241,5181
42117,2015,10,98,1448,9,274,4396,41633,4409,10.5,441,4626
42121,2015,11,89,1637,10,284,4931,53101,5015,9.12,456,5310
42125,2015,26,185,3072,26,1424,27794,208268,58315,28.06,2243,8010
42127,2015,11,61,945,11,606,9799,51091,1982,3.75,180,4645
42129,2015,55,460,8105,54,2677,57982,357699,118357,32.41,2152,6624
42133,2015,49,475,7561,66,4326,75803,441929,105961,24.36,2162,6696
44001,2015,5,61,1238,7,415,8443,49265,25479,51.09,5096,7038
44003,2015,22,288,5471,22,1664,40977,164618,46715,28.11,2123,7483
44005,2015,10,105,1734,16,787,19302,82916,25293,30.51,2529,5182
44007,2015,65,695,13308,138,5384,123164,632488,96381,15.38,1483,4583
44009,2015,15,180,4293,29,1608,37721,126320,40966,32.26,2731,4356
45001,2015,5,54,559,5,178,2584,24971,281,1.11,56,4994
45003,2015,41,353,5515,29,1349,27522,166111,35443,22.14,864,5728
45007,2015,46,368,5732,36,1811,33458,194532,51914,27.74,1129,5404
45009,2015,8,67,939,4,118,2486,14631,4629,28.95,579,3658
45013,2015,25,253,3908,27,1794,40998,179782,52289,32.23,2092,6659
45015,2015,26,226,3524,21,1260,26457,202776,42839,24.09,1648,9656
45019,2015,59,565,8814,90,4355,93724,389291,67780,19.35,1149,4325
45021,2015,12,96,1590,10,358,5763,56493,7921,14.31,660,5649
45023,2015,9,60,938,8,206,3653,32285,5545,16.73,616,4036
45025,2015,13,105,1545,10,310,4872,46036,6210,13.29,478,4604
45027,2015,11,63,1139,5,306,3327,33803,1767,5.05,161,6761
45029,2015,10,93,1305,9,270,5082,37740,9368,24.09,937,4193
45031,2015,23,199,3096,12,597,9706,67534,11249,16.38,489,5628
45033,2015,11,92,1401,6,186,3265,31235,3866,12.06,351,5206
45035,2015,20,179,2844,18,1289,27569,152536,26155,19.15,1308,8474
45041,2015,34,344,5150,33,1040,18399,138807,30266,22.11,890,4206
45043,2015,14,102,1687,17,948,18449,61243,12375,20.57,884,3603
45045,2015,90,735,11857,87,4537,93409,490661,163542,36.24,1817,5640
45047,2015,18,175,2664,16,646,12223,69902,12231,17.56,680,4369
45049,2015,11,72,1103,6,149,2679,20056,3680,17.45,335,3343
45051,2015,85,659,10969,59,3066,65886,309871,38348,14.24,451,5252
45055,2015,13,109,1737,7,486,6437,63521,10634,17.24,818,9074
45057,2015,15,123,2156,18,600,12187,86026,15583,20.33,1039,4779
45059,2015,18,160,2211,10,377,6342,66545,14406,21.65,800,6655
45063,2015,53,395,6690,41,2156,43156,281555,63722,24.29,1202,6867
45067,2015,13,90,1357,8,197,3229,31729,2914,8.81,224,3966
45069,2015,9,57,942,6,167,2678,27541,4578,15.82,509,4590
45071,2015,8,48,765,5,198,3537,37896,8906,23.74,1113,7579
45073,2015,17,129,2066,19,698,11462,75744,10586,14.25,623,3987
45075,2015,35,326,4843,15,553,10940,88869,11273,12.19,322,5925
45077,2015,27,189,2826,14,1194,21797,121493,33388,28,1237,8678
45079,2015,63,635,9790,61,3200,64165,406842,102671,26.7,1630,6670
45083,2015,75,587,9234,44,2489,47308,297088,89659,31.54,1195,6752
45085,2015,29,234,3797,20,1068,14193,107382,27188,25.3,938,5369
45089,2015,9,90,1242,9,270,4775,32573,2456,7.13,273,3619
45091,2015,41,330,5065,38,1943,40031,251021,49945,22.09,1218,6606
46019,2015,3,40,1033,3,88,1836,10263,2435,24.08,812,3421
46023,2015,5,25,619,4,144,1932,9374,916,10.04,183,2344
46051,2015,3,31,770,3,97,1183,7111,1311,17.82,437,2370
46081,2015,3,43,458,5,186,4044,24886,3861,16.02,1287,4977
46083,2015,5,32,432,7,417,6751,52826,4049,9.03,810,7547
46093,2015,4,42,1072,5,143,2305,27048,8632,33.94,2158,5410
46099,2015,19,191,3247,26,2647,50720,185285,31297,18.47,1647,7126
46103,2015,12,144,2863,18,653,14055,108561,28975,28.7,2415,6031
46129,2015,3,46,955,3,102,1444,5520,1560,28.69,520,1840
47001,2015,12,112,1788,11,614,11240,75698,22423,29.85,1869,6882
47003,2015,9,84,1311,8,171,3935,46940,6178,13.71,686,5868
47005,2015,5,32,462,5,65,981,16107,2221,13.47,444,3221
47009,2015,19,155,2578,15,731,14423,127142,42345,34.42,2229,8476
47011,2015,16,130,2146,16,509,12625,103907,29457,29.77,1841,6494
47013,2015,10,78,1228,8,255,3943,39728,7791,19.13,779,4966
47019,2015,11,96,1610,10,361,5523,56430,23716,41.3,2156,5643
47023,2015,5,40,519,4,97,1473,17413,2224,12.98,445,4353
47031,2015,14,110,1853,10,302,5392,54279,9076,17.19,648,5428
47035,2015,15,120,1908,9,451,8984,58278,10758,19.19,717,6475
47037,2015,96,898,14594,132,5438,130590,678323,137326,21.91,1430,5139
47043,2015,13,98,1644,9,443,8272,51461,6387,12.86,491,5718
47045,2015,11,91,1367,8,259,4165,37878,12712,33.16,1156,4735
47047,2015,7,41,635,4,172,3355,39220,2233,5.81,319,9805
47051,2015,9,65,988,7,176,3084,41514,8151,19.85,906,5931
47053,2015,16,123,1592,15,326,4642,49442,6041,12.16,378,3296
47055,2015,12,97,1452,6,97,1843,29079,3490,11.84,291,4847
47059,2015,16,124,2018,13,635,9202,68551,6490,9.43,406,5273
47061,2015,8,47,810,5,76,1898,13456,135,0.99,17,2691
47063,2015,14,111,1989,12,803,11788,63414,27609,44.14,1972,5285
47065,2015,64,546,8863,76,2700,65693,353604,138477,41.16,2164,4653
47069,2015,10,73,1023,8,125,1963,25732,7469,27.41,747,3217
47071,2015,8,66,969,7,175,3371,25718,3650,14.02,456,3674
47073,2015,8,55,991,8,421,6971,56443,11434,20.12,1429,7055
47077,2015,9,60,1052,4,115,2024,27984,3524,12.69,392,6996
47079,2015,9,138,1459,4,119,2097,32205,6160,19.05,684,8051
47091,2015,5,36,560,4,119,1720,17821,2276,12.47,455,4455
47093,2015,56,507,8924,71,4578,93765,451444,157839,36.52,2819,6358
47099,2015,15,117,1686,8,209,4039,42531,3120,7.45,208,5316
47105,2015,10,81,1340,9,396,6317,50978,14632,30.13,1463,5664
47107,2015,15,104,1577,6,287,5021,52636,6824,13.06,455,8773
47109,2015,8,52,779,4,60,792,25997,2568,9.85,321,6499
47111,2015,4,32,464,5,102,1795,23108,750,3.37,188,4622
47113,2015,31,302,4159,13,592,12222,97609,23243,23.65,750,7508
47115,2015,9,61,1127,3,128,1835,28462,2879,10.2,320,9487
47119,2015,25,174,2604,15,682,15298,87735,15063,18.61,603,5849
47123,2015,11,66,1048,10,410,7122,45677,1919,4.31,174,4568
47125,2015,34,359,5200,22,816,20603,193294,57591,33.42,1694,8786
47133,2015,5,41,737,6,110,2068,22156,295,1.33,59,3693
47139,2015,8,53,863,4,82,1160,16744,49,0.29,6,4186
47141,2015,17,150,2413,17,452,8649,74974,14568,20.14,857,4410
47143,2015,7,55,769,7,194,3907,32392,3162,9.94,452,4627
47145,2015,11,77,1279,6,348,7194,52726,13942,25.73,1267,8788
47147,2015,12,71,1429,8,299,7415,68452,4541,6.85,378,8557
47149,2015,46,413,6344,32,2094,46814,298423,65080,24.78,1415,9326
47155,2015,26,193,3867,22,1209,24024,95661,11385,12.67,438,4348
47157,2015,174,1718,26102,169,6675,148229,936131,273256,29.46,1570,5539
47163,2015,31,242,4320,21,1428,23846,156661,52032,33.18,1678,7460
47165,2015,27,291,4487,20,1206,26675,175866,47995,29.88,1778,8793
47167,2015,14,84,1285,8,365,7337,61605,11339,18.56,810,7701
47177,2015,14,143,1958,6,186,3911,40338,3313,8.32,237,6723
47179,2015,23,159,2755,20,1398,24211,126357,26994,21.95,1174,6318
47185,2015,8,55,771,5,103,2040,26495,2475,9.58,309,5299
47187,2015,14,124,1810,29,2001,49301,211674,45309,24.73,3236,7299
47189,2015,20,179,2971,20,872,20930,128772,25367,22.25,1268,6439
48015,2015,7,39,681,5,135,2410,29548,3256,11.46,465,5910
48027,2015,57,409,6723,30,1809,39741,334812,103121,33.24,1809,11160
48029,2015,186,1646,27957,170,15442,338994,1895482,451602,26.34,2428,11150
48037,2015,26,161,2900,17,693,11936,93503,20114,21.73,774,5500
48039,2015,39,291,5183,28,2512,51716,345661,69647,22.24,1786,12345
48041,2015,20,175,2694,18,1893,34341,215867,52558,26.97,2628,11993
48043,2015,4,30,535,5,136,2741,9099,2642,28.62,661,1820
48049,2015,11,69,1166,7,175,4929,37981,13832,36.3,1257,5426
48061,2015,63,478,7475,39,2525,56256,419893,100015,24.62,1588,10766
48071,2015,8,49,1362,5,130,2393,38768,6742,19.21,843,7754
48083,2015,5,32,247,3,94,1660,8333,1746,19.63,349,2778
48085,2015,51,476,7961,103,8265,185222,913079,99231,12.68,1946,8865
48097,2015,8,102,1481,4,219,5168,39110,2805,7.3,351,9778
48113,2015,283,2656,44910,400,20829,494146,2545775,393661,16.62,1391,6364
48121,2015,52,510,7902,73,4492,100788,778491,123080,18.57,2367,10664
48135,2015,26,204,4441,16,1274,33150,159689,28118,20.5,1081,9981
48139,2015,21,146,2345,15,742,15789,163474,35502,23.73,1691,10898
48141,2015,145,1287,20247,121,4823,96734,833783,143527,17.93,990,6891
48157,2015,45,383,6515,96,5655,121087,713849,148760,25.41,3306,7436
48167,2015,42,339,5377,48,2622,58367,321538,90964,31.23,2166,6699
48181,2015,27,230,3952,13,557,10201,125537,23579,19.51,873,9657
48183,2015,31,237,4170,16,1008,20630,123827,27060,22.23,873,7739
48185,2015,6,38,565,3,164,4631,27418,10651,40.04,1775,9139
48199,2015,12,65,1168,7,292,5660,55804,15880,29.07,1323,7972
48201,2015,410,3801,65722,762,37544,799118,4533341,740267,18.09,1806,5949
48203,2015,15,108,1665,8,335,7682,66606,8989,13.7,599,8326
48213,2015,26,180,2746,10,355,6836,79416,21411,27.26,824,7942
48215,2015,139,1031,16067,70,5501,118836,839314,269110,34.73,1936,11990
48221,2015,10,59,1062,6,512,12845,55344,16796,32.82,1680,9224
48245,2015,47,318,5797,45,1964,41568,254167,58383,23.14,1242,5648
48251,2015,24,177,3036,17,1033,23230,159674,33505,22.2,1396,9393
48257,2015,17,106,1830,10,699,13632,114472,8666,8.38,510,11447
48277,2015,11,106,1970,5,210,5291,49636,14616,29.35,1329,9927
48279,2015,5,38,538,6,131,2206,13342,498,3.56,100,2224
48285,2015,6,46,558,4,206,3763,19821,2747,14.26,458,4955
48291,2015,16,108,1861,10,412,8437,79696,16888,22.33,1056,7970
48293,2015,8,56,1001,5,194,4072,23421,4455,19.05,557,4684
48299,2015,5,31,498,3,125,2928,19838,5991,31.04,1198,6613
48303,2015,42,385,6005,23,3331,51952,299008,43815,15.71,1043,13000
48309,2015,48,419,6326,26,1973,41587,245203,91765,39.06,1912,9431
48321,2015,8,59,788,5,301,6308,36840,13869,37.79,1734,7368
48323,2015,16,122,1680,10,479,9567,57440,17498,32.25,1094,5744
48325,2015,8,50,763,6,180,3835,48385,10913,23.72,1364,8064
48329,2015,19,137,3178,11,1183,30039,161272,37532,27.42,1975,14661
48337,2015,5,23,366,3,93,1502,19269,3260,16.53,652,6423
48339,2015,47,377,6795,54,4484,106030,536434,94269,20.68,2006,9934
48341,2015,5,47,1052,4,143,2239,22048,6300,28.76,1260,5512
48347,2015,15,108,1939,8,393,7594,65641,18796,29.13,1253,8205
48349,2015,17,151,2311,6,299,5904,48255,11809,24.74,695,8043
48355,2015,46,435,7253,30,2966,65621,360118,110862,32.59,2410,12004
48361,2015,22,146,2477,11,551,10087,84283,20792,25.41,945,7662
48365,2015,7,22,431,3,136,2741,23717,5270,22.15,753,7906
48367,2015,15,113,1730,9,616,11341,126085,20535,17.56,1369,14009
48375,2015,25,192,3407,16,1223,19400,121374,25358,20.94,1014,7586
48381,2015,19,163,2614,10,943,15934,130283,14800,12.26,779,13028
48395,2015,6,37,652,3,101,1725,16648,5363,32.26,894,5549
48399,2015,4,18,431,3,68,1387,10528,2879,27.42,720,3509
48401,2015,10,53,1024,6,307,6085,52934,13709,25.71,1371,8822
48423,2015,40,342,5738,21,1527,34786,222478,34981,16.68,875,10594
48439,2015,202,1846,29477,245,14549,303448,1981410,463703,25.63,2296,8087
48441,2015,24,154,2849,13,1211,21869,136325,36822,28,1534,10487
48449,2015,8,49,926,5,168,3722,32689,3829,11.84,479,6538
48451,2015,16,125,2275,14,730,17799,117942,44739,40.59,2796,8424
48453,2015,76,644,12149,151,12345,306003,1174818,268244,26.19,3530,7780
48471,2015,7,50,827,10,350,8499,70507,22834,33.65,3262,7051
48479,2015,34,292,4537,28,2241,46195,268929,56255,22.47,1655,9605
48485,2015,23,188,3160,16,1069,18064,131522,48642,36.99,2115,8220
48491,2015,29,280,4382,37,4215,98596,508059,142429,33.7,4911,13731
48495,2015,3,33,636,4,74,2203,7996,63,0.88,21,1999
48497,2015,12,80,1181,5,17,335,62836,3519,5.95,293,12567
49003,2015,6,52,971,5,400,7910,51998,10095,20.2,1683,10400
49011,2015,12,133,1821,25,1656,39847,335768,94507,30.84,7876,13431
49013,2015,6,53,858,5,289,5202,20781,5147,27.66,858,4156
49019,2015,3,28,526,4,172,4621,9493,2021,21.91,674,2373
49027,2015,5,42,444,4,186,2208,12649,5024,40.18,1005,3162
49035,2015,56,734,13715,148,8676,208173,1104622,91150,8.85,1628,7464
49043,2015,3,25,501,10,595,17059,39481,9799,26.98,3266,3948
49049,2015,21,221,3101,45,3044,65876,574796,121875,23.59,5804,12773
49053,2015,14,137,2007,16,1213,24393,155450,36702,26.57,2622,9716
49057,2015,16,250,5392,30,1858,41659,243453,58289,25.21,3643,8115
50001,2015,5,17,314,15,753,11579,36934,868,2.36,174,2462
50003,2015,7,60,1184,12,591,11049,36404,4390,11.82,627,3034
50005,2015,7,43,877,9,368,6589,30791,2002,6.41,286,3421
50007,2015,10,76,1506,41,2936,58328,161466,27641,17.66,2764,3938
50011,2015,6,43,866,16,603,12581,48935,2126,4.45,354,3058
50015,2015,4,50,1170,10,456,8387,25204,578,2.36,145,2520
50017,2015,10,47,640,7,301,4766,28878,3047,10.53,305,4125
50019,2015,10,92,1749,13,435,7341,27088,3813,14,381,2084
50021,2015,12,111,1641,20,842,16044,59706,9152,14.85,763,2985
50023,2015,9,96,1811,26,1340,22144,58706,7323,12.3,814,2258
50025,2015,8,53,1124,22,754,16420,43275,4170,9.37,521,1967
50027,2015,9,134,2772,23,631,11942,55672,4783,8.44,531,2421
51001,2015,9,90,1376,9,193,3695,32995,1700,5.13,189,3666
51003,2015,5,96,1133,21,871,19953,105603,15279,15.44,3056,5029
51013,2015,10,66,1411,46,1843,73741,227897,4485,2.16,449,4954
51019,2015,9,40,751,6,366,7668,77648,6731,9.8,748,12941
51029,2015,4,27,460,4,69,1543,16996,1444,8.42,361,4249
51031,2015,14,118,1602,12,489,8204,55161,8057,14.69,576,4597
51035,2015,6,40,794,4,91,1541,29736,1441,4.8,240,7434
51041,2015,32,364,5077,45,3137,60719,335539,115426,36.5,3607,7456
51047,2015,7,64,1074,10,358,6572,49369,2633,5.64,376,4937
51059,2015,42,427,6176,194,8647,239849,1137472,205554,19,4894,5863
51061,2015,5,30,517,11,522,11232,68696,8209,12.59,1642,6245
51063,2015,3,16,226,3,117,2017,15640,4208,27.54,1403,5213
51065,2015,4,27,458,3,137,2183,26199,6381,24.84,1595,8733
51073,2015,7,79,1291,5,221,4513,37058,3765,10.21,538,7412
51083,2015,7,76,962,9,157,2989,35128,8496,23.44,1214,3903
51085,2015,9,102,1322,14,1063,20991,103171,21763,21.79,2418,7369
51087,2015,36,519,7545,67,3518,66631,325142,64089,20.88,1780,4853
51089,2015,16,133,1999,12,287,5124,51821,9194,16.98,575,4318
51105,2015,7,41,599,6,168,2367,24712,19,0.07,3,4119
51107,2015,19,229,3137,61,3592,88657,374559,40493,12.97,2131,6140
51121,2015,8,90,1249,11,749,13056,97636,13785,14.6,1723,8876
51135,2015,6,47,722,4,54,960,15651,8927,56.31,1488,3913
51139,2015,8,42,727,5,116,2152,23679,967,4.02,121,4736
51153,2015,24,253,3632,62,3348,81989,450179,87199,21.69,3633,7261
51155,2015,9,89,1378,5,343,5974,34308,5242,15.03,582,6862
51165,2015,11,72,1092,11,328,5721,78860,16615,21.77,1510,7169
51169,2015,8,50,801,8,323,4787,22160,2456,10.6,307,2770
51171,2015,10,86,1090,11,216,4076,43051,2907,6.92,291,3914
51177,2015,10,111,1839,19,693,16841,130603,28676,23.43,2868,6874
51185,2015,19,186,3025,8,440,7360,42934,8591,19.06,452,5367
51187,2015,7,57,863,7,239,5314,39147,4460,11.87,637,5592
51191,2015,13,113,1728,16,610,9326,54294,6274,11.43,483,3393
51195,2015,14,114,1817,10,591,9059,39654,3456,8.34,247,3965
51197,2015,7,56,742,6,222,3098,29191,1166,3.99,167,4865
51199,2015,8,118,1456,7,538,10558,67963,20779,31.74,2597,9709
51540,2015,4,55,886,21,1146,26553,46185,3192,7.34,798,2199
51550,2015,24,343,4581,28,1655,32006,235431,45112,20.3,1880,8408
51570,2015,5,68,947,4,254,4931,17647,3199,18.37,640,4412
51590,2015,21,214,3324,16,462,8411,42129,5597,13,267,2633
51595,2015,5,57,734,3,84,1646,5482,56,0.94,11,1827
51600,2015,5,109,1494,17,1554,38166,23723,604,2.68,121,1395
51630,2015,10,106,1435,6,566,13908,27967,2115,8.71,212,4661
51640,2015,6,85,1185,5,213,3774,6871,206,2.93,34,1374
51650,2015,21,230,3635,18,990,19062,136354,41216,29.99,1963,7575
51660,2015,12,114,1892,17,692,12903,52322,1294,2.65,108,3078
51670,2015,8,94,1420,6,147,2472,22350,8233,36.44,1029,3725
51680,2015,14,164,2620,14,738,13924,79505,12530,16.58,895,5679
51690,2015,6,68,974,4,173,3486,13577,3152,22.8,525,3394
51700,2015,23,274,3751,36,1202,25002,181985,40759,22.55,1772,5055
51710,2015,34,387,5734,41,1663,35304,246130,48194,19.85,1417,6003
51730,2015,8,81,1387,14,238,4169,32044,11993,36.99,1499,2289
51740,2015,19,207,3139,12,629,11933,96356,16356,17.12,861,8030
51760,2015,38,344,5179,62,1890,36921,219628,43858,21.48,1154,3542
51770,2015,26,217,3538,28,1004,18878,99969,17852,18.4,687,3570
51790,2015,4,31,536,9,399,7462,24338,1353,5.7,338,2704
51800,2015,10,100,1466,13,614,12282,88116,18259,21.59,1826,6778
51810,2015,43,522,7585,74,4189,85138,451854,71829,16.4,1670,6106
51820,2015,7,71,1000,8,464,9437,21588,2565,12.21,366,2699
51840,2015,7,50,723,8,364,7308,27358,4314,16.46,616,3420
53005,2015,11,315,5614,28,1293,29822,190337,32503,18.55,2955,6798
53007,2015,6,113,2374,22,613,15151,75442,14894,20.56,2482,3429
53009,2015,5,83,2094,14,668,18743,73522,17165,24.04,3433,5252
53011,2015,12,206,2825,61,3012,80309,458394,87201,20.5,7267,7515
53015,2015,7,169,3663,12,593,16148,103378,23079,22.54,3297,8615
53019,2015,3,14,143,3,52,1599,7584,3669,48.59,1223,2528
53025,2015,6,98,1769,29,704,15792,93124,19379,21.75,3230,3211
53027,2015,6,83,2009,29,534,13604,71023,23670,32.51,3945,2449
53033,2015,63,997,15153,535,20274,570214,2114256,317784,16.45,5044,3952
53035,2015,9,149,1946,47,2111,53597,260514,82379,32.8,9153,5543
53041,2015,4,104,2544,26,713,16973,75754,17642,23.38,4411,2914
53045,2015,3,42,837,12,333,9112,61036,5278,8.7,1759,5086
53053,2015,32,513,7320,158,5159,144186,842676,260287,32.73,8134,5333
53057,2015,6,97,1621,25,914,24534,121724,30163,25.8,5027,4869
53061,2015,22,360,5453,156,6061,163929,770165,164801,23.1,7491,4937
53063,2015,23,390,6540,77,4088,105546,490526,74391,15.79,3234,6370
53065,2015,3,22,400,9,303,7275,43800,12943,29.73,4314,4867
53067,2015,7,157,2119,54,1787,50624,269183,78866,31.26,11267,4985
53073,2015,10,142,1660,42,2164,48396,212164,57080,28.38,5708,5052
53077,2015,9,173,2695,69,1865,40425,248115,32417,13.33,3602,3596
54003,2015,14,156,2115,10,674,13618,111635,22140,21.25,1581,11164
54005,2015,6,58,1028,5,162,3265,23263,1616,6.56,269,4653
54011,2015,24,217,3766,15,604,11865,96653,12920,13.41,538,6444
54019,2015,12,87,1421,9,238,4837,44822,6937,15.07,578,4980
54023,2015,3,20,295,4,65,1003,11765,2551,21.37,850,2941
54025,2015,15,109,2056,5,250,5294,35433,6494,18.3,433,7087
54033,2015,20,161,2801,12,463,9634,68570,8457,12.24,423,5714
54037,2015,8,50,684,7,440,8592,56199,2348,4.39,294,8028
54039,2015,50,367,6604,34,1446,29690,188207,46875,24.28,938,5536
54041,2015,4,24,419,4,118,2390,16447,881,5.38,220,4112
54047,2015,7,64,979,7,131,2826,19698,251,1.14,36,2814
54049,2015,13,89,1630,10,332,6243,56771,8777,15.56,675,5677
54051,2015,7,65,1015,5,227,4704,32126,7895,23.85,1128,6425
54055,2015,18,140,2220,9,375,7552,61043,12510,20.09,695,6783
54057,2015,7,48,770,7,208,3840,27413,3343,11.85,478,3916
54059,2015,6,30,600,5,52,912,25249,1389,5.18,232,5050
54061,2015,11,98,1710,17,771,16187,103991,20609,21.43,1874,6117
54067,2015,9,59,1017,7,162,2081,25547,1716,6.54,191,3650
54069,2015,7,41,822,12,424,8368,42893,11267,25.35,1610,3574
54077,2015,6,68,1635,4,76,1284,33744,7494,22.36,1249,8436
54079,2015,10,112,1687,9,289,5293,56799,11851,21.36,1185,6311
54081,2015,21,177,3039,15,516,10880,77433,25837,32.76,1230,5162
54083,2015,8,69,1047,6,159,3375,29174,2609,8.87,326,4862
54107,2015,19,176,4095,11,397,7827,86254,18521,21.3,975,7841
54109,2015,7,74,1125,6,134,2092,22152,1981,8.32,283,3692
55003,2015,3,34,340,6,148,3176,15883,4577,28.33,1526,2647
55005,2015,10,232,4605,14,468,7784,45474,3618,7.89,362,3248
55009,2015,19,509,10371,34,2534,39106,258520,56961,22.97,2998,7604
55017,2015,10,231,4469,9,425,7210,63535,9248,14.82,925,7059
55019,2015,6,42,972,8,178,2260,34441,1492,4.3,249,4305
55023,2015,4,45,1112,5,88,1576,16394,2123,12.76,531,3279
55025,2015,25,534,8262,79,5339,107439,522878,98626,20.21,3945,6619
55027,2015,11,352,6334,12,652,10706,88434,11447,12.9,1041,7370
55029,2015,3,39,843,12,289,6468,27540,2612,9.4,871,2295
55035,2015,10,98,1379,15,953,15241,102119,22573,22.86,2257,6808
55039,2015,13,212,4215,13,1061,17682,101943,21384,21.04,1645,7842
55043,2015,9,202,3100,14,329,4462,52303,5782,11.29,642,3736
55045,2015,7,109,2092,9,254,4782,37153,5301,14.39,757,4128
55053,2015,4,34,822,4,57,1187,20589,6750,33.01,1688,5147
55055,2015,7,38,545,13,613,10428,84640,6378,7.62,911,6511
55059,2015,14,130,1816,31,1357,27727,168168,40347,24.24,2882,5425
55061,2015,4,46,919,4,207,3239,20381,119,0.58,30,5095
55063,2015,5,208,3420,12,1455,24375,118060,24962,21.77,4992,9838
55069,2015,5,37,509,5,323,5800,27966,3734,12.99,747,5593
55071,2015,8,194,4369,9,681,10571,79717,13763,16.9,1720,8857
55073,2015,14,263,5140,27,1189,20393,135782,30171,22.5,2155,5029
55075,2015,7,48,725,8,410,6499,40854,10964,26.26,1566,5107
55079,2015,78,987,15232,231,7228,152037,956314,84255,8.89,1080,4140
55081,2015,9,86,1237,6,114,2415,45519,7777,17.41,864,7587
55083,2015,8,76,1573,5,229,3905,37512,4267,11.33,533,7502
55085,2015,5,28,531,9,521,8487,35540,3441,9.56,688,3949
55087,2015,18,400,7821,25,1763,29775,183264,20562,11.64,1142,7331
55095,2015,8,69,1276,13,360,6149,43437,907,2.05,113,3341
55097,2015,6,212,4262,7,565,8834,70534,13165,18.8,2194,10076
55099,2015,6,44,978,4,171,2976,13659,1633,11.53,272,3415
55101,2015,16,285,4215,37,1753,32077,194917,59629,30.51,3727,5268
55105,2015,18,324,5666,21,1134,22465,161334,46351,28.91,2575,7683
55109,2015,7,214,4052,9,509,10976,87502,10778,12.78,1540,9722
55111,2015,11,256,4995,14,500,8905,63646,3554,5.73,323,4546
55115,2015,7,38,631,9,268,4153,41206,4105,9.79,586,4578
55117,2015,10,249,4588,21,1083,16612,115591,10749,9.31,1075,5504
55121,2015,7,81,1615,7,188,2627,29552,334,1.16,48,4222
55125,2015,6,44,1001,9,333,5211,21391,1383,6.45,231,2377
55129,2015,5,44,700,5,232,4228,15556,2822,17.74,564,3111
55133,2015,17,332,6351,60,4326,91169,396311,139441,35.76,8202,6605
55135,2015,11,294,6718,8,518,8072,51925,6215,11.86,565,6491
55137,2015,7,63,1330,8,180,2942,24041,401,1.64,57,3005
55139,2015,14,254,4821,14,1243,19390,169565,34475,20.64,2463,12112
55141,2015,6,166,3812,13,667,10529,73288,17934,23.99,2989,5638
56005,2015,4,84,1465,5,395,6663,49333,10762,23.33,2691,9867
56007,2015,7,67,1197,4,129,3900,15554,8589,54.07,1227,3889
56013,2015,8,96,2070,8,405,9088,40355,5270,13.13,659,5044
56021,2015,10,84,1136,10,635,13946,97183,31924,34.8,3192,9718
56023,2015,7,70,736,6,186,3966,18757,2479,13.69,354,3126
56025,2015,6,55,960,8,562,12233,82191,32267,42.77,5378,10274